"player","position","season","Team","GP","TOI","TOI_GP","TOI_perc","OZS","NZS","DZS","OZS_perc","NZS_perc","DZS_perc","ZS_rate"
"AARON.GAGNON","F","20122013","WPG",10,73.27,7.33,14.41,16,24,29,23.19,34.78,42.03,35.56
"AARON.JOHNSON","D","20122013","BOS",10,138.4,13.84,27.26,46,40,32,38.98,33.9,27.12,58.97
"AARON.PALUSHAJ","F","20122013","COL",25,263.12,10.52,20.7,82,84,87,32.41,33.2,34.39,48.52
"AARON.ROME","D","20122013","DAL",27,366.13,13.56,28.3,100,138,133,26.95,37.2,35.85,42.92
"AARON.VOLPATTI","F","20122013","VAN",16,114.73,7.17,15.18,21,41,41,20.39,39.81,39.81,33.87
"AARON.VOLPATTI","F","20122013","WSH",17,156.35,9.2,18.31,37,58,40,27.41,42.96,29.63,48.05
"ADAM.BURISH","F","20122013","S.J",46,422.57,9.19,18.3,101,132,170,25.06,32.75,42.18,37.27
"ADAM.CRACKNELL","F","20122013","STL",20,170.95,8.55,17.07,36,46,41,29.27,37.4,33.33,46.75
"ADAM.HALL","F","20122013","CAR",6,56.57,9.43,18.07,8,12,18,21.05,31.58,47.37,30.77
"ADAM.HALL","F","20122013","PHI",11,92.22,8.38,17.31,12,38,49,12.12,38.38,49.49,19.67
"ADAM.HALL","F","20122013","T.B",20,160.53,8.03,16.56,11,70,100,6.08,38.67,55.25,9.91
"ADAM.HENRIQUE","F","20122013","N.J",42,564.55,13.44,27.48,158,219,175,28.62,39.67,31.7,47.45
"ADAM.LARSSON","D","20122013","N.J",37,615.33,16.63,34.07,153,216,156,29.14,41.14,29.71,49.51
"ADAM.MCQUAID","D","20122013","BOS",32,436.77,13.65,27.64,139,167,115,33.02,39.67,27.32,54.72
"ADAM.PARDY","D","20122013","BUF",17,258.35,15.2,30.25,59,74,70,29.06,36.45,34.48,45.74
"ADRIAN.AUCOIN","D","20122013","CBJ",36,532.97,14.8,29.13,162,157,154,34.25,33.19,32.56,51.27
"AKIM.ALIU","F","20122013","CGY",5,50.55,10.11,22.12,10,20,19,20.41,40.82,38.78,34.48
"ALEC.MARTINEZ","D","20122013","L.A",27,374.75,13.88,28.39,129,122,74,39.69,37.54,22.77,63.55
"ALES.HEMSKY","F","20122013","EDM",38,484.25,12.74,26.31,166,154,156,34.87,32.35,32.77,51.55
"ALEX.BOLDUC","F","20122013","ARI",14,104.68,7.48,15.03,36,35,17,40.91,39.77,19.32,67.92
"ALEX.BURMISTROV","F","20122013","WPG",44,576.8,13.11,26.15,141,181,126,31.47,40.4,28.12,52.81
"ALEX.BURROWS","F","20122013","VAN",47,647.53,13.78,28.05,283,201,177,42.81,30.41,26.78,61.52
"ALEX.CHIASSON","F","20122013","DAL",7,86.95,12.42,25.35,37,37,18,40.22,40.22,19.57,67.27
"ALEX.EDLER","D","20122013","VAN",45,809.47,17.99,36.58,310,301,239,36.47,35.41,28.12,56.47
"ALEXEI.EMELIN","D","20122013","MTL",38,647.92,17.05,35.42,198,260,191,30.51,40.06,29.43,50.9
"ALEXEI.PONIKAROVSKY","F","20122013","N.J",30,380.42,12.68,25.81,131,134,88,37.11,37.96,24.93,59.82
"ALEXEI.PONIKAROVSKY","F","20122013","WPG",12,132.9,11.08,22.49,36,45,37,30.51,38.14,31.36,49.32
"ALEX.GALCHENYUK","F","20122013","MTL",48,535.72,11.16,23.48,183,190,129,36.45,37.85,25.7,58.65
"ALEX.GOLIGOSKI","D","20122013","DAL",47,835.08,17.77,37.11,238,280,217,32.38,38.1,29.52,52.31
"ALEX.KILLORN","F","20122013","T.B",38,512.47,13.49,27.16,139,197,147,28.78,40.79,30.43,48.6
"ALEX.KOVALEV","F","20122013","FLA",14,174.3,12.45,26.15,59,52,40,39.07,34.44,26.49,59.6
"ALEX.OVECHKIN","F","20122013","WSH",48,759.35,15.82,32.19,273,223,228,37.71,30.8,31.49,54.49
"ALEX.PETROVIC","D","20122013","FLA",6,106.27,17.71,34.05,41,37,16,43.62,39.36,17.02,71.93
"ALEX.PIETRANGELO","D","20122013","STL",47,876.07,18.64,37.95,301,322,280,33.33,35.66,31.01,51.81
"ALEX.SEMIN","F","20122013","CAR",44,706.92,16.07,33.08,264,283,198,35.44,37.99,26.58,57.14
"ALEX.STEEN","F","20122013","STL",40,572.45,14.31,29.09,203,198,175,35.24,34.38,30.38,53.7
"ALEX.SULZER","D","20122013","BUF",17,258.62,15.21,32.02,84,102,71,32.68,39.69,27.63,54.19
"ALEX.TANGUAY","F","20122013","CGY",40,584.58,14.61,29.84,185,237,236,28.12,36.02,35.87,43.94
"ANDREAS.LILJA","D","20122013","PHI",4,60.25,15.06,30.88,14,19,25,24.14,32.76,43.1,35.9
"ANDREAS.NODL","F","20122013","CAR",8,62.2,7.78,17.27,20,25,12,35.09,43.86,21.05,62.5
"ANDRE.BENOIT","D","20122013","OTT",33,459.28,13.92,28.69,150,141,126,35.97,33.81,30.22,54.35
"ANDREI.LOKTIONOV","F","20122013","N.J",28,348.82,12.46,25.03,99,106,74,35.48,37.99,26.52,57.23
"ANDREI.MARKOV","D","20122013","MTL",48,799.6,16.66,35.04,273,331,262,31.52,38.22,30.25,51.03
"ANDREJ.MESZAROS","D","20122013","PHI",11,164.5,14.95,31.78,38,45,52,28.15,33.33,38.52,42.22
"ANDREJ.SEKERA","D","20122013","BUF",37,663.83,17.94,36.43,188,227,204,30.37,36.67,32.96,47.96
"ANDREW.ALBERTS","D","20122013","VAN",24,331.38,13.81,27.52,63,84,86,27.04,36.05,36.91,42.28
"ANDREW.COGLIANO","F","20122013","ANA",48,637.8,13.29,26.64,173,277,207,26.33,42.16,31.51,45.53
"ANDREW.DESJARDINS","F","20122013","S.J",42,375.27,8.93,17.85,88,122,108,27.67,38.36,33.96,44.9
"ANDREW.EBBETT","F","20122013","VAN",28,306.78,10.96,22.34,63,98,110,23.25,36.16,40.59,36.42
"ANDREW.FERENCE","D","20122013","BOS",48,811.83,16.91,33.79,255,267,240,33.46,35.04,31.5,51.52
"ANDREW.GORDON","F","20122013","VAN",6,50.48,8.41,16.44,7,12,14,21.21,36.36,42.42,33.33
"ANDREW.LADD","F","20122013","WPG",48,732.02,15.25,30.21,222,301,223,29.76,40.35,29.89,49.89
"ANDREW.MACDONALD","D","20122013","NYI",48,907.23,18.9,37.39,239,333,272,28.32,39.45,32.23,46.77
"ANDREW.SHAW","F","20122013","CHI",48,609.58,12.7,25.42,172,175,154,34.33,34.93,30.74,52.76
"ANDY.GREENE","D","20122013","N.J",48,869,18.1,37.12,241,313,256,29.75,38.64,31.6,48.49
"ANDY.MCDONALD","F","20122013","STL",37,502.7,13.59,27.58,185,152,109,41.48,34.08,24.44,62.93
"ANTOINE.ROUSSEL","F","20122013","DAL",39,334.33,8.57,17.68,78,116,110,25.66,38.16,36.18,41.49
"ANTOINE.VERMETTE","F","20122013","ARI",48,658.8,13.72,27.77,224,207,198,35.61,32.91,31.48,53.08
"ANTON.BABCHUK","D","20122013","CGY",7,79.53,11.36,23.49,25,31,29,29.41,36.47,34.12,46.3
"ANTON.LANDER","F","20122013","EDM",11,100.5,9.14,18.95,24,26,21,33.8,36.62,29.58,53.33
"ANTON.STRALMAN","D","20122013","NYR",48,765.77,15.95,31.97,251,239,188,37.02,35.25,27.73,57.18
"ANTON.VOLCHENKOV","D","20122013","N.J",37,477.45,12.9,26.47,128,152,111,32.74,38.87,28.39,53.56
"ANTTI.MIETTINEN","F","20122013","WPG",22,264.83,12.04,23.38,81,94,61,34.32,39.83,25.85,57.04
"ANZE.KOPITAR","F","20122013","L.A",47,742.27,15.79,31.84,269,272,211,35.77,36.17,28.06,56.04
"ARRON.ASHAM","F","20122013","NYR",27,174.72,6.47,13.08,37,54,54,25.52,37.24,37.24,40.66
"ARTEM.ANISIMOV","F","20122013","CBJ",35,452.78,12.94,25.66,129,196,156,26.82,40.75,32.43,45.26
"AUSTIN.WATSON","F","20122013","NSH",6,66.37,11.06,21.12,14,23,14,27.45,45.1,27.45,50
"BARRET.JACKMAN","D","20122013","STL",46,743.87,16.17,32.84,188,238,255,27.61,34.95,37.44,42.44
"BEAU.BENNETT","F","20122013","PIT",26,276.47,10.63,21.58,87,91,61,36.4,38.08,25.52,58.78
"BEN.EAGER","F","20122013","EDM",14,133.98,9.57,19.96,35,43,52,26.92,33.08,40,40.23
"BEN.HANOWSKI","F","20122013","CGY",5,64.62,12.92,24.91,16,16,27,27.12,27.12,45.76,37.21
"BEN.LOVEJOY","D","20122013","ANA",32,528.23,16.51,32.95,171,193,180,31.43,35.48,33.09,48.72
"BENOIT.POULIOT","F","20122013","T.B",34,384.28,11.3,23.35,120,178,124,28.44,42.18,29.38,49.18
"BEN.STREET","F","20122013","CGY",6,71.15,11.86,23.53,18,16,23,31.58,28.07,40.35,43.9
"B.J..CROMBEEN","F","20122013","T.B",44,407.88,9.27,18.94,68,172,154,17.26,43.65,39.09,30.63
"BLAIR.JONES","F","20122013","CGY",15,149.52,9.97,20.06,37,37,46,30.83,30.83,38.33,44.58
"BLAKE.COMEAU","F","20122013","CBJ",9,99.83,11.09,21.25,34,32,22,38.64,36.36,25,60.71
"BLAKE.COMEAU","F","20122013","CGY",33,346.05,10.49,21.53,100,124,102,30.67,38.04,31.29,49.5
"BLAKE.WHEELER","F","20122013","WPG",48,742.33,15.47,30.64,230,285,229,30.91,38.31,30.78,50.11
"BOBBY.BUTLER","F","20122013","N.J",14,108.98,7.78,16.58,24,34,25,28.92,40.96,30.12,48.98
"BOBBY.BUTLER","F","20122013","NSH",20,195.23,9.76,19.23,53,69,39,32.92,42.86,24.22,57.61
"BOBBY.RYAN","F","20122013","ANA",46,649.77,14.13,28.31,211,193,179,36.19,33.1,30.7,54.1
"BOBBY.SANGUINETTI","D","20122013","CAR",37,478.45,12.93,26.25,171,143,112,40.14,33.57,26.29,60.42
"BOYD.GORDON","F","20122013","ARI",48,568.62,11.85,23.97,127,212,278,20.58,34.36,45.06,31.36
"BRAD.BOYES","F","20122013","NYI",48,704.53,14.68,29.03,248,238,163,38.21,36.67,25.12,60.34
"BRAD.MALONE","F","20122013","COL",13,109.42,8.42,16.96,32,25,29,37.21,29.07,33.72,52.46
"BRAD.MARCHAND","F","20122013","BOS",45,616.78,13.71,27.36,215,233,202,33.08,35.85,31.08,51.56
"BRAD.RICHARDS","F","20122013","NYR",46,697.75,15.17,30.47,282,228,169,41.53,33.58,24.89,62.53
"BRAD.RICHARDSON","F","20122013","L.A",16,164.07,10.25,20.41,50,34,34,42.37,28.81,28.81,59.52
"BRAD.STAUBITZ","F","20122013","ANA",15,93,6.2,12.61,30,25,27,36.59,30.49,32.93,52.63
"BRAD.STUART","D","20122013","S.J",48,838.65,17.47,34.72,267,298,299,30.9,34.49,34.61,47.17
"BRANDON.BOLLIG","F","20122013","CHI",25,196.32,7.85,15.54,75,55,48,42.13,30.9,26.97,60.98
"BRANDON.DUBINSKY","F","20122013","CBJ",29,377.97,13.03,26.26,114,136,109,31.75,37.88,30.36,51.12
"BRANDON.MANNING","D","20122013","PHI",6,88.37,14.73,30.08,20,32,30,24.39,39.02,36.59,40
"BRANDON.PRUST","F","20122013","MTL",38,424.9,11.18,23.43,115,175,135,27.06,41.18,31.76,46
"BRANDON.SAAD","F","20122013","CHI",46,632.17,13.74,27.43,213,302,159,31.6,44.81,23.59,57.26
"BRANDON.SUTTER","F","20122013","PIT",48,629.68,13.12,26.98,148,215,230,24.96,36.26,38.79,39.15
"BRANDON.YIP","F","20122013","NSH",34,378,11.12,22.24,85,126,114,26.15,38.77,35.08,42.71
"BRAYDEN.SCHENN","F","20122013","PHI",47,604.03,12.85,27.06,183,204,164,33.21,37.02,29.76,52.74
"BRAYDON.COBURN","D","20122013","PHI",33,606.93,18.39,39.06,149,233,229,24.39,38.13,37.48,39.42
"BRENDAN.GALLAGHER","F","20122013","MTL",44,498.52,11.33,23.86,216,211,105,40.6,39.66,19.74,67.29
"BRENDAN.SMITH","D","20122013","DET",34,539.58,15.87,32.71,177,155,133,38.06,33.33,28.6,57.1
"BRENDEN.DILLON","D","20122013","DAL",48,872.82,18.18,37.94,215,279,280,27.78,36.05,36.18,43.43
"BRENDEN.MORROW","F","20122013","DAL",29,343.27,11.84,25.09,89,100,104,30.38,34.13,35.49,46.11
"BRENDEN.MORROW","F","20122013","PIT",15,195.6,13.04,26.43,46,72,63,25.41,39.78,34.81,42.2
"BRENT.BURNS","D","20122013","S.J",30,420.12,14,27.37,157,144,130,36.43,33.41,30.16,54.7
"BRENT.SEABROOK","D","20122013","CHI",47,806.7,17.16,34.36,267,320,211,33.46,40.1,26.44,55.86
"BRETT.BELLEMORE","D","20122013","CAR",8,93.77,11.72,24.67,33,31,34,33.67,31.63,34.69,49.25
"BRETT.CARSON","D","20122013","CGY",10,105.45,10.54,21.28,42,40,24,39.62,37.74,22.64,63.64
"BRETT.CLARK","D","20122013","MIN",8,102.6,12.82,25.15,37,26,18,45.68,32.1,22.22,67.27
"BRIAN.BOYLE","F","20122013","NYR",38,441.37,11.62,23.29,100,126,157,26.11,32.9,40.99,38.91
"BRIAN.CAMPBELL","D","20122013","FLA",48,973.37,20.28,40.57,325,343,207,37.14,39.2,23.66,61.09
"BRIAN.FLYNN","F","20122013","BUF",26,335.62,12.91,25.95,94,106,84,33.1,37.32,29.58,52.81
"BRIAN.GIONTA","F","20122013","MTL",48,679.08,14.15,29.76,209,302,226,28.36,40.98,30.66,48.05
"BRIAN.LASHOFF","D","20122013","DET",31,471.22,15.2,30.97,153,151,125,35.66,35.2,29.14,55.04
"BRIAN.LEE","D","20122013","T.B",22,298.15,13.55,28.6,63,107,80,25.2,42.8,32,44.06
"BRIAN.MCGRATTAN","F","20122013","CGY",19,136.12,7.16,14.07,39,51,29,32.77,42.86,24.37,57.35
"BRIAN.STRAIT","D","20122013","NYI",19,293.43,15.44,31.28,90,113,66,33.46,42.01,24.54,57.69
"BROOKS.LAICH","F","20122013","WSH",9,118.92,13.21,26.24,31,58,36,24.8,46.4,28.8,46.27
"BROOKS.ORPIK","D","20122013","PIT",46,857.68,18.65,38.46,247,368,298,27.05,40.31,32.64,45.32
"BRUNO.GERVAIS","D","20122013","PHI",37,586.73,15.86,33.42,147,212,167,27.95,40.3,31.75,46.82
"BRYAN.ALLEN","D","20122013","ANA",41,675.48,16.48,33.32,187,243,193,30.02,39,30.98,49.21
"BRYAN.BICKELL","F","20122013","CHI",48,592.83,12.35,24.72,175,174,128,36.69,36.48,26.83,57.76
"BRYAN.LITTLE","F","20122013","WPG",48,737.82,15.37,30.45,212,302,262,27.32,38.92,33.76,44.73
"BRYCE.SALVADOR","D","20122013","N.J",39,677.42,17.37,35.62,173,287,199,26.25,43.55,30.2,46.51
"CAL.CLUTTERBUCK","F","20122013","MIN",42,491.27,11.7,23.68,117,191,169,24.53,40.04,35.43,40.91
"CAM.ATKINSON","F","20122013","CBJ",35,470.55,13.44,25.73,141,173,127,31.97,39.23,28.8,52.61
"CAM.BARKER","D","20122013","VAN",14,188.9,13.49,27.04,71,45,56,41.28,26.16,32.56,55.91
"CAM.FOWLER","D","20122013","ANA",37,631.58,17.07,33.94,190,209,179,32.87,36.16,30.97,51.49
"CARL.GUNNARSSON","D","20122013","TOR",37,653.57,17.66,35.87,173,267,260,24.71,38.14,37.14,39.95
"CARL.HAGELIN","F","20122013","NYR",48,734.65,15.31,30.67,240,259,229,32.97,35.58,31.46,51.17
"CARLO.COLAIACOVO","D","20122013","DET",6,94.47,15.74,32.86,37,26,26,41.57,29.21,29.21,58.73
"CARL.SODERBERG","F","20122013","BOS",6,72.78,12.13,23.88,15,20,21,26.79,35.71,37.5,41.67
"CASEY.CIZIKAS","F","20122013","NYI",45,448.35,9.96,19.68,96,177,117,24.62,45.38,30,45.07
"CHAD.LAROSE","F","20122013","CAR",35,397.73,11.36,23.66,143,141,122,35.22,34.73,30.05,53.96
"CHAD.RUHWEDEL","D","20122013","BUF",7,98.2,14.03,26.61,29,35,24,32.95,39.77,27.27,54.72
"CHARLIE.COYLE","F","20122013","MIN",37,491.02,13.27,27.35,197,206,109,38.48,40.23,21.29,64.38
"CHRIS.BOURQUE","F","20122013","BOS",18,177.67,9.87,20.73,57,63,49,33.73,37.28,28.99,53.77
"CHRIS.BUTLER","D","20122013","CGY",44,654.28,14.87,30.22,173,209,206,29.42,35.54,35.03,45.65
"CHRIS.CONNER","F","20122013","ARI",12,132.28,11.02,22.13,47,38,40,37.6,30.4,32,54.02
"CHRIS.HIGGINS","F","20122013","VAN",41,550.9,13.44,27.44,144,206,173,27.53,39.39,33.08,45.43
"CHRIS.KELLY","F","20122013","BOS",34,417.52,12.28,25.04,103,139,202,23.2,31.31,45.5,33.77
"CHRIS.KREIDER","F","20122013","NYR",23,213.75,9.29,18.62,58,71,33,35.8,43.83,20.37,63.74
"CHRIS.KUNITZ","F","20122013","PIT",48,664,13.83,28.45,202,258,228,29.36,37.5,33.14,46.98
"CHRIS.MUELLER","F","20122013","NSH",18,181.9,10.11,19.78,43,55,90,22.87,29.26,47.87,32.33
"CHRIS.NEIL","F","20122013","OTT",48,577.37,12.03,24.8,182,222,185,30.9,37.69,31.41,49.59
"CHRIS.PHILLIPS","D","20122013","OTT",48,766.08,15.96,32.91,246,273,228,32.93,36.55,30.52,51.9
"CHRIS.PORTER","F","20122013","STL",29,301.32,10.39,20.87,76,89,93,29.46,34.5,36.05,44.97
"CHRIS.STEWART","F","20122013","STL",48,630.75,13.14,26.73,196,187,166,35.7,34.06,30.24,54.14
"CHRIS.SUMMERS","D","20122013","ARI",6,63.15,10.53,22.61,16,25,19,26.67,41.67,31.67,45.71
"CHRIS.TANEV","D","20122013","VAN",38,587.67,15.46,31.53,160,204,180,29.41,37.5,33.09,47.06
"CHRIS.THORBURN","F","20122013","WPG",42,252.57,6.01,11.97,66,65,81,31.13,30.66,38.21,44.9
"CHRISTIAN.EHRHOFF","D","20122013","BUF",47,903.05,19.21,39.26,278,332,273,31.48,37.6,30.92,50.45
"CHRIS.VANDEVELDE","F","20122013","EDM",11,66.53,6.05,12.46,16,14,12,38.1,33.33,28.57,57.14
"CHUCK.KOBASEW","F","20122013","COL",37,345.03,9.33,18.75,90,124,78,30.82,42.47,26.71,53.57
"CLARKE.MACARTHUR","F","20122013","TOR",40,522.12,13.05,26.73,135,171,159,29.03,36.77,34.19,45.92
"CLAUDE.GIROUX","F","20122013","PHI",48,727.98,15.17,31.93,236,313,262,29.1,38.59,32.31,47.39
"CLAYTON.STONER","D","20122013","MIN",48,768.67,16.01,32.83,192,294,220,27.2,41.64,31.16,46.6
"CODY.EAKIN","F","20122013","DAL",48,577.45,12.03,25.1,169,196,148,32.94,38.21,28.85,53.31
"CODY.FRANSON","D","20122013","TOR",45,667.28,14.83,30.09,185,200,222,30.48,32.95,36.57,45.45
"CODY.GOLOUBEF","D","20122013","CBJ",11,160.12,14.56,28.75,49,46,43,35.51,33.33,31.16,53.26
"CODY.HODGSON","F","20122013","BUF",48,675.3,14.07,28.73,226,237,253,31.56,33.1,35.34,47.18
"CODY.MCLEOD","F","20122013","COL",48,528.22,11,22.32,138,158,117,33.41,38.26,28.33,54.12
"COLBY.ARMSTRONG","F","20122013","MTL",37,340.5,9.2,19.22,60,116,117,20.48,39.59,39.93,33.9
"COLBY.ROBAK","D","20122013","FLA",16,214.13,13.38,26.56,61,69,59,32.28,36.51,31.22,50.83
"COLIN.FRASER","F","20122013","L.A",34,292.92,8.62,17.54,68,63,45,38.64,35.8,25.57,60.18
"COLIN.GREENING","F","20122013","OTT",47,590.42,12.56,25.89,175,211,157,32.23,38.86,28.91,52.71
"COLIN.MCDONALD","F","20122013","NYI",45,496.28,11.03,21.74,119,205,144,25.43,43.8,30.77,45.25
"COLIN.WILSON","F","20122013","NSH",25,345.22,13.81,27.58,81,102,81,30.68,38.64,30.68,50
"COLTON.GILLIES","F","20122013","CBJ",27,222.83,8.25,16.43,56,70,64,29.47,36.84,33.68,46.67
"COLTON.ORR","F","20122013","TOR",44,277.82,6.31,12.92,87,101,85,31.87,37,31.14,50.58
"COREY.PERRY","F","20122013","ANA",44,651.2,14.8,29.83,197,223,207,31.42,35.57,33.01,48.76
"COREY.POTTER","D","20122013","EDM",33,476.57,14.44,29.91,125,140,145,30.49,34.15,35.37,46.3
"CORY.CONACHER","F","20122013","OTT",12,129.97,10.83,22.7,42,34,17,45.16,36.56,18.28,71.19
"CORY.CONACHER","F","20122013","T.B",35,421.53,12.04,24.98,143,144,126,34.62,34.87,30.51,53.16
"CORY.EMMERTON","F","20122013","DET",48,429.78,8.95,18.39,155,119,109,40.47,31.07,28.46,58.71
"CORY.SARICH","D","20122013","CGY",28,384.68,13.74,27.45,98,137,142,25.99,36.34,37.67,40.83
"CRAIG.ADAMS","F","20122013","PIT",48,399,8.31,17.1,82,121,107,26.45,39.03,34.52,43.39
"CRAIG.SMITH","F","20122013","NSH",44,516.53,11.74,23.19,123,122,154,30.83,30.58,38.6,44.4
"CURTIS.GLENCROSS","F","20122013","CGY",40,557.73,13.94,28.56,191,218,198,31.47,35.91,32.62,49.1
"DAINIUS.ZUBRUS","F","20122013","N.J",22,301.43,13.7,28.59,77,124,76,27.8,44.77,27.44,50.33
"DALE.WEISE","F","20122013","VAN",40,343.18,8.58,17.51,78,113,108,26.09,37.79,36.12,41.94
"DALTON.PROUT","D","20122013","CBJ",28,485.08,17.32,32.89,141,181,176,28.31,36.35,35.34,44.48
"DAMIEN.BRUNNER","F","20122013","DET",44,546.93,12.43,25.51,184,200,126,36.08,39.22,24.71,59.35
"DANA.TYRELL","F","20122013","T.B",21,189.35,9.02,18.51,52,82,46,28.89,45.56,25.56,53.06
"DAN.BOYLE","D","20122013","S.J",46,819.27,17.81,35.28,258,276,255,32.7,34.98,32.32,50.29
"DAN.CARCILLO","F","20122013","CHI",23,204.83,8.91,17.55,71,67,33,41.52,39.18,19.3,68.27
"DAN.GIRARDI","D","20122013","NYR",46,911.9,19.82,39.55,287,345,323,30.05,36.13,33.82,47.05
"DAN.HAMHUIS","D","20122013","VAN",47,836.08,17.79,36.22,253,298,255,31.39,36.97,31.64,49.8
"DANIEL.ALFREDSSON","F","20122013","OTT",47,663.88,14.13,29.17,235,242,193,35.07,36.12,28.81,54.91
"DANIEL.BANG","F","20122013","NSH",8,98.52,12.31,23.85,40,41,21,39.22,40.2,20.59,65.57
"DANIEL.BRIERE","F","20122013","PHI",34,436.23,12.83,27.34,127,148,126,31.67,36.91,31.42,50.2
"DANIEL.CLEARY","F","20122013","DET",48,603.33,12.57,25.81,193,196,172,34.4,34.94,30.66,52.88
"DANIEL.PAILLE","F","20122013","BOS",46,497.12,10.81,21.54,134,150,138,31.75,35.55,32.7,49.26
"DANIEL.SEDIN","F","20122013","VAN",47,704.57,14.99,30.52,322,234,170,44.35,32.23,23.42,65.45
"DANIEL.WINNIK","F","20122013","ANA",48,659.12,13.73,27.53,163,269,220,25,41.26,33.74,42.56
"DANNY.DEKEYSER","D","20122013","DET",11,169.95,15.45,30.75,51,46,32,39.53,35.66,24.81,61.45
"DANY.HEATLEY","F","20122013","MIN",36,526.15,14.62,30.85,141,191,154,29.01,39.3,31.69,47.8
"DARROLL.POWE","F","20122013","MIN",8,69.1,8.64,17.97,11,21,19,21.57,41.18,37.25,36.67
"DARROLL.POWE","F","20122013","NYR",34,234.15,6.89,13.66,46,55,64,27.88,33.33,38.79,41.82
"DAVE.BOLLAND","F","20122013","CHI",35,440.88,12.6,25.55,144,136,137,34.53,32.61,32.85,51.25
"DAVE.DZIURZYNSKI","F","20122013","OTT",12,147,12.25,23.68,36,51,41,28.12,39.84,32.03,46.75
"DAVID.BACKES","F","20122013","STL",48,725.03,15.1,30.72,207,284,270,27.2,37.32,35.48,43.4
"DAVID.BOOTH","F","20122013","VAN",12,147.53,12.29,24.5,40,60,45,27.59,41.38,31.03,47.06
"DAVID.CLARKSON","F","20122013","N.J",48,651.05,13.56,27.81,192,263,193,29.63,40.59,29.78,49.87
"DAVID.DESHARNAIS","F","20122013","MTL",48,636.25,13.26,27.88,250,244,147,39,38.07,22.93,62.97
"DAVID.JONES","F","20122013","COL",33,440.32,13.34,26.99,124,163,168,27.25,35.82,36.92,42.47
"DAVID.KREJCI","F","20122013","BOS",47,737.6,15.69,31.32,224,253,200,33.09,37.37,29.54,52.83
"DAVID.LEGWAND","F","20122013","NSH",48,720.37,15.01,29.72,186,224,278,27.03,32.56,40.41,40.09
"DAVID.MOSS","F","20122013","ARI",45,572.02,12.71,25.7,145,224,242,23.73,36.66,39.61,37.47
"DAVID.PERRON","F","20122013","STL",48,692.25,14.42,29.33,209,257,203,31.24,38.42,30.34,50.73
"DAVID.RUNDBLAD","D","20122013","ARI",8,76.98,9.62,19.7,25,27,9,40.98,44.26,14.75,73.53
"DAVID.SCHLEMKO","D","20122013","ARI",30,416.83,13.89,28.18,133,127,104,36.54,34.89,28.57,56.12
"DAVID.STECKEL","F","20122013","ANA",21,192.93,9.19,18.34,52,55,102,24.88,26.32,48.8,33.77
"DAVID.STECKEL","F","20122013","TOR",13,76,5.85,11.6,30,33,16,37.97,41.77,20.25,65.22
"DAVID.ULLSTROM","F","20122013","NYI",20,185.3,9.27,19.26,53,69,63,28.65,37.3,34.05,45.69
"DAVID.VAN DER GULIK","F","20122013","COL",9,69.63,7.74,16,20,24,27,28.17,33.8,38.03,42.55
"DAVIS.DREWISKE","D","20122013","L.A",20,219.92,11,23.23,76,47,41,46.34,28.66,25,64.96
"DAVIS.DREWISKE","D","20122013","MTL",9,128.48,14.28,30.31,36,47,41,29.03,37.9,33.06,46.75
"DENNIS.SEIDENBERG","D","20122013","BOS",46,879.75,19.12,38.14,244,265,274,31.16,33.84,34.99,47.1
"DENNIS.WIDEMAN","D","20122013","CGY",46,868.95,18.89,38.51,260,269,328,30.34,31.39,38.27,44.22
"DEREK.DORSETT","F","20122013","CBJ",24,327,13.62,28.15,70,140,95,22.95,45.9,31.15,42.42
"DEREK.MACKENZIE","F","20122013","CBJ",43,377.12,8.77,17.49,92,124,126,26.9,36.26,36.84,42.2
"DEREK.MEECH","D","20122013","WPG",16,226.43,14.15,27.63,64,90,56,30.48,42.86,26.67,53.33
"DEREK.MORRIS","D","20122013","ARI",39,696.28,17.85,36.03,260,222,185,38.98,33.28,27.74,58.43
"DEREK.ROY","F","20122013","DAL",30,422.85,14.1,29.49,114,144,156,27.54,34.78,37.68,42.22
"DEREK.ROY","F","20122013","VAN",12,165.47,13.79,28.21,40,63,56,25.16,39.62,35.22,41.67
"DEREK.SMITH","D","20122013","CGY",22,256.55,11.66,24.1,87,91,77,34.12,35.69,30.2,53.05
"DEREK.STEPAN","F","20122013","NYR",48,750.08,15.63,31.31,265,305,203,34.28,39.46,26.26,56.62
"DERICK.BRASSARD","F","20122013","CBJ",34,458.72,13.49,27.29,123,153,127,30.52,37.97,31.51,49.2
"DERICK.BRASSARD","F","20122013","NYR",13,175.92,13.53,27.05,45,48,63,28.85,30.77,40.38,41.67
"DERYK.ENGELLAND","D","20122013","PIT",42,543.97,12.95,26.72,158,175,141,33.33,36.92,29.75,52.84
"DEVANTE.SMITH-PELLY","F","20122013","ANA",7,61.58,8.8,17.58,16,27,17,26.67,45,28.33,48.48
"DEVIN.SETOGUCHI","F","20122013","MIN",48,579.13,12.07,24.73,163,182,172,31.53,35.2,33.27,48.66
"DION.PHANEUF","D","20122013","TOR",48,868.18,18.09,37.01,234,387,343,24.27,40.15,35.58,40.55
"DMITRY.KULIKOV","D","20122013","FLA",34,585.97,17.23,34.88,201,209,146,36.15,37.59,26.26,57.93
"DMITRY.ORLOV","D","20122013","WSH",5,69.38,13.88,28.07,12,11,19,28.57,26.19,45.24,38.71
"DOUGIE.HAMILTON","D","20122013","BOS",42,625.03,14.88,29.85,193,194,170,34.65,34.83,30.52,53.17
"DOUGLAS.MURRAY","D","20122013","PIT",14,217.3,15.52,31.53,52,79,81,24.53,37.26,38.21,39.1
"DOUGLAS.MURRAY","D","20122013","S.J",29,409.83,14.13,29.03,137,131,129,34.51,33,32.49,51.5
"DRAYSON.BOWMAN","F","20122013","CAR",37,396.75,10.72,22.42,148,138,122,36.27,33.82,29.9,54.81
"DREW.DOUGHTY","D","20122013","L.A",48,992.88,20.68,41.83,351,370,285,34.89,36.78,28.33,55.19
"DREW.MILLER","F","20122013","DET",44,495.3,11.26,23.07,144,125,117,37.31,32.38,30.31,55.17
"DREW.SHORE","F","20122013","FLA",43,596.25,13.87,27.7,185,172,110,39.61,36.83,23.55,62.71
"DREW.STAFFORD","F","20122013","BUF",46,605.85,13.17,26.83,172,208,147,32.64,39.47,27.89,53.92
"DUNCAN.KEITH","D","20122013","CHI",47,880.7,18.74,37.51,294,338,241,33.68,38.72,27.61,54.95
"DUSTIN.BROWN","F","20122013","L.A",46,694.03,15.09,30.63,247,271,188,34.99,38.39,26.63,56.78
"DUSTIN.BYFUGLIEN","D","20122013","WPG",43,861.47,20.03,39.54,262,304,257,31.83,36.94,31.23,50.48
"DUSTIN.JEFFREY","F","20122013","PIT",24,259.43,10.81,22.1,71,85,74,30.87,36.96,32.17,48.97
"DUSTIN.PENNER","F","20122013","L.A",33,386.4,11.71,23.57,133,142,125,33.25,35.5,31.25,51.55
"DWIGHT.KING","F","20122013","L.A",47,575.65,12.25,24.74,177,182,159,34.17,35.14,30.69,52.68
"ED.JOVANOVSKI","D","20122013","FLA",6,73.08,12.18,25.6,31,26,21,39.74,33.33,26.92,59.62
"EMERSON.ETEM","F","20122013","ANA",38,386.68,10.18,20.45,121,128,92,35.48,37.54,26.98,56.81
"ERIC.BELANGER","F","20122013","EDM",26,276.88,10.65,22.11,66,90,131,23,31.36,45.64,33.5
"ERIC.BOULTON","F","20122013","NYI",15,84,5.6,10.81,26,20,20,39.39,30.3,30.3,56.52
"ERIC.BREWER","D","20122013","T.B",48,866.45,18.05,37.01,254,316,278,29.95,37.26,32.78,47.74
"ERIC.FEHR","F","20122013","WSH",41,482.27,11.76,23.75,141,163,154,30.79,35.59,33.62,47.8
"ERIC.GRYBA","D","20122013","OTT",33,575.63,17.44,35.35,168,202,172,31,37.27,31.73,49.41
"ERIC.NYSTROM","F","20122013","DAL",48,549.28,11.44,23.87,111,172,229,21.68,33.59,44.73,32.65
"ERIC.STAAL","F","20122013","CAR",48,754.03,15.71,32.31,300,319,230,35.34,37.57,27.09,56.6
"ERIC.TANGRADI","F","20122013","WPG",36,360.92,10.03,19.7,75,113,81,27.88,42.01,30.11,48.08
"ERIK.COLE","F","20122013","DAL",28,343.05,12.25,25.1,75,141,161,19.89,37.4,42.71,31.78
"ERIK.COLE","F","20122013","MTL",19,235.27,12.38,26.53,86,77,62,38.22,34.22,27.56,58.11
"ERIK.CONDRA","F","20122013","OTT",48,516.85,10.77,22.2,146,155,137,33.33,35.39,31.28,51.59
"ERIK.GUDBRANSON","D","20122013","FLA",32,523.85,16.37,32.31,157,189,133,32.78,39.46,27.77,54.14
"ERIK.GUSTAFSSON","D","20122013","PHI",27,458.7,16.99,35.44,98,183,144,23.06,43.06,33.88,40.5
"ERIK.JOHNSON","D","20122013","COL",31,503.82,16.25,33.51,160,211,158,30.25,39.89,29.87,50.31
"ERIK.KARLSSON","D","20122013","OTT",17,338.32,19.9,42.47,132,123,96,37.61,35.04,27.35,57.89
"EVANDER.KANE","F","20122013","WPG",48,800.48,16.68,33.04,251,260,213,34.67,35.91,29.42,54.09
"EVGENI.MALKIN","F","20122013","PIT",31,458.42,14.79,30.44,175,158,103,40.14,36.24,23.62,62.95
"FEDOR.TYUTIN","D","20122013","CBJ",48,893.3,18.61,36.95,250,327,265,29.69,38.84,31.47,48.54
"FILIP.FORSBERG","F","20122013","NSH",5,65.78,13.16,25.17,15,23,22,25,38.33,36.67,40.54
"FILIP.KUBA","D","20122013","FLA",44,743.88,16.91,33.68,225,272,225,31.16,37.67,31.16,50
"FRANCIS.BOUILLON","D","20122013","MTL",48,737.33,15.36,32.31,219,258,198,32.44,38.22,29.33,52.52
"FRANCOIS.BEAUCHEMIN","D","20122013","ANA",48,838.38,17.47,35.01,244,278,271,30.77,35.06,34.17,47.38
"FRANK.CORRADO","D","20122013","VAN",3,50.63,16.88,35.76,20,18,16,37.04,33.33,29.63,55.56
"FRANS.NIELSEN","F","20122013","NYI",48,637.28,13.28,26.26,178,234,192,29.47,38.74,31.79,48.11
"FRAZER.MCLAREN","F","20122013","TOR",35,177.53,5.07,10.33,67,76,54,34.01,38.58,27.41,55.37
"GABRIEL.BOURQUE","F","20122013","NSH",34,464.83,13.67,27.53,119,144,139,29.6,35.82,34.58,46.12
"GABRIEL.DUMONT","F","20122013","MTL",10,91.65,9.17,19.34,33,36,33,32.35,35.29,32.35,50
"GABRIEL.LANDESKOG","F","20122013","COL",36,524.02,14.56,29.48,154,185,181,29.62,35.58,34.81,45.97
"GEORGE.PARROS","F","20122013","FLA",39,256.62,6.58,13.12,86,77,62,38.22,34.22,27.56,58.11
"GRANT.CLITSOME","D","20122013","WPG",44,711.87,16.18,32.11,200,239,195,31.55,37.7,30.76,50.63
"GREGORY.CAMPBELL","F","20122013","BOS",48,524.85,10.93,21.85,145,149,163,31.73,32.6,35.67,47.08
"GREG.RALLO","F","20122013","FLA",10,93.97,9.4,18.46,24,27,16,35.82,40.3,23.88,60
"GREG.ZANON","D","20122013","COL",44,723.18,16.44,33.42,198,234,196,31.53,37.26,31.21,50.25
"GUILLAUME.LATENDRESSE","F","20122013","OTT",27,332.52,12.32,25.48,106,119,80,34.75,39.02,26.23,56.99
"GUSTAV.NYQUIST","F","20122013","DET",22,236.82,10.76,21.75,79,71,52,39.11,35.15,25.74,60.31
"HAL.GILL","D","20122013","NSH",32,343.03,10.72,21,81,92,116,28.03,31.83,40.14,41.12
"HARRY.ZOLNIERCZYK","F","20122013","PHI",7,51.23,7.32,15.45,11,21,10,26.19,50,23.81,52.38
"HENRIK.SEDIN","F","20122013","VAN",48,733.2,15.28,31.11,323,235,187,43.36,31.54,25.1,63.33
"HENRIK.TALLINDER","D","20122013","N.J",25,393.82,15.75,32.84,116,150,92,32.4,41.9,25.7,55.77
"HENRIK.ZETTERBERG","F","20122013","DET",46,688.48,14.97,30.86,246,220,158,39.42,35.26,25.32,60.89
"IAN.COLE","D","20122013","STL",15,250.45,16.7,33.8,80,104,76,30.77,40,29.23,51.28
"IAN.WHITE","D","20122013","DET",25,423.13,16.93,34.61,128,113,103,37.21,32.85,29.94,55.41
"ILYA.KOVALCHUK","F","20122013","N.J",37,625.25,16.9,34.82,213,205,181,35.56,34.22,30.22,54.06
"JACK.HILLEN","D","20122013","WSH",23,378.02,16.44,32.76,112,144,104,31.11,40,28.89,51.85
"JACK.JOHNSON","D","20122013","CBJ",44,847.5,19.26,38.4,206,286,265,27.21,37.78,35.01,43.74
"JACK.SKILLE","F","20122013","FLA",40,476.8,11.92,24.07,108,174,118,27,43.5,29.5,47.79
"JACOB.JOSEFSON","F","20122013","N.J",22,227.78,10.35,21.58,56,83,69,26.92,39.9,33.17,44.8
"JADEN.SCHWARTZ","F","20122013","STL",45,532.58,11.84,24.01,160,163,151,33.76,34.39,31.86,51.45
"JAKE.GARDINER","D","20122013","TOR",12,210.38,17.53,36.4,60,76,65,29.85,37.81,32.34,48
"JAKE.MUZZIN","D","20122013","L.A",45,695.17,15.45,31.11,278,242,178,39.83,34.67,25.5,60.96
"JAKOB.SILFVERBERG","F","20122013","OTT",48,625.8,13.04,26.88,208,219,129,37.41,39.39,23.2,61.72
"JAKUB.KINDL","D","20122013","DET",41,635.95,15.51,31.71,207,187,141,38.69,34.95,26.36,59.48
"JAKUB.VORACEK","F","20122013","PHI",48,634.05,13.21,27.81,204,258,213,30.22,38.22,31.56,48.92
"JAMAL.MAYERS","F","20122013","CHI",19,123.2,6.48,13.52,44,35,34,38.94,30.97,30.09,56.41
"JAMES.NEAL","F","20122013","PIT",40,528.17,13.2,27.16,188,195,134,36.36,37.72,25.92,58.39
"JAMES.SHEPPARD","F","20122013","S.J",32,360.67,11.27,22.31,106,119,103,32.32,36.28,31.4,50.72
"JAMES.VAN RIEMSDYK","F","20122013","TOR",48,712.65,14.85,30.38,191,258,205,29.2,39.45,31.35,48.23
"JAMES.WISNIEWSKI","D","20122013","CBJ",30,534.65,17.82,35.85,150,176,127,33.11,38.85,28.04,54.15
"JAMES.WRIGHT","F","20122013","WPG",38,381.42,10.04,19.8,99,113,110,30.75,35.09,34.16,47.37
"JAMIE.BENN","F","20122013","DAL",41,644.97,15.73,32.77,230,225,171,36.74,35.94,27.32,57.36
"JAMIE.MCBAIN","D","20122013","CAR",40,641.87,16.05,33.02,211,242,173,33.71,38.66,27.64,54.95
"JAMIE.MCGINN","F","20122013","COL",47,658.15,14,28.38,221,265,175,33.43,40.09,26.48,55.81
"JAMIE.OLEKSIAK","D","20122013","DAL",16,222.7,13.92,28.72,78,81,51,37.14,38.57,24.29,60.47
"JAN.HEJDA","D","20122013","COL",46,765.78,16.65,33.61,228,253,233,31.93,35.43,32.63,49.46
"JANNIK.HANSEN","F","20122013","VAN",47,632.67,13.46,27.37,175,222,159,31.47,39.93,28.6,52.4
"JARED.BOLL","F","20122013","CBJ",43,343.12,7.98,15.91,91,124,105,28.44,38.75,32.81,46.43
"JARED.COWEN","D","20122013","OTT",7,118.1,16.87,34.69,46,42,29,39.32,35.9,24.79,61.33
"JARED.SPURGEON","D","20122013","MIN",39,634.73,16.28,33.27,197,219,169,33.68,37.44,28.89,53.83
"JAROME.IGINLA","F","20122013","CGY",31,474.9,15.32,31.56,163,185,187,30.47,34.58,34.95,46.57
"JAROME.IGINLA","F","20122013","PIT",13,173.83,13.37,27.37,59,62,40,36.65,38.51,24.84,59.6
"JAROMIR.JAGR","F","20122013","BOS",11,175.3,15.94,31.02,56,50,59,33.94,30.3,35.76,48.7
"JAROMIR.JAGR","F","20122013","DAL",34,497.25,14.62,30.72,167,155,133,36.7,34.07,29.23,55.67
"JARRED.TINORDI","D","20122013","MTL",8,86.47,10.81,22.34,30,30,15,40,40,20,66.67
"JARRET.STOLL","F","20122013","L.A",48,595.55,12.41,25.09,179,203,190,31.29,35.49,33.22,48.51
"JASON.CHIMERA","F","20122013","WSH",47,575.88,12.25,25.04,181,203,211,30.42,34.12,35.46,46.17
"JASON.DEMERS","D","20122013","S.J",22,350.68,15.94,31.54,116,111,109,34.52,33.04,32.44,51.56
"JASON.GARRISON","D","20122013","VAN",47,792.25,16.86,34.32,267,275,256,33.46,34.46,32.08,51.05
"JASON.POMINVILLE","F","20122013","BUF",37,528.98,14.3,29.55,185,192,208,31.62,32.82,35.56,47.07
"JASON.POMINVILLE","F","20122013","MIN",10,146.38,14.64,27.58,67,31,31,51.94,24.03,24.03,68.37
"JASON.SPEZZA","F","20122013","OTT",5,73.47,14.69,30.09,34,38,21,36.56,40.86,22.58,61.82
"JASON.ZUCKER","F","20122013","MIN",20,213.03,10.65,22.3,50,63,72,27.03,34.05,38.92,40.98
"JAY.BEAGLE","F","20122013","WSH",48,468.12,9.75,19.84,118,163,176,25.82,35.67,38.51,40.14
"JAY.BOUWMEESTER","D","20122013","CGY",33,651.68,19.75,40.72,180,269,258,25.46,38.05,36.49,41.1
"JAY.BOUWMEESTER","D","20122013","STL",14,263.3,18.81,36.64,83,91,98,30.51,33.46,36.03,45.86
"JAY.HARRISON","D","20122013","CAR",47,799.2,17,34.99,282,252,235,36.67,32.77,30.56,54.55
"JAY.MCCLEMENT","F","20122013","TOR",48,543.72,11.33,23.18,129,205,338,19.2,30.51,50.3,27.62
"JAY.PANDOLFO","F","20122013","BOS",18,141.07,7.84,15.27,35,51,46,26.52,38.64,34.85,43.21
"JAY.ROSEHILL","F","20122013","PHI",11,72.82,6.62,13.69,9,20,38,13.43,29.85,56.72,19.15
"JEAN-GABRIEL.PAGEAU","F","20122013","OTT",9,93.3,10.37,21.61,26,23,25,35.14,31.08,33.78,50.98
"JEFF.CARTER","F","20122013","L.A",48,641.37,13.36,27.02,243,215,178,38.21,33.81,27.99,57.72
"JEFF.HALPERN","F","20122013","MTL",16,152.63,9.54,19.82,33,54,92,18.44,30.17,51.4,26.4
"JEFF.HALPERN","F","20122013","NYR",30,210.32,7.01,14.21,35,64,103,17.33,31.68,50.99,25.36
"JEFF.PETRY","D","20122013","EDM",48,847.92,17.66,36.51,226,294,230,30.13,39.2,30.67,49.56
"JEFF.SCHULTZ","D","20122013","WSH",26,330.37,12.71,26.44,94,102,116,30.13,32.69,37.18,44.76
"JEFF.SKINNER","F","20122013","CAR",42,637.22,15.17,31.28,199,205,197,33.11,34.11,32.78,50.25
"JERRED.SMITHSON","F","20122013","EDM",10,87.48,8.75,18.8,24,32,27,28.92,38.55,32.53,47.06
"JERRED.SMITHSON","F","20122013","FLA",35,289.25,8.26,16.59,102,108,116,31.29,33.13,35.58,46.79
"JESSE.JOENSUU","F","20122013","NYI",7,70.85,10.12,19.09,16,14,19,32.65,28.57,38.78,45.71
"JIMMY.HAYES","F","20122013","CHI",10,136.32,13.63,25.91,39,38,35,34.82,33.93,31.25,52.7
"JIM.O'BRIEN","F","20122013","OTT",29,264.05,9.11,19.09,81,73,91,33.06,29.8,37.14,47.09
"JIM.SLATER","F","20122013","WPG",26,218.2,8.39,16.73,49,60,122,21.21,25.97,52.81,28.65
"JIRI.HUDLER","F","20122013","CGY",42,583.07,13.88,28.28,166,190,213,29.17,33.39,37.43,43.8
"JIRI.TLUSTY","F","20122013","CAR",48,683.63,14.24,29.29,270,298,192,35.53,39.21,25.26,58.44
"JOAKIM.ANDERSSON","F","20122013","DET",38,399.1,10.5,21.1,116,102,100,36.48,32.08,31.45,53.7
"JOCHEN.HECHT","F","20122013","BUF",47,550.52,11.71,24.01,154,207,157,29.73,39.96,30.31,49.52
"JOE.CORVO","D","20122013","CAR",40,618,15.45,31.91,214,241,183,33.54,37.77,28.68,53.9
"JOE.FINLEY","D","20122013","NYI",16,186.7,11.67,23.35,51,67,50,30.36,39.88,29.76,50.5
"JOEL.WARD","F","20122013","WSH",39,457.53,11.73,24.05,115,159,151,27.06,37.41,35.53,43.23
"JOE.PAVELSKI","F","20122013","S.J",48,670.95,13.98,27.78,242,245,238,33.38,33.79,32.83,50.42
"JOE.THORNTON","F","20122013","S.J",48,682.78,14.22,28.27,248,225,240,34.78,31.56,33.66,50.82
"JOE.VITALE","F","20122013","PIT",33,307.55,9.32,19.35,68,105,95,25.37,39.18,35.45,41.72
"JOEY.CRABB","F","20122013","WSH",26,216.62,8.33,17.23,48,72,59,26.82,40.22,32.96,44.86
"JOFFREY.LUPUL","F","20122013","TOR",16,209.7,13.11,27.01,59,81,65,28.78,39.51,31.71,47.58
"JOHAN.FRANZEN","F","20122013","DET",41,572.85,13.97,28.7,210,195,161,37.1,34.45,28.45,56.6
"JOHN.CARLSON","D","20122013","WSH",48,845.55,17.62,35.84,264,321,276,30.66,37.28,32.06,48.89
"JOHN.ERSKINE","D","20122013","WSH",30,482.4,16.08,32.71,132,166,160,28.82,36.24,34.93,45.21
"JOHN-MICHAEL.LILES","D","20122013","TOR",32,508.67,15.9,33.07,143,167,150,31.09,36.3,32.61,48.81
"JOHN.MITCHELL","F","20122013","COL",47,638.18,13.58,27.52,167,196,206,29.35,34.45,36.2,44.77
"JOHN.MOORE","D","20122013","CBJ",17,234.85,13.81,28.22,68,70,71,32.54,33.49,33.97,48.92
"JOHN.MOORE","D","20122013","NYR",13,141.48,10.88,21.75,50,41,42,37.59,30.83,31.58,54.35
"JOHNNY.BOYCHUK","D","20122013","BOS",44,769.38,17.49,35.08,238,267,248,31.61,35.46,32.93,48.97
"JOHNNY.ODUYA","D","20122013","CHI",48,821.97,17.12,34.27,267,279,250,33.54,35.05,31.41,51.64
"JOHN.SCOTT","F","20122013","BUF",34,183.6,5.4,10.87,50,59,44,32.68,38.56,28.76,53.19
"JOHN.TAVARES","F","20122013","NYI",48,807.27,16.82,33.27,279,265,180,38.54,36.6,24.86,60.78
"JONAS.BRODIN","D","20122013","MIN",45,862.28,19.16,39.22,264,317,300,29.97,35.98,34.05,46.81
"JONATHAN.ERICSSON","D","20122013","DET",45,799.6,17.77,36.23,262,273,227,34.38,35.83,29.79,53.58
"JONATHAN.HUBERDEAU","F","20122013","FLA",48,683.25,14.23,28.48,239,232,138,39.24,38.1,22.66,63.4
"JONATHAN.RHEAULT","F","20122013","FLA",5,51.63,10.33,19.33,7,21,12,17.5,52.5,30,36.84
"JONATHAN.TOEWS","F","20122013","CHI",47,697.1,14.83,29.69,241,326,194,31.67,42.84,25.49,55.4
"JONATHON.BLUM","D","20122013","NSH",35,448.82,12.82,25.53,104,113,132,29.8,32.38,37.82,44.07
"JONI.PITKANEN","D","20122013","CAR",22,381.22,17.33,36.8,130,164,116,31.71,40,28.29,52.85
"JORDAN.CARON","F","20122013","BOS",17,155.07,9.12,17.71,34,48,41,27.64,39.02,33.33,45.33
"JORDAN.EBERLE","F","20122013","EDM",48,732.88,15.27,31.56,182,266,197,28.22,41.24,30.54,48.02
"JORDAN.LEOPOLD","D","20122013","BUF",24,393.02,16.38,34.17,110,125,121,30.9,35.11,33.99,47.62
"JORDAN.LEOPOLD","D","20122013","STL",15,233.15,15.54,31.16,85,61,52,42.93,30.81,26.26,62.04
"JORDAN.NOLAN","F","20122013","L.A",44,366.03,8.32,16.83,107,82,62,42.63,32.67,24.7,63.31
"JORDAN.SCHROEDER","F","20122013","VAN",31,345.33,11.14,22.78,113,114,76,37.29,37.62,25.08,59.79
"JORDAN.STAAL","F","20122013","CAR",48,728,15.17,31.19,215,235,247,30.85,33.72,35.44,46.54
"JORDIE.BENN","D","20122013","DAL",26,356.92,13.73,28.88,112,128,115,31.55,36.06,32.39,49.34
"JORDIN.TOOTOO","F","20122013","DET",42,375.55,8.94,18.45,133,101,88,41.3,31.37,27.33,60.18
"JOSH.BAILEY","F","20122013","NYI",38,534.18,14.06,27.26,146,188,150,30.17,38.84,30.99,49.32
"JOSH.GORGES","D","20122013","MTL",48,838.22,17.46,36.73,263,367,271,29.19,40.73,30.08,49.25
"J.T..MILLER","F","20122013","NYR",26,308.53,11.87,23.36,87,83,56,38.5,36.73,24.78,60.84
"JUSSI.JOKINEN","F","20122013","CAR",33,376.18,11.4,23.89,125,133,132,32.05,34.1,33.85,48.64
"JUSSI.JOKINEN","F","20122013","PIT",10,113.62,11.36,22.92,27,50,42,22.69,42.02,35.29,39.13
"JUSTIN.ABDELKADER","F","20122013","DET",48,646.53,13.47,27.66,186,212,166,32.98,37.59,29.43,52.84
"JUSTIN.BRAUN","D","20122013","S.J",41,650.88,15.88,31.38,214,228,207,32.97,35.13,31.9,50.83
"JUSTIN.FALK","D","20122013","MIN",36,420.6,11.68,24.1,115,129,121,31.51,35.34,33.15,48.73
"JUSTIN.FAULK","D","20122013","CAR",38,678.68,17.86,36.51,206,269,242,28.73,37.52,33.75,45.98
"JUSTIN.SCHULTZ","D","20122013","EDM",48,832.18,17.34,35.84,232,287,259,29.82,36.89,33.29,47.25
"JUSTIN.WILLIAMS","F","20122013","L.A",48,684.27,14.26,28.83,253,261,183,36.3,37.45,26.26,58.03
"KARL.ALZNER","D","20122013","WSH",48,869.88,18.12,36.87,273,316,313,30.27,35.03,34.7,46.59
"KASPARS.DAUGAVINS","F","20122013","BOS",6,56.57,9.43,17.58,18,15,10,41.86,34.88,23.26,64.29
"KASPARS.DAUGAVINS","F","20122013","OTT",19,171.72,9.04,18.84,51,54,66,29.82,31.58,38.6,43.59
"KEATON.ELLERBY","D","20122013","FLA",9,125.55,13.95,29.94,37,44,35,31.9,37.93,30.17,51.39
"KEATON.ELLERBY","D","20122013","L.A",35,431.32,12.32,24.63,146,126,94,39.89,34.43,25.68,60.83
"KEITH.AUCOIN","F","20122013","NYI",41,467.85,11.41,22.64,120,155,131,29.56,38.18,32.27,47.81
"KEITH.AULIE","D","20122013","T.B",45,545.53,12.12,24.92,123,193,115,28.54,44.78,26.68,51.68
"KEITH.BALLARD","D","20122013","VAN",36,507.62,14.1,28.96,142,160,148,31.56,35.56,32.89,48.97
"KEITH.YANDLE","D","20122013","ARI",48,887.03,18.48,37.39,330,268,228,39.95,32.45,27.6,59.14
"KENT.HUSKINS","D","20122013","DET",11,140.82,12.8,28.19,51,40,34,40.8,32,27.2,60
"KENT.HUSKINS","D","20122013","PHI",8,113.17,14.15,29.84,26,34,41,25.74,33.66,40.59,38.81
"KEVIN.BIEKSA","D","20122013","VAN",36,634.12,17.61,36.15,192,210,200,31.89,34.88,33.22,48.98
"KEVIN.HENDERSON","F","20122013","NSH",4,54.88,13.72,26.67,9,17,19,20,37.78,42.22,32.14
"KEVIN.KLEIN","D","20122013","NSH",47,811.9,17.27,34.22,201,249,264,28.15,34.87,36.97,43.23
"KEVIN.PORTER","F","20122013","BUF",31,404.07,13.03,26.32,109,123,107,32.15,36.28,31.56,50.46
"KEVIN.SHATTENKIRK","D","20122013","STL",48,789.8,16.45,33.47,266,236,207,37.52,33.29,29.2,56.24
"KEVIN.WESTGARTH","F","20122013","CAR",31,175.77,5.67,11.47,51,71,36,32.28,44.94,22.78,58.62
"KIMMO.TIMONEN","D","20122013","PHI",45,657.27,14.61,30.83,216,292,205,30.29,40.95,28.75,51.31
"KORBINIAN.HOLZER","D","20122013","TOR",22,341.87,15.54,31.5,99,144,138,25.98,37.8,36.22,41.77
"KRIS.LETANG","D","20122013","PIT",35,645.22,18.43,38.06,185,221,196,30.73,36.71,32.56,48.56
"KRIS.RUSSELL","D","20122013","STL",33,483.38,14.65,30.32,152,150,111,36.8,36.32,26.88,57.79
"KRIS.VERSTEEG","F","20122013","FLA",10,139.25,13.93,27.61,51,43,28,41.8,35.25,22.95,64.56
"KRYS.BARCH","F","20122013","N.J",22,128.67,5.85,12.28,25,44,19,28.41,50,21.59,56.82
"KURTIS.FOSTER","D","20122013","PHI",23,265.27,11.53,23.97,66,97,82,26.94,39.59,33.47,44.59
"KYLE.BRODZIAK","F","20122013","MIN",48,652.28,13.59,27.85,147,228,255,23.33,36.19,40.48,36.57
"KYLE.CHIPCHURA","F","20122013","ARI",46,434.18,9.44,19.15,138,132,102,37.1,35.48,27.42,57.5
"KYLE.CLIFFORD","F","20122013","L.A",48,470.57,9.8,19.82,139,127,95,38.5,35.18,26.32,59.4
"KYLE.OKPOSO","F","20122013","NYI",48,721.72,15.04,29.74,206,238,197,32.14,37.13,30.73,51.12
"KYLE.PALMIERI","F","20122013","ANA",42,458.02,10.91,21.77,150,159,126,34.48,36.55,28.97,54.35
"KYLE.QUINCEY","D","20122013","DET",36,563.23,15.65,32.35,185,151,133,39.45,32.2,28.36,58.18
"KYLE.TURRIS","F","20122013","OTT",48,714.75,14.89,30.7,228,255,194,33.68,37.67,28.66,54.03
"KYLE.WELLWOOD","F","20122013","WPG",39,467.82,12,23.6,106,116,116,31.36,34.32,34.32,47.75
"LADISLAV.SMID","D","20122013","EDM",48,812.17,16.92,34.97,216,280,235,29.55,38.3,32.15,47.89
"LARS.ELLER","F","20122013","MTL",46,572.78,12.45,26.01,175,202,180,31.42,36.27,32.32,49.3
"LAURI.KORPIKOSKI","F","20122013","ARI",36,478.52,13.29,27.28,137,174,171,28.42,36.1,35.48,44.48
"LEE.STEMPNIAK","F","20122013","CGY",47,655.37,13.94,28.44,190,241,253,27.78,35.23,36.99,42.89
"LENNART.PETRELL","F","20122013","EDM",35,308.92,8.83,18.41,63,78,108,25.3,31.33,43.37,36.84
"LEO.KOMAROV","F","20122013","TOR",42,496.95,11.83,24.32,137,174,186,27.57,35.01,37.42,42.41
"LOGAN.COUTURE","F","20122013","S.J",48,658.12,13.71,27.25,215,240,220,31.85,35.56,32.59,49.43
"LOUI.ERIKSSON","F","20122013","DAL",48,713.92,14.87,31.03,228,240,219,33.19,34.93,31.88,51.01
"LUBOMIR.VISNOVSKY","D","20122013","NYI",35,642.57,18.36,35.68,193,221,151,34.16,39.12,26.73,56.1
"LUCA.SBISA","D","20122013","ANA",41,692.58,16.89,33.81,204,246,193,31.73,38.26,30.02,51.39
"LUKE.SCHENN","D","20122013","PHI",47,860.15,18.3,38.44,236,317,267,28.78,38.66,32.56,46.92
"MAGNUS.PAAJARVI","F","20122013","EDM",42,507.77,12.09,24.82,148,163,142,32.67,35.98,31.35,51.03
"MANNY.MALHOTRA","F","20122013","VAN",9,72.63,8.07,16.65,14,17,43,18.92,22.97,58.11,24.56
"MARC-ANDRE.BERGERON","D","20122013","CAR",13,150.82,11.6,23.07,76,48,31,49.03,30.97,20,71.03
"MARC-ANDRE.BERGERON","D","20122013","T.B",12,116.13,9.68,20.57,59,36,18,52.21,31.86,15.93,76.62
"MARC-EDOUARD.VLASIC","D","20122013","S.J",48,863.3,17.99,35.74,257,291,291,30.63,34.68,34.68,46.9
"MARCEL.GOC","F","20122013","FLA",42,595.65,14.18,27.9,208,221,188,33.71,35.82,30.47,52.53
"MARC.METHOT","D","20122013","OTT",47,867.5,18.46,38.18,279,320,256,32.63,37.43,29.94,52.15
"MARCO.SCANDELLA","D","20122013","MIN",6,79.33,13.22,26.55,22,28,30,27.5,35,37.5,42.31
"MARC.STAAL","D","20122013","NYR",21,423.43,20.16,42.03,150,145,111,36.95,35.71,27.34,57.47
"MARCUS.FOLIGNO","F","20122013","BUF",47,554.87,11.81,24.2,171,176,134,35.55,36.59,27.86,56.07
"MARCUS.JOHANSSON","F","20122013","WSH",34,468.83,13.79,27.92,151,161,131,34.09,36.34,29.57,53.55
"MARCUS.KRUGER","F","20122013","CHI",47,526.2,11.2,22.41,172,137,265,29.97,23.87,46.17,39.36
"MAREK.ZIDLICKY","D","20122013","N.J",48,801.95,16.71,34.26,260,320,183,34.08,41.94,23.98,58.69
"MARIAN.GABORIK","F","20122013","CBJ",12,184.18,15.35,29.32,63,57,43,38.65,34.97,26.38,59.43
"MARIAN.GABORIK","F","20122013","NYR",35,542.43,15.5,31.08,229,171,112,44.73,33.4,21.88,67.16
"MARIAN.HOSSA","F","20122013","CHI",40,543.27,13.58,27.36,192,263,150,31.74,43.47,24.79,56.14
"MARK.BOROWIECKI","D","20122013","OTT",6,64.78,10.8,22.28,20,33,10,31.75,52.38,15.87,66.67
"MARK.CUNDARI","D","20122013","CGY",4,67.55,16.89,33.41,16,25,17,27.59,43.1,29.31,48.48
"MARK.EATON","D","20122013","PIT",23,367.78,15.99,31.85,100,126,117,29.15,36.73,34.11,46.08
"MARK.FAYNE","D","20122013","N.J",31,475.82,15.35,31.81,127,200,144,26.96,42.46,30.57,46.86
"MARK.FISTRIC","D","20122013","EDM",25,328.1,13.12,27.79,82,110,100,28.08,37.67,34.25,45.05
"MARK.FRASER","D","20122013","TOR",45,664.57,14.77,29.99,147,189,217,26.58,34.18,39.24,40.38
"MARK.GIORDANO","D","20122013","CGY",47,835.8,17.78,36.25,242,340,357,25.77,36.21,38.02,40.4
"MARK.LETESTU","F","20122013","CBJ",46,595.97,12.96,25.8,167,198,189,30.14,35.74,34.12,46.91
"MARK.OLVER","F","20122013","COL",32,277.08,8.66,17.84,73,83,54,34.76,39.52,25.71,57.48
"MARK.PYSYK","D","20122013","BUF",19,284.32,14.96,30.08,70,83,86,29.29,34.73,35.98,44.87
"MARK.STREIT","D","20122013","NYI",48,862.5,17.97,35.55,268,276,216,35.26,36.32,28.42,55.37
"MARK.STUART","D","20122013","WPG",42,598.87,14.26,28.08,156,204,162,29.89,39.08,31.03,49.06
"MARTIN.ERAT","F","20122013","NSH",36,540.42,15.01,29.95,148,200,191,27.46,37.11,35.44,43.66
"MARTIN.ERAT","F","20122013","WSH",9,102.68,11.41,22.62,24,51,40,20.87,44.35,34.78,37.5
"MARTIN.HANZAL","F","20122013","ARI",39,571.2,14.65,29.59,218,191,134,40.15,35.17,24.68,61.93
"MARTIN.HAVLAT","F","20122013","S.J",40,529.68,13.24,26.41,176,162,154,35.77,32.93,31.3,53.33
"MARTIN.ST. LOUIS","F","20122013","T.B",48,814.82,16.98,34.8,262,301,232,32.96,37.86,29.18,53.04
"MARTY.REASONER","F","20122013","NYI",31,284.87,9.19,18.54,60,88,104,23.81,34.92,41.27,36.59
"MASON.RAYMOND","F","20122013","VAN",46,574.88,12.5,25.43,177,177,130,36.57,36.57,26.86,57.65
"MATHIEU.PERREAULT","F","20122013","WSH",39,405,10.38,21.07,109,130,104,31.78,37.9,30.32,51.17
"MATS.ZUCCARELLO","F","20122013","NYR",15,206.27,13.75,27.37,78,59,47,42.39,32.07,25.54,62.4
"MATT.BARTKOWSKI","D","20122013","BOS",11,145.9,13.26,25.7,63,47,41,41.72,31.13,27.15,60.58
"MATT.BELESKEY","F","20122013","ANA",42,454.3,10.82,21.68,125,137,129,31.97,35.04,32.99,49.21
"MATT.CALVERT","F","20122013","CBJ",42,520.57,12.39,24.5,143,185,167,28.89,37.37,33.74,46.13
"MATT.CARKNER","D","20122013","NYI",22,266.9,12.13,24.47,73,91,70,31.2,38.89,29.91,51.05
"MATT.CARLE","D","20122013","T.B",48,873.12,18.19,37.29,255,326,269,30,38.35,31.65,48.66
"MATT.COOKE","F","20122013","PIT",48,586.23,12.21,25.12,148,221,209,25.61,38.24,36.16,41.46
"MATT.CULLEN","F","20122013","MIN",42,508.62,12.11,25.06,148,164,196,29.13,32.28,38.58,43.02
"MATT.D'AGOSTINI","F","20122013","N.J",13,146.98,11.31,23.02,32,50,31,28.32,44.25,27.43,50.79
"MATT.D'AGOSTINI","F","20122013","STL",16,173.58,10.85,22.22,60,62,44,36.14,37.35,26.51,57.69
"MATT.DUCHENE","F","20122013","COL",47,727.08,15.47,31.41,244,276,222,32.88,37.2,29.92,52.36
"MATT.FRASER","F","20122013","DAL",12,132.15,11.01,22.3,41,49,34,33.06,39.52,27.42,54.67
"MATT.FRATTIN","F","20122013","TOR",25,314.35,12.57,25.57,73,112,94,26.16,40.14,33.69,43.71
"MATT.GILROY","D","20122013","NYR",15,139.77,9.32,18.73,52,29,20,51.49,28.71,19.8,72.22
"MATT.GREENE","D","20122013","L.A",5,64.6,12.92,25.87,13,27,16,23.21,48.21,28.57,44.83
"MATT.HALISCHUK","F","20122013","NSH",36,394.87,10.97,21.63,86,120,109,27.3,38.1,34.6,44.1
"MATT.HENDRICKS","F","20122013","WSH",48,473.83,9.87,20.09,140,136,153,32.63,31.7,35.66,47.78
"MATTHEW.LOMBARDI","F","20122013","ANA",7,82.92,11.85,23.97,21,20,23,32.81,31.25,35.94,47.73
"MATTHEW.LOMBARDI","F","20122013","ARI",21,256.15,12.2,24.56,73,82,38,37.82,42.49,19.69,65.77
"MATT.HUNWICK","D","20122013","COL",43,757.1,17.61,35.42,211,276,232,29.35,38.39,32.27,47.63
"MATT.IRWIN","D","20122013","S.J",38,647.02,17.03,33.53,219,227,187,34.6,35.86,29.54,53.94
"MATT.KASSIAN","F","20122013","OTT",15,95.72,6.38,12.96,42,28,29,42.42,28.28,29.29,59.15
"MATT.MARTIN","F","20122013","NYI",48,474.28,9.88,19.55,94,182,119,23.8,46.08,30.13,44.13
"MATT.MOULSON","F","20122013","NYI",47,728.57,15.5,30.67,260,248,169,38.4,36.63,24.96,60.61
"MATT.NISKANEN","D","20122013","PIT",40,680.5,17.01,34.71,197,216,199,32.19,35.29,32.52,49.75
"MATT.READ","F","20122013","PHI",42,582.37,13.87,29.19,150,215,166,28.25,40.49,31.26,47.47
"MATT.STAJAN","F","20122013","CGY",43,622.72,14.48,29.61,184,244,255,26.94,35.72,37.34,41.91
"MATT.TENNYSON","D","20122013","S.J",4,62.05,15.51,30.76,22,18,20,36.67,30,33.33,52.38
"MAXIM.LAPIERRE","F","20122013","VAN",48,516.42,10.76,21.91,85,161,245,17.31,32.79,49.9,25.76
"MAX.PACIORETTY","F","20122013","MTL",44,575.35,13.08,27.46,240,220,132,40.54,37.16,22.3,64.52
"MAX.REINHART","F","20122013","CGY",11,137.95,12.54,25.49,31,38,49,26.27,32.2,41.53,38.75
"MAX.TALBOT","F","20122013","PHI",35,404.73,11.56,24.51,83,157,149,21.34,40.36,38.3,35.78
"MICHAEL.DEL ZOTTO","D","20122013","NYR",46,848.05,18.44,36.94,289,258,208,38.28,34.17,27.55,58.15
"MICHAEL.FROLIK","F","20122013","CHI",45,440.27,9.78,19.56,130,134,124,33.51,34.54,31.96,51.18
"MICHAEL.GRABNER","F","20122013","NYI",45,533.38,11.85,23.5,154,179,159,31.3,36.38,32.32,49.2
"MICHAEL.KOSTKA","D","20122013","TOR",35,619.88,17.71,36.51,167,251,226,25.93,38.98,35.09,42.49
"MICHAEL.RYDER","F","20122013","DAL",19,244.53,12.87,27.95,83,84,64,35.93,36.36,27.71,56.46
"MICHAEL.RYDER","F","20122013","MTL",27,342.33,12.68,26.3,104,143,83,31.52,43.33,25.15,55.61
"MICHAEL.SGARBOSSA","F","20122013","COL",6,50.27,8.38,17.75,8,10,15,24.24,30.3,45.45,34.78
"MICHAEL.STONE","D","20122013","ARI",40,570.38,14.26,28.56,148,192,168,29.13,37.8,33.07,46.84
"MICHAL.HANDZUS","F","20122013","CHI",11,112.28,10.21,19.84,34,36,50,28.33,30,41.67,40.48
"MICHAL.HANDZUS","F","20122013","S.J",28,308.4,11.01,22.54,94,94,106,31.97,31.97,36.05,47
"MICHAL.JORDAN","D","20122013","CAR",5,53.33,10.67,21.58,27,14,12,50.94,26.42,22.64,69.23
"MICHAL.ROZSIVAL","D","20122013","CHI",27,440.22,16.3,32.53,153,113,92,42.74,31.56,25.7,62.45
"MICHEAL.HALEY","F","20122013","NYR",9,58.78,6.53,12.52,8,17,13,21.05,44.74,34.21,38.1
"MIKAEL.BACKLUND","F","20122013","CGY",32,422.87,13.21,26.55,118,124,144,30.57,32.12,37.31,45.04
"MIKAEL.GRANLUND","F","20122013","MIN",27,307.35,11.38,22.8,93,94,77,35.23,35.61,29.17,54.71
"MIKA.ZIBANEJAD","F","20122013","OTT",42,475.48,11.32,23.38,163,143,82,42.01,36.86,21.13,66.53
"MIKE.BROWN","F","20122013","EDM",27,231.95,8.59,17.24,55,76,53,29.89,41.3,28.8,50.93
"MIKE.BROWN","F","20122013","TOR",12,55.18,4.6,9.74,13,17,8,34.21,44.74,21.05,61.9
"MIKE.CAMMALLERI","F","20122013","CGY",44,619.08,14.07,28.74,188,237,240,28.27,35.64,36.09,43.93
"MIKE.FISHER","F","20122013","NSH",38,567.87,14.94,29.94,141,185,237,25.04,32.86,42.1,37.3
"MIKE.GREEN","D","20122013","WSH",35,681.22,19.46,39.28,203,228,234,30.53,34.29,35.19,46.45
"MIKE.KNUBLE","F","20122013","PHI",28,300.13,10.72,22.49,70,100,94,26.52,37.88,35.61,42.68
"MIKE.KOMISAREK","D","20122013","TOR",4,51.3,12.82,28.96,16,26,19,26.23,42.62,31.15,45.71
"MIKE.LUNDIN","D","20122013","OTT",11,153.37,13.94,28.36,38,48,47,28.57,36.09,35.34,44.71
"MIKE.RIBEIRO","F","20122013","WSH",48,669.78,13.95,28.39,215,232,216,32.43,34.99,32.58,49.88
"MIKE.RICHARDS","F","20122013","L.A",48,583.68,12.16,24.59,223,205,180,36.68,33.72,29.61,55.33
"MIKE.RUPP","F","20122013","MIN",32,274.42,8.58,17.73,37,86,89,17.45,40.57,41.98,29.37
"MIKE.SANTORELLI","F","20122013","FLA",24,259.3,10.8,21.44,73,77,62,34.43,36.32,29.25,54.07
"MIKE.SANTORELLI","F","20122013","WPG",10,133.43,13.34,26.24,31,54,38,25.2,43.9,30.89,44.93
"MIKE.WEAVER","D","20122013","FLA",27,447.55,16.58,33.55,112,165,113,28.72,42.31,28.97,49.78
"MIKE.WEBER","D","20122013","BUF",42,641.82,15.28,30.98,167,204,188,29.87,36.49,33.63,47.04
"MIKHAIL.GRABOVSKI","F","20122013","TOR",48,653.93,13.62,27.88,145,255,257,22.07,38.81,39.12,36.07
"MIKHAIL.GRIGORENKO","F","20122013","BUF",25,239.08,9.56,19.36,85,68,41,43.81,35.05,21.13,67.46
"MIKKEL.BOEDKER","F","20122013","ARI",48,689.42,14.36,29.06,210,224,167,34.94,37.27,27.79,55.7
"MIKKO.KOIVU","F","20122013","MIN",48,728.27,15.17,31.1,301,281,183,39.35,36.73,23.92,62.19
"MILAN.HEJDUK","F","20122013","COL",29,317.72,10.96,22.6,82,104,95,29.18,37.01,33.81,46.33
"MILAN.LUCIC","F","20122013","BOS",46,673.53,14.64,29.28,217,228,164,35.63,37.44,26.93,56.96
"MILAN.MICHALEK","F","20122013","OTT",23,317.37,13.8,28.95,134,117,85,39.88,34.82,25.3,61.19
"NAIL.YAKUPOV","F","20122013","EDM",48,568.65,11.85,24.49,163,200,159,31.23,38.31,30.46,50.62
"NATE.PROSSER","D","20122013","MIN",17,174.67,10.27,21.45,39,50,54,27.27,34.97,37.76,41.94
"NATE.THOMPSON","F","20122013","T.B",45,522.85,11.62,23.98,112,261,202,19.48,45.39,35.13,35.67
"NATHAN.BEAULIEU","D","20122013","MTL",6,78.57,13.09,28.04,24,27,22,32.88,36.99,30.14,52.17
"NATHAN.GERBE","F","20122013","BUF",42,475.4,11.32,23.02,129,166,129,30.42,39.15,30.42,50
"NATHAN.HORTON","F","20122013","BOS",43,621.82,14.46,28.98,201,226,130,36.09,40.57,23.34,60.73
"NAZEM.KADRI","F","20122013","TOR",48,640.15,13.34,27.29,168,210,191,29.53,36.91,33.57,46.8
"NICK.BJUGSTAD","F","20122013","FLA",11,154.72,14.07,27.95,42,53,32,33.07,41.73,25.2,56.76
"NICK.BONINO","F","20122013","ANA",27,338.72,12.55,25.09,107,93,90,36.9,32.07,31.03,54.31
"NICK.DRAZENOVIC","F","20122013","CBJ",8,71.27,8.91,18.22,21,24,28,28.77,32.88,38.36,42.86
"NICK.FOLIGNO","F","20122013","CBJ",45,644,14.31,28.53,173,187,184,31.8,34.38,33.82,48.46
"NICK.JOHNSON","F","20122013","ARI",17,167.97,9.88,19.64,55,43,39,40.15,31.39,28.47,58.51
"NICKLAS.BACKSTROM","F","20122013","WSH",48,692.68,14.43,29.36,228,248,225,32.52,35.38,32.1,50.33
"NICKLAS.GROSSMANN","D","20122013","PHI",30,451.08,15.04,32.44,117,177,162,25.66,38.82,35.53,41.94
"NICK.LEDDY","D","20122013","CHI",48,698.55,14.55,29.13,223,199,161,38.25,34.13,27.62,58.07
"NICK.SCHULTZ","D","20122013","EDM",48,767.1,15.98,33.03,220,273,234,30.26,37.55,32.19,48.46
"NICK.SPALING","F","20122013","NSH",47,625.62,13.31,26.4,184,209,222,29.92,33.98,36.1,45.32
"NICOLAS.BLANCHARD","F","20122013","CAR",9,75.62,8.4,16.39,25,27,21,34.25,36.99,28.77,54.35
"NIK.ANTROPOV","F","20122013","WPG",40,539.2,13.48,26.76,169,182,130,35.14,37.84,27.03,56.52
"NIKITA.NIKITIN","D","20122013","CBJ",38,636.83,16.76,33.35,189,246,208,29.39,38.26,32.35,47.61
"NIKLAS.HJALMARSSON","D","20122013","CHI",46,815.65,17.73,35.58,256,311,262,30.88,37.52,31.6,49.42
"NIKLAS.KRONWALL","D","20122013","DET",48,846.6,17.64,36.22,295,293,242,35.54,35.3,29.16,54.93
"NIKOLAY.KULEMIN","F","20122013","TOR",48,665.17,13.86,28.35,155,297,271,21.44,41.08,37.48,36.38
"NOLAN.YONKMAN","D","20122013","FLA",7,65.98,9.43,18.25,17,21,18,30.36,37.5,32.14,48.57
"OLIVER.EKMAN-LARSSON","D","20122013","ARI",48,864.73,18.02,36.45,239,301,285,28.97,36.48,34.55,45.61
"OLIVER.LAURIDSEN","D","20122013","PHI",15,209.95,14,28.91,55,71,71,27.92,36.04,36.04,43.65
"OLLI.JOKINEN","F","20122013","WPG",45,656.07,14.58,28.91,221,223,192,34.75,35.06,30.19,53.51
"ONDREJ.PALAT","F","20122013","T.B",14,147.87,10.56,20.98,36,48,47,27.48,36.64,35.88,43.37
"P.A..PARENTEAU","F","20122013","COL",48,760.25,15.84,32.13,246,293,206,33.02,39.33,27.65,54.42
"PASCAL.DUPUIS","F","20122013","PIT",48,697.77,14.54,29.9,182,258,256,26.15,37.07,36.78,41.55
"PATRICE.BERGERON","F","20122013","BOS",42,608.47,14.49,29.1,203,238,275,28.35,33.24,38.41,42.47
"PATRIC.HORNQVIST","F","20122013","NSH",24,313.73,13.07,25.39,91,98,84,33.33,35.9,30.77,52
"PATRICK.BORDELEAU","F","20122013","COL",46,283.1,6.15,12.54,68,72,42,37.36,39.56,23.08,61.82
"PATRICK.DWYER","F","20122013","CAR",46,582.95,12.67,26.19,177,198,178,32.01,35.8,32.19,49.86
"PATRICK.EAVES","F","20122013","DET",34,318.48,9.37,19.22,98,91,86,35.64,33.09,31.27,53.26
"PATRICK.KALETA","F","20122013","BUF",34,284.38,8.36,17.23,67,101,77,27.35,41.22,31.43,46.53
"PATRICK.KANE","F","20122013","CHI",47,780.53,16.61,33.25,256,233,202,37.05,33.72,29.23,55.9
"PATRICK.MARLEAU","F","20122013","S.J",48,673.2,14.03,27.87,221,236,230,32.17,34.35,33.48,49
"PATRICK.MAROON","F","20122013","ANA",13,117.57,9.04,18.03,46,38,29,40.71,33.63,25.66,61.33
"PATRICK.SHARP","F","20122013","CHI",28,406.95,14.53,29.71,135,130,92,37.82,36.41,25.77,59.47
"PATRICK.WIERCIOCH","D","20122013","OTT",42,540.72,12.87,26.65,195,153,119,41.76,32.76,25.48,62.1
"PATRIK.BERGLUND","F","20122013","STL",48,616.58,12.85,26.13,195,189,174,34.95,33.87,31.18,52.85
"PATRIK.ELIAS","F","20122013","N.J",48,625.18,13.02,26.71,193,265,177,30.39,41.73,27.87,52.16
"PAUL.BISSONNETTE","F","20122013","ARI",28,151.62,5.42,10.95,50,54,25,38.76,41.86,19.38,66.67
"PAUL.GAUSTAD","F","20122013","NSH",23,277.33,12.06,23.81,67,80,223,18.11,21.62,60.27,23.1
"PAUL.MARTIN","D","20122013","PIT",34,633.2,18.62,38.46,190,274,212,28.11,40.53,31.36,47.26
"PAUL.POSTMA","D","20122013","WPG",34,449.77,13.23,26.41,144,153,91,37.11,39.43,23.45,61.28
"PAUL.STASTNY","F","20122013","COL",40,569.53,14.24,28.9,166,223,228,26.9,36.14,36.95,42.13
"PAVEL.DATSYUK","F","20122013","DET",47,698.53,14.86,30.5,236,214,186,37.11,33.65,29.25,55.92
"PETER.HARROLD","D","20122013","N.J",23,349.03,15.18,30.11,105,105,65,38.18,38.18,23.64,61.76
"PETER.HOLLAND","F","20122013","ANA",21,222.92,10.62,21.44,74,82,64,33.64,37.27,29.09,53.62
"PETER.MUELLER","F","20122013","FLA",43,583.82,13.58,27.17,195,198,123,37.79,38.37,23.84,61.32
"PETER.REGIN","F","20122013","OTT",27,256.02,9.48,19.3,77,72,74,34.53,32.29,33.18,50.99
"PHILIP.LARSEN","D","20122013","DAL",32,436.62,13.64,28.56,126,158,146,29.3,36.74,33.95,46.32
"PHIL.KESSEL","F","20122013","TOR",48,771.05,16.06,32.87,217,274,236,29.85,37.69,32.46,47.9
"PIERRE-CEDRIC.LABRIE","F","20122013","T.B",19,161.92,8.52,17.35,30,63,41,22.39,47.01,30.6,42.25
"PIERRE-MARC.BOUCHARD","F","20122013","MIN",43,508.28,11.82,23.98,164,151,150,35.27,32.47,32.26,52.23
"P.K..SUBBAN","D","20122013","MTL",42,705.05,16.79,34.96,257,247,214,35.79,34.4,29.81,54.56
"QUINTON.HOWDEN","F","20122013","FLA",18,185.02,10.28,20.45,44,53,46,30.77,37.06,32.17,48.89
"RADEK.DVORAK","F","20122013","ANA",9,106.52,11.84,22.78,37,44,33,32.46,38.6,28.95,52.86
"RADEK.MARTINEK","D","20122013","NYI",13,202.02,15.54,30.44,59,58,53,34.71,34.12,31.18,52.68
"RADIM.VRBATA","F","20122013","ARI",34,490.63,14.43,29.37,180,150,110,40.91,34.09,25,62.07
"RADKO.GUDAS","D","20122013","T.B",22,350.88,15.95,31.81,93,96,76,35.09,36.23,28.68,55.03
"RAFFI.TORRES","F","20122013","ARI",28,323.07,11.54,23.21,108,110,70,37.5,38.19,24.31,60.67
"RAFFI.TORRES","F","20122013","S.J",11,147.08,13.37,25.32,53,64,41,33.54,40.51,25.95,56.38
"RAPHAEL.DIAZ","D","20122013","MTL",23,339.75,14.77,31.72,101,143,120,27.75,39.29,32.97,45.7
"RAY.WHITNEY","F","20122013","DAL",32,488.67,15.27,31.6,167,181,120,35.68,38.68,25.64,58.19
"REILLY.SMITH","F","20122013","DAL",37,349.87,9.46,19.84,112,125,84,34.89,38.94,26.17,57.14
"RENE.BOURQUE","F","20122013","MTL",27,349.2,12.93,28.39,99,145,112,27.81,40.73,31.46,46.92
"RICHARD.PANIK","F","20122013","T.B",25,259.3,10.37,20.99,54,71,82,26.09,34.3,39.61,39.71
"RICH.CLUNE","F","20122013","NSH",47,431.08,9.17,18.24,111,127,114,31.53,36.08,32.39,49.33
"RICH.PEVERLEY","F","20122013","BOS",47,539.93,11.49,23.01,154,168,192,29.96,32.68,37.35,44.51
"RICK.NASH","F","20122013","NYR",44,701.28,15.94,32.08,287,286,202,37.03,36.9,26.06,58.69
"RILEY.NASH","F","20122013","CAR",32,374.57,11.71,23.49,103,130,101,30.84,38.92,30.24,50.49
"R.J..UMBERGER","F","20122013","CBJ",48,697.07,14.52,28.83,201,245,221,30.13,36.73,33.13,47.63
"ROBERT.BORTUZZO","D","20122013","PIT",15,189.27,12.62,27.1,60,65,56,33.15,35.91,30.94,51.72
"ROB.KLINKHAMMER","F","20122013","ARI",22,259.82,11.81,23.58,49,98,102,19.68,39.36,40.96,32.45
"ROB.SCUDERI","D","20122013","L.A",48,871.58,18.16,36.72,260,282,271,31.98,34.69,33.33,48.96
"ROBYN.REGEHR","D","20122013","BUF",29,437.98,15.1,31.38,127,162,153,28.73,36.65,34.62,45.36
"ROBYN.REGEHR","D","20122013","L.A",12,223.02,18.59,36.06,65,80,60,31.71,39.02,29.27,52
"ROMAN.CERVENKA","F","20122013","CGY",39,443.78,11.38,23.14,124,138,157,29.59,32.94,37.47,44.13
"ROMAN.HAMRLIK","D","20122013","NYR",12,120.38,10.03,18.81,39,28,15,47.56,34.15,18.29,72.22
"ROMAN.HAMRLIK","D","20122013","WSH",4,56.53,14.13,30.63,19,14,9,45.24,33.33,21.43,67.86
"ROMAN.HORAK","F","20122013","CGY",20,251.12,12.56,25.23,68,87,107,25.95,33.21,40.84,38.86
"ROMAN.JOSI","D","20122013","NSH",48,926.97,19.31,38.24,275,343,355,28.26,35.25,36.49,43.65
"ROMAN.POLAK","D","20122013","STL",48,772.17,16.09,32.72,189,226,208,30.34,36.28,33.39,47.61
"RON.HAINSEY","D","20122013","WPG",47,892.95,19,37.66,241,275,297,29.64,33.83,36.53,44.8
"ROSTISLAV.KLESLA","D","20122013","ARI",38,574.85,15.13,30.6,162,205,172,30.06,38.03,31.91,48.5
"RUSLAN.FEDOTENKO","F","20122013","PHI",47,441.25,9.39,19.77,88,164,153,21.73,40.49,37.78,36.51
"RYAN.CALLAHAN","F","20122013","NYR",45,689.42,15.32,30.55,229,241,222,33.09,34.83,32.08,50.78
"RYAN.CARTER","F","20122013","N.J",44,525.42,11.94,24.41,111,206,119,25.46,47.25,27.29,48.26
"RYANE.CLOWE","F","20122013","NYR",12,172.42,14.37,28.44,58,51,49,36.71,32.28,31.01,54.21
"RYANE.CLOWE","F","20122013","S.J",28,388.82,13.89,27.89,129,119,114,35.64,32.87,31.49,53.09
"RYAN.ELLIS","D","20122013","NSH",32,450.7,14.08,28.29,124,113,121,34.64,31.56,33.8,50.61
"RYAN.GARBUTT","F","20122013","DAL",36,323.72,8.99,18.81,77,101,116,26.19,34.35,39.46,39.9
"RYAN.GETZLAF","F","20122013","ANA",44,672.53,15.28,30.56,199,226,222,30.76,34.93,34.31,47.27
"RYAN.HAMILTON","F","20122013","TOR",10,93.82,9.38,19.22,26,39,28,27.96,41.94,30.11,48.15
"RYAN.JOHANSEN","F","20122013","CBJ",40,541.98,13.55,26.47,163,162,164,33.33,33.13,33.54,49.85
"RYAN.JONES","F","20122013","EDM",27,300.58,11.13,22.5,64,99,83,26.02,40.24,33.74,43.54
"RYAN.KESLER","F","20122013","VAN",17,230.57,13.56,27.31,77,106,88,28.41,39.11,32.47,46.67
"RYAN.MALONE","F","20122013","T.B",24,287.48,11.98,24.97,95,125,98,29.87,39.31,30.82,49.22
"RYAN.MCDONAGH","D","20122013","NYR",47,972.63,20.69,41.45,290,356,322,29.96,36.78,33.26,47.39
"RYAN.MURPHY","D","20122013","CAR",4,72.68,18.17,36.14,28,22,14,43.75,34.38,21.88,66.67
"RYAN.NUGENT-HOPKINS","F","20122013","EDM",40,609.1,15.23,31.67,172,227,167,30.39,40.11,29.51,50.74
"RYAN.O'BYRNE","D","20122013","COL",34,547.1,16.09,32.73,155,183,174,30.27,35.74,33.98,47.11
"RYAN.O'BYRNE","D","20122013","TOR",8,114.88,14.36,28.88,30,37,32,30.3,37.37,32.32,48.39
"RYAN.O'REILLY","F","20122013","COL",29,424.28,14.63,29.16,134,130,149,32.45,31.48,36.08,47.35
"RYAN.REAVES","F","20122013","STL",43,315.25,7.33,15,80,85,92,31.13,33.07,35.8,46.51
"RYAN.SMYTH","F","20122013","EDM",47,533.4,11.35,23.45,116,191,164,24.63,40.55,34.82,41.43
"RYAN.SUTER","D","20122013","MIN",48,982.85,20.48,41.97,337,331,340,33.43,32.84,33.73,49.78
"RYAN.WHITE","F","20122013","MTL",26,215,8.27,17.3,30,70,79,16.76,39.11,44.13,27.52
"RYAN.WHITNEY","D","20122013","EDM",34,519.07,15.27,31.22,141,143,180,30.39,30.82,38.79,43.93
"RYAN.WILSON","D","20122013","COL",12,177.45,14.79,32.08,59,63,54,33.52,35.8,30.68,52.21
"SAKU.KOIVU","F","20122013","ANA",47,625.47,13.31,26.68,179,256,222,27.25,38.96,33.79,44.64
"SAM.GAGNER","F","20122013","EDM",48,695.15,14.48,29.93,208,210,209,33.17,33.49,33.33,49.88
"SAMI.SALO","D","20122013","T.B",46,721.9,15.69,31.96,211,359,304,24.14,41.08,34.78,40.97
"SAMI.VATANEN","D","20122013","ANA",8,104.73,13.09,26.81,43,40,31,37.72,35.09,27.19,58.11
"SCOTT.GOMEZ","F","20122013","S.J",39,438.95,11.26,22.24,117,142,113,31.45,38.17,30.38,50.87
"SCOTT.HANNAN","D","20122013","NSH",29,480.43,16.57,33.25,112,135,146,28.5,34.35,37.15,43.41
"SCOTT.HANNAN","D","20122013","S.J",4,67.9,16.98,31.86,23,26,20,33.33,37.68,28.99,53.49
"SCOTT.HARTNELL","F","20122013","PHI",32,402.77,12.59,26.25,128,161,129,30.62,38.52,30.86,49.81
"SCOTTIE.UPSHALL","F","20122013","FLA",27,306.48,11.35,23.2,79,121,61,30.27,46.36,23.37,56.43
"SCOTT.LAUGHTON","F","20122013","PHI",5,54.97,10.99,24.64,8,19,19,17.39,41.3,41.3,29.63
"SCOTT.NICHOL","F","20122013","STL",30,234.1,7.8,16.19,61,69,88,27.98,31.65,40.37,40.94
"SEAN.COLLINS","F","20122013","CBJ",5,62.18,12.44,23.76,19,13,20,36.54,25,38.46,48.72
"SEAN.COUTURIER","F","20122013","PHI",46,535.75,11.65,24.46,101,200,210,19.77,39.14,41.1,32.48
"SERGEI.GONCHAR","D","20122013","OTT",45,781.98,17.38,35.78,250,264,193,35.36,37.34,27.3,56.43
"SERGEI.KOSTITSYN","F","20122013","NSH",46,617.13,13.42,26.57,194,231,183,31.91,37.99,30.1,51.46
"SHANE.DOAN","F","20122013","ARI",48,715.45,14.91,30.16,246,217,173,38.68,34.12,27.2,58.71
"SHANE.O'BRIEN","D","20122013","COL",28,418.87,14.96,29.93,116,133,121,31.35,35.95,32.7,48.95
"SHAWN.HORCOFF","F","20122013","EDM",31,356.33,11.49,23.77,90,129,125,26.16,37.5,36.34,41.86
"SHAWN.MATTHIAS","F","20122013","FLA",48,626.48,13.05,26.11,157,243,161,27.99,43.32,28.7,49.37
"SHAWN.THORNTON","F","20122013","BOS",45,363.95,8.09,16.02,104,95,64,39.54,36.12,24.33,61.9
"SHEA.WEBER","D","20122013","NSH",48,954.87,19.89,39.39,274,362,374,27.13,35.84,37.03,42.28
"SHELDON.BROOKBANK","D","20122013","CHI",26,314.47,12.1,24.07,91,82,79,36.11,32.54,31.35,53.53
"SHELDON.SOURAY","D","20122013","ANA",44,708.58,16.1,32.14,217,244,242,30.87,34.71,34.42,47.28
"SIDNEY.CROSBY","F","20122013","PIT",36,562.07,15.61,32.2,186,215,205,30.69,35.48,33.83,47.57
"SIMON.DESPRES","D","20122013","PIT",33,456.57,13.84,28.6,126,142,114,32.98,37.17,29.84,52.5
"SIMON.GAGNE","F","20122013","L.A",11,127.68,11.61,24.43,51,43,31,40.8,34.4,24.8,62.2
"SIMON.GAGNE","F","20122013","PHI",27,326.03,12.08,24.88,89,112,93,30.27,38.1,31.63,48.9
"SLAVA.VOYNOV","D","20122013","L.A",48,879.68,18.33,37.06,274,273,261,33.91,33.79,32.3,51.21
"STEFAN.ELLIOTT","D","20122013","COL",18,281.3,15.63,31.29,87,82,63,37.5,35.34,27.16,58
"STEFAN.MATTEAU","F","20122013","N.J",17,155.08,9.12,19.19,51,50,42,35.66,34.97,29.37,54.84
"STEPHANE.DA COSTA","F","20122013","OTT",9,84.4,9.38,19.29,34,17,12,53.97,26.98,19.05,73.91
"STEPHANE.ROBIDAS","D","20122013","DAL",48,798.63,16.64,34.71,223,264,295,28.52,33.76,37.72,43.05
"STEPHEN.GIONTA","F","20122013","N.J",48,530.3,11.05,22.65,116,203,109,27.1,47.43,25.47,51.56
"STEPHEN.WEISS","F","20122013","FLA",17,241.2,14.19,28.39,77,99,57,33.05,42.49,24.46,57.46
"STEVE.BEGIN","F","20122013","CGY",36,237.33,6.59,13.46,55,94,61,26.19,44.76,29.05,47.41
"STEVE.BERNIER","F","20122013","N.J",47,541.8,11.53,23.69,129,223,128,26.88,46.46,26.67,50.19
"STEVE.EMINGER","D","20122013","NYR",35,434.78,12.42,24.67,123,130,106,34.26,36.21,29.53,53.71
"STEVEN.PINIZZOTTO","F","20122013","VAN",12,119.1,9.92,20.13,27,42,33,26.47,41.18,32.35,45
"STEVEN.STAMKOS","F","20122013","T.B",48,811.07,16.9,34.64,254,305,234,32.03,38.46,29.51,52.05
"STEVE.OLEKSY","D","20122013","WSH",28,429.5,15.34,30.48,113,130,132,30.13,34.67,35.2,46.12
"STEVE.OTT","F","20122013","BUF",48,647.87,13.5,27.56,166,239,242,25.66,36.94,37.4,40.69
"STEVE.SULLIVAN","F","20122013","ARI",33,382.82,11.6,23.63,145,117,96,40.5,32.68,26.82,60.17
"STEVE.SULLIVAN","F","20122013","N.J",9,101.37,11.26,23.74,37,39,17,39.78,41.94,18.28,68.52
"STU.BICKEL","D","20122013","NYR",16,87.77,5.49,11.37,15,29,22,22.73,43.94,33.33,40.54
"SVEN.BAERTSCHI","F","20122013","CGY",20,226.48,11.32,24.02,64,80,73,29.49,36.87,33.64,46.72
"TANNER.GLASS","F","20122013","PIT",48,417.45,8.7,17.89,109,141,118,29.62,38.32,32.07,48.02
"TAYLOR.BECK","F","20122013","NSH",16,223.65,13.98,27.11,59,73,58,31.05,38.42,30.53,50.43
"TAYLOR.HALL","F","20122013","EDM",45,673.78,14.97,30.95,224,247,189,33.94,37.42,28.64,54.24
"TAYLOR.PYATT","F","20122013","NYR",48,583.25,12.15,24.35,160,176,144,33.33,36.67,30,52.63
"TEDDY.PURCELL","F","20122013","T.B",48,619.9,12.91,26.48,206,222,176,34.11,36.75,29.14,53.93
"TEEMU.HARTIKAINEN","F","20122013","EDM",23,195.13,8.48,17.9,39,53,54,26.71,36.3,36.99,41.94
"TEEMU.SELANNE","F","20122013","ANA",46,606.57,13.19,26.43,187,195,146,35.42,36.93,27.65,56.16
"THEO.PECKHAM","D","20122013","EDM",4,63.27,15.82,30.5,16,25,16,28.07,43.86,28.07,50
"THOMAS.HICKEY","D","20122013","NYI",39,610.68,15.66,30.74,181,205,147,33.96,38.46,27.58,55.18
"THOMAS.VANEK","F","20122013","BUF",38,550.82,14.5,29.59,183,185,198,32.33,32.69,34.98,48.03
"TIM.BRENT","F","20122013","CAR",30,215.98,7.2,15.26,68,77,71,31.48,35.65,32.87,48.92
"TIM.ERIXON","D","20122013","CBJ",31,449.55,14.5,28.98,132,134,117,34.46,34.99,30.55,53.01
"TIM.GLEASON","D","20122013","CAR",42,687.05,16.36,33.75,188,274,244,26.63,38.81,34.56,43.52
"TIM.JACKMAN","F","20122013","CGY",42,313.08,7.45,15.16,74,109,82,27.92,41.13,30.94,47.44
"TIM.KENNEDY","F","20122013","S.J",13,161.87,12.45,24.94,55,43,44,38.73,30.28,30.99,55.56
"TIM.WALLACE","F","20122013","CAR",28,252.67,9.02,17.87,84,88,67,35.15,36.82,28.03,55.63
"TJ.BRENNAN","D","20122013","BUF",10,122.12,12.21,24.04,41,43,27,36.94,38.74,24.32,60.29
"TJ.BRENNAN","D","20122013","FLA",19,288.88,15.2,29.97,95,73,60,41.67,32.02,26.32,61.29
"TJ.BRODIE","D","20122013","CGY",47,813.62,17.31,35.26,248,279,271,31.08,34.96,33.96,47.78
"T.J..GALIARDI","F","20122013","S.J",36,447.12,12.42,24.39,142,162,139,32.05,36.57,31.38,50.53
"T.J..OSHIE","F","20122013","STL",30,435.1,14.5,29.66,117,169,141,27.4,39.58,33.02,45.35
"TOBIAS.ENSTROM","D","20122013","WPG",22,370.75,16.85,33.93,134,149,131,32.37,35.99,31.64,50.57
"TODD.BERTUZZI","F","20122013","DET",7,84.6,12.09,27.64,45,28,21,47.87,29.79,22.34,68.18
"TOMAS.FLEISCHMANN","F","20122013","FLA",48,724.57,15.1,30.2,248,275,192,34.69,38.46,26.85,56.36
"TOMAS.KABERLE","D","20122013","MTL",10,109.93,10.99,24.09,29,33,17,36.71,41.77,21.52,63.04
"TOMAS.KOPECKY","F","20122013","FLA",47,632.85,13.46,26.96,187,250,186,30.02,40.13,29.86,50.13
"TOMAS.KUNDRATEK","D","20122013","WSH",25,346.87,13.87,28.79,108,128,100,32.14,38.1,29.76,51.92
"TOMAS.PLEKANEC","F","20122013","MTL",47,646.08,13.75,28.96,212,296,232,28.65,40,31.35,47.75
"TOMAS.TATAR","F","20122013","DET",18,171.12,9.51,19.19,47,49,48,32.64,34.03,33.33,49.47
"TOMAS.VINCOUR","F","20122013","DAL",15,130.9,8.73,18.11,35,47,37,29.41,39.5,31.09,48.61
"TOM.GILBERT","D","20122013","MIN",43,673.55,15.66,32.05,192,222,187,31.95,36.94,31.11,50.66
"TOM.KOSTOPOULOS","F","20122013","N.J",15,131.75,8.78,16.97,27,39,23,30.34,43.82,25.84,54
"TOMMY.WINGELS","F","20122013","S.J",42,525.23,12.51,24.95,158,190,150,31.73,38.15,30.12,51.3
"TOM.POTI","D","20122013","WSH",16,218.55,13.66,28.43,66,73,73,31.13,34.43,34.43,47.48
"TOM.PYATT","F","20122013","T.B",43,493.17,11.47,23.53,122,197,149,26.07,42.09,31.84,45.02
"TOM.SESTITO","F","20122013","VAN",23,152.43,6.63,13.3,25,43,55,20.33,34.96,44.72,31.25
"TOM.WANDELL","F","20122013","DAL",18,143.53,7.97,16.85,32,45,32,29.36,41.28,29.36,50
"TONI.LYDMAN","D","20122013","ANA",35,583.47,16.67,33.71,151,209,170,28.49,39.43,32.08,47.04
"TORREY.MITCHELL","F","20122013","MIN",45,401.82,8.93,18.37,82,119,124,25.23,36.62,38.15,39.81
"TRAVIS.HAMONIC","D","20122013","NYI",48,889.05,18.52,36.64,246,330,284,28.6,38.37,33.02,46.42
"TRAVIS.MOEN","F","20122013","MTL",45,407.93,9.07,19.08,87,142,150,22.96,37.47,39.58,36.71
"TRAVIS.ZAJAC","F","20122013","N.J",48,684.82,14.27,29.25,220,269,190,32.4,39.62,27.98,53.66
"TREVOR.DALEY","D","20122013","DAL",44,719.83,16.36,33.98,234,251,239,32.32,34.67,33.01,49.47
"TREVOR.LEWIS","F","20122013","L.A",48,595.18,12.4,25.07,168,189,171,31.82,35.8,32.39,49.56
"TROY.BROUWER","F","20122013","WSH",47,629.13,13.39,27.25,176,267,235,25.96,39.38,34.66,42.82
"TUOMO.RUUTU","F","20122013","CAR",17,235.47,13.85,27.55,66,71,63,33,35.5,31.5,51.16
"TYE.MCGINN","F","20122013","PHI",18,196.97,10.94,23.21,66,72,66,32.35,35.29,32.35,50
"TYLER.BOZAK","F","20122013","TOR",46,700.67,15.23,31.07,202,258,254,28.29,36.13,35.57,44.3
"TYLER.ENNIS","F","20122013","BUF",47,663.13,14.11,28.77,166,252,185,27.53,41.79,30.68,47.29
"TYLER.JOHNSON","F","20122013","T.B",14,148.22,10.59,21.26,34,34,48,29.31,29.31,41.38,41.46
"TYLER.KENNEDY","F","20122013","PIT",46,516.77,11.23,23.2,146,190,136,30.93,40.25,28.81,51.77
"TYLER.MYERS","D","20122013","BUF",39,646.52,16.58,34.36,204,240,194,31.97,37.62,30.41,51.26
"TYLER.SEGUIN","F","20122013","BOS",48,696.07,14.5,28.97,236,263,211,33.24,37.04,29.72,52.8
"TYLER.TOFFOLI","F","20122013","L.A",10,103.77,10.38,20.41,40,23,29,43.48,25,31.52,57.97
"TYSON.BARRIE","D","20122013","COL",32,559.8,17.49,35.19,169,192,175,31.53,35.82,32.65,49.13
"TYSON.STRACHAN","D","20122013","FLA",38,641.88,16.89,33.39,176,229,153,31.54,41.04,27.42,53.5
"VALTTERI.FILPPULA","F","20122013","DET",41,582,14.2,29.45,211,184,149,38.79,33.82,27.39,58.61
"VERNON.FIDDLER","F","20122013","DAL",46,452.1,9.83,20.58,94,158,217,20.04,33.69,46.27,30.23
"VICTOR.BARTLEY","D","20122013","NSH",24,420.37,17.52,34.25,98,142,126,26.78,38.8,34.43,43.75
"VICTOR.HEDMAN","D","20122013","T.B",44,790.42,17.96,36.8,229,346,317,25.67,38.79,35.54,41.94
"VIKTOR.STALBERG","F","20122013","CHI",47,551.62,11.74,23.5,171,161,93,40.24,37.88,21.88,64.77
"VILLE.LEINO","F","20122013","BUF",8,110.72,13.84,28.07,22,34,31,25.29,39.08,35.63,41.51
"VINCENT.LECAVALIER","F","20122013","T.B",39,552.15,14.16,29.21,201,213,198,32.84,34.8,32.35,50.38
"VINNY.PROSPAL","F","20122013","CBJ",48,658.4,13.72,27.23,202,211,166,34.89,36.44,28.67,54.89
"VLADIMIR.SOBOTKA","F","20122013","STL",48,593.93,12.37,25.17,198,183,202,33.96,31.39,34.65,49.5
"VLADIMIR.TARASENKO","F","20122013","STL",38,431.35,11.35,23.01,170,125,85,44.74,32.89,22.37,66.67
"WADE.REDDEN","D","20122013","BOS",6,88.38,14.73,28.47,22,29,21,30.56,40.28,29.17,51.16
"WADE.REDDEN","D","20122013","STL",23,313.6,13.63,28.16,121,119,96,36.01,35.42,28.57,55.76
"WAYNE.SIMMONDS","F","20122013","PHI",45,544.87,12.11,25.51,146,214,150,28.63,41.96,29.41,49.32
"WOJTEK.WOLSKI","F","20122013","WSH",27,328.3,12.16,25.05,88,92,112,30.14,31.51,38.36,44
"YANNICK.WEBER","D","20122013","MTL",6,70.53,11.76,24.74,13,26,22,21.31,42.62,36.07,37.14
"ZAC.DALPE","F","20122013","CAR",10,111.08,11.11,25.02,46,42,29,39.32,35.9,24.79,61.33
"ZACH.BOGOSIAN","D","20122013","WPG",33,626.83,18.99,37.35,162,210,192,28.72,37.23,34.04,45.76
"ZACH.BOYCHUK","F","20122013","NSH",5,66.32,13.26,25.89,24,20,13,42.11,35.09,22.81,64.86
"ZACH.BOYCHUK","F","20122013","PIT",7,81.25,11.61,24.76,27,34,17,34.62,43.59,21.79,61.36
"ZACH.PARISE","F","20122013","MIN",48,718.4,14.97,30.68,300,281,180,39.42,36.93,23.65,62.5
"ZACH.REDMOND","D","20122013","WPG",8,131.72,16.46,33.34,32,51,33,27.59,43.97,28.45,49.23
"ZACK.KASSIAN","F","20122013","VAN",39,467.07,11.98,24.6,124,181,153,27.07,39.52,33.41,44.77
"ZACK.SMITH","F","20122013","OTT",48,651.63,13.58,27.99,201,250,213,30.27,37.65,32.08,48.55
"ZAC.RINALDO","F","20122013","PHI",32,265.47,8.3,17.4,47,102,73,21.17,45.95,32.88,39.17
"ZBYNEK.MICHALEK","D","20122013","ARI",34,608.42,17.89,36.11,182,208,208,30.43,34.78,34.78,46.67
"ZDENO.CHARA","D","20122013","BOS",48,900.8,18.77,37.49,258,338,327,27.95,36.62,35.43,44.1
"ZENON.KONOPKA","F","20122013","MIN",37,291,7.86,16.24,38,85,121,15.57,34.84,49.59,23.9
