AverageAge,GoalDiff,GoalsAgainst,GoalsFor,OTL,PenaltyKillPercentage,PenaltyMinsPG,Points,PointsPercentageofMax,PowerPlayGoals,PowerPlayOppurtunities,PowerPlayPercentage,RegularSeasonWinPercentage,ShotPercentage,SOG,SOS,SRS
-2,111,-49,62,3,3.069999999999993,6.100000000000001,21,0.1279999999999999,21,5,4.120000000000001,0.1097560975609756,1.5999999999999996,217,0,1.3599999999999999
1.3000000000000007,38,13,51,-1,0.7199999999999989,-2.5,19,0.1160000000000001,6,68,-1.3299999999999983,0.12195121951219512,1.3999999999999986,83,-0.17,0.3
1.8000000000000007,-29,14,-15,-3,-1.789999999999992,-2.9000000000000004,1,0.006000000000000005,-5,-1,-1.0899999999999999,0.024390243902439046,-0.5,-55,0.030000000000000013,-0.33
-1.3000000000000007,34,-20,14,-5,7.420000000000002,-0.5,9,0.05500000000000005,21,33,3.150000000000002,0.08536585365853655,0.6999999999999993,-42,0.09000000000000001,0.5
3.400000000000002,91,-42,49,-5,1.3700000000000045,-0.9000000000000004,29,0.17700000000000005,14,-24,3.9899999999999984,0.20731707317073167,0.6000000000000014,354,-0.23,0.88
0.09999999999999787,21,-39,-18,-3,-0.8699999999999903,4.100000000000001,17,0.10400000000000009,-1,25,-1.1499999999999986,0.12195121951219512,-0.5999999999999996,-131,-0.030000000000000006,0.21999999999999997
-0.1999999999999993,-7,-29,-36,-1,0.7199999999999989,0.29999999999999716,5,0.030000000000000027,0,-2,0.07000000000000028,0.03658536585365857,-0.29999999999999893,-286,0.020000000000000004,-0.07
1.1000000000000014,8,-15,-7,-3,3.9200000000000017,5.800000000000001,7,0.04200000000000004,3,12,0.16000000000000014,0.060975609756097504,-0.09999999999999964,-104,-0.13,-0.03999999999999998
0.40000000000000213,61,-28,33,3,-1.9000000000000057,3.6000000000000014,3,0.017999999999999905,1,13,-0.3500000000000014,0,0.09999999999999964,301,-0.07,0.6799999999999999
-0.8000000000000007,21,31,52,-1,-0.15000000000000568,2,11,0.06700000000000006,17,90,0.1999999999999993,0.07317073170731703,1.5,160,-0.020000000000000004,0.24
-2.1999999999999993,19,-9,10,-2,-3.3999999999999915,-1.700000000000001,4,0.025000000000000022,3,15,0.05999999999999872,0.03658536585365857,0.5,41,-0.03,0.21
-1.4000000000000021,-1,-28,-29,3,-1.0699999999999932,3.6000000000000014,3,0.019000000000000017,-2,7,-0.6900000000000013,0,-1.700000000000001,121,-0.010000000000000009,-0.020000000000000018
2.3000000000000007,-8,21,13,2,-4.760000000000005,-0.5,2,0.01200000000000001,-6,54,-3.280000000000001,0,0.1999999999999993,43,-0.12000000000000001,-0.21000000000000002
-0.5,20,-22,-2,-1,-0.5699999999999932,3.200000000000001,3,0.019000000000000017,-1,-5,-0.010000000000001563,0.024390243902439046,-0.5,143,-0.03,0.22
0.5,29,9,38,-5,-2.299999999999997,-0.9000000000000004,17,0.10400000000000009,7,46,-0.25,0.13414634146341464,1,111,-0.22,0.13999999999999999
-2.5,58,2,60,-5,-0.4100000000000108,1.5999999999999996,21,0.1279999999999999,8,59,-0.6600000000000001,0.1585365853658537,2.5,-40,-0.01999999999999999,0.68
1.1999999999999993,23,-60,-37,4,6.8799999999999955,-0.8000000000000007,14,0.08500000000000008,-4,-7,-0.7399999999999984,0.060975609756097504,-1.1999999999999993,-64,0,0.28
0.7999999999999972,-25,29,4,1,-3.950000000000003,-0.09999999999999964,3,0.018000000000000016,-8,1,-2.009999999999998,0.012195121951219523,0.8000000000000007,-148,0,-0.31
0.6000000000000014,35,-24,11,-2,2.4200000000000017,-0.8999999999999986,0,0,-22,-60,-2.4299999999999997,0.012195121951219523,-0.5,285,0.010000000000000009,0.43000000000000005
3.8999999999999986,23,-27,-4,3,4.1299999999999955,-2.6999999999999993,17,0.10399999999999998,-5,0,-1.2399999999999984,0.08536585365853655,-2.3000000000000007,529,-0.06999999999999999,0.20999999999999996
0.3000000000000007,6,17,23,6,-0.8399999999999892,7.300000000000001,6,0.03700000000000003,17,18,3.41,0,0.5,151,-0.05,0.020000000000000018
-2,-8,4,-4,0,2.5800000000000125,0.8999999999999986,-2,-0.01200000000000001,-9,-20,-1.3000000000000007,-0.012195121951219523,-0.5,110,0.05,-0.04999999999999999
1,1,13,14,3,2.5700000000000074,2.8000000000000007,3,0.019000000000000017,-21,-2,-5.040000000000003,0,0.9000000000000004,-85,0,0.010000000000000009
-1.4000000000000021,40,26,66,-3,-2.4000000000000057,1.0999999999999996,19,0.11599999999999999,-4,1,-1.0299999999999976,0.13414634146341464,3.3000000000000007,-169,0,0.48
2.799999999999997,-51,-21,-72,0,0.7199999999999989,-4.200000000000001,2,0.01200000000000001,-7,-36,-0.16000000000000014,0.012195121951219523,-2,-297,0.010000000000000009,-0.61
5.899999999999999,-4,0,-4,8,1.230000000000004,0.40000000000000036,6,0.03699999999999992,-24,-9,-5.48,-0.012195121951219523,-1.8000000000000007,425,0,-0.050000000000000044
0.5,29,7,36,7,-1.8100000000000023,3.1000000000000014,5,0.031000000000000028,19,-9,5.16,-0.012195121951219523,0.8000000000000007,177,-0.07,0.28
0.5999999999999979,0,20,20,-2,-3.1700000000000017,0.29999999999999893,8,0.04899999999999993,-1,4,-0.4299999999999997,0.060975609756097615,1.5,-234,0,0
3.799999999999997,5,-9,-4,-1,-0.5600000000000023,-5.800000000000001,3,0.017999999999999905,-21,3,-5.399999999999999,0.024390243902439046,-0.7000000000000011,189,-0.009999999999999995,0.04999999999999993
1.8999999999999986,-16,-14,-30,5,0.6000000000000085,3.5,5,0.031000000000000028,17,-5,4.489999999999998,0,-1,-69,0.22,0.030000000000000027
-0.5,50,0,50,-2,3.8499999999999943,0.3000000000000007,10,0.061000000000000054,34,55,6.509999999999998,0.07317073170731703,2,43,-0.06000000000000001,0.55
-1.6000000000000014,17,-31,-14,0,-0.09999999999999432,0.09999999999999964,8,0.049000000000000044,17,50,2.080000000000002,0.04878048780487798,0.1999999999999993,-203,-0.030000000000000013,0.18
-0.8000000000000007,-4,-2,-6,-3,-2.730000000000004,-5.999999999999998,-1,-0.006000000000000005,-19,-39,-3.030000000000001,0.012195121951219523,-1,180,-0.07,-0.12
1.8000000000000007,-5,-2,-7,-6,-1.75,-2.1999999999999993,2,0.013000000000000012,-11,-50,-0.8599999999999977,0.04878048780487809,0.5,-217,0.009999999999999995,-0.05
4,72,-45,27,-2,-1.3400000000000034,-1.0999999999999996,24,0.1459999999999999,28,33,5.919999999999998,0.1585365853658537,-0.5,395,-0.07999999999999999,0.8
-1.8000000000000007,27,-34,-7,0,4.320000000000007,-3.299999999999999,14,0.08600000000000008,11,22,1.9599999999999973,0.08536585365853655,-0.9000000000000004,112,0.01999999999999999,0.33999999999999997
-0.8000000000000007,-7,-1,-8,3,3.75,1.3000000000000007,3,0.019000000000000017,15,3,4.299999999999999,0,0.40000000000000036,-131,0.010000000000000009,-0.07999999999999999
0.6999999999999993,-21,-16,-37,1,-2.5,3.8000000000000007,5,0.031000000000000028,-4,7,-1.4599999999999973,0.024390243902438935,-2,54,0.020000000000000004,-0.24000000000000005
-0.5,25,-11,14,-1,-0.7900000000000063,-4.599999999999998,9,0.05500000000000005,6,-11,2.2399999999999984,0.060975609756097504,0.40000000000000036,24,-0.020000000000000018,0.29
-0.5,17,17,34,-5,-3.5999999999999943,0.3000000000000007,5,0.031000000000000028,16,8,3.8800000000000026,0.060975609756097504,2.6999999999999993,-311,-0.020000000000000018,0.19
3.6000000000000014,61,-35,26,0,2.6299999999999955,-0.6999999999999993,20,0.122,32,56,6.089999999999998,0.12195121951219512,-0.5999999999999996,471,-0.049999999999999996,0.6900000000000001
-1.3000000000000007,-6,-14,-20,3,0.21999999999999886,-1.200000000000001,11,0.06800000000000006,6,20,0.6400000000000006,0.04878048780487798,-1.9000000000000004,241,0.009999999999999995,-0.07000000000000006
-1.2000000000000028,16,-17,-1,-3,-2.299999999999997,-3.4999999999999982,7,0.04300000000000004,-7,-7,-1.4499999999999993,0.060975609756097504,0.1999999999999993,-90,-0.020000000000000018,0.18
3.1000000000000014,38,-23,15,0,-1.5600000000000023,-2.9000000000000004,18,0.10999999999999999,17,37,2.6400000000000006,0.1097560975609756,-1.9000000000000004,633,-0.07,0.39
5.200000000000003,42,-32,10,-1,3.0799999999999983,-3,13,0.07899999999999996,4,13,0.34999999999999787,0.08536585365853666,-1.6999999999999993,552,0.18000000000000002,0.6900000000000001
0.7999999999999972,76,-51,25,-1,-0.0800000000000125,-2.5,23,0.14,2,-61,4.390000000000001,0.14634146341463417,1.0999999999999996,21,-0.049999999999999996,0.87
0.1999999999999993,35,27,62,-1,-7.219999999999999,-1.9000000000000004,13,0.08000000000000007,37,-9,11.35,0.08536585365853655,2.3000000000000007,89,-0.049999999999999996,0.37
2.400000000000002,22,-17,5,-3,-0.46000000000000796,3.0999999999999996,9,0.05500000000000005,-12,-67,0.1700000000000017,0.07317073170731703,0,23,0,0.27
-0.3999999999999986,-1,1,0,-2,-0.2400000000000091,-3.9000000000000004,0,0,-9,44,-5.25,0.012195121951219523,0.10000000000000142,-60,0.02,0
-0.5,46,-34,12,4,3.480000000000004,-4.599999999999998,26,0.15799999999999992,14,51,0.5500000000000007,0.13414634146341464,-0.40000000000000036,239,-0.04,0.52
5.399999999999999,55,14,69,0,-3.789999999999992,-5,20,0.122,49,31,12.77,0.12195121951219512,0.3999999999999986,595,-0.04,0.63
0.7999999999999972,26,-13,13,0,-2.3499999999999943,1.3000000000000007,8,0.04899999999999993,-5,6,-1.740000000000002,0.04878048780487809,0.40000000000000036,64,-0.07,0.25
-3,42,-32,10,6,-2.769999999999996,-1.700000000000001,6,0.03600000000000003,9,5,2.240000000000002,0,0.1999999999999993,40,0.01,0.53
0.5,65,-30,35,3,1.9499999999999886,2.6999999999999993,19,0.11599999999999999,4,-61,4.920000000000002,0.09756097560975607,2.0999999999999996,-193,-0.009999999999999995,0.78
0.5999999999999979,2,6,8,-1,-2.089999999999989,-0.9000000000000004,9,0.05500000000000005,23,-23,8,0.060975609756097504,-1,366,-0.039999999999999994,-0.010000000000000009
2,44,6,50,3,-1.4499999999999886,-7.399999999999999,21,0.128,17,44,1.879999999999999,0.1097560975609756,0.09999999999999964,484,0,0.53
2,-22,4,-18,-2,0.7900000000000063,2.4000000000000004,-4,-0.02400000000000002,-3,-6,-0.5100000000000016,-0.012195121951219523,0.7000000000000011,-348,-0.03,-0.3
-1.2999999999999972,12,13,25,2,2.309999999999988,3.799999999999999,2,0.013000000000000012,-8,-14,-1.5,0,2,-294,0.030000000000000002,0.17000000000000004
5.300000000000001,3,28,31,-2,-2.319999999999993,-4.1,8,0.049000000000000044,20,-10,6.219999999999999,0.060975609756097504,0,282,-0.01,0.020000000000000018
4.599999999999998,26,5,31,1,-4.4199999999999875,-3.5999999999999996,13,0.07900000000000007,28,-7,8.280000000000001,0.07317073170731703,-1.1000000000000014,584,0.02,0.33999999999999997
-0.3000000000000007,91,10,101,3,-4.159999999999997,0.1999999999999993,33,0.20099999999999996,22,52,3.3999999999999986,0.18292682926829273,2.5999999999999996,348,-0.07,1.04
2.8000000000000007,20,-34,-14,1,-0.010000000000005116,-6.100000000000001,15,0.09099999999999997,-17,-46,-2.629999999999999,0.08536585365853655,-0.1999999999999993,-130,-0.010000000000000009,0.22999999999999998
-0.3000000000000007,22,7,29,-3,0.21999999999999886,-0.40000000000000036,9,0.05499999999999994,11,48,0.9699999999999989,0.07317073170731714,1.4000000000000004,-11,-0.020000000000000004,0.25
-0.09999999999999787,33,-1,32,1,-0.18000000000000682,0.6999999999999993,7,0.04300000000000004,7,36,0.28000000000000114,0.03658536585365846,0.3000000000000007,252,-0.010000000000000009,0.39
2.900000000000002,38,-18,20,2,4.679999999999993,1.5999999999999996,18,0.10999999999999999,9,-1,2.9800000000000004,0.09756097560975607,-0.5,315,0.030000000000000002,0.49
-1,62,-16,46,2,7.829999999999998,2.6000000000000014,12,0.07300000000000006,5,8,1.2600000000000016,0.060975609756097615,0.7000000000000011,290,-0.039999999999999994,0.71
1.9000000000000021,28,3,31,-4,1.2999999999999972,3.5999999999999996,2,0.01200000000000001,4,16,0.1999999999999993,0.03658536585365846,0.9000000000000004,145,-0.060000000000000005,0.27999999999999997
-2.1000000000000014,10,-14,-4,-7,0.6400000000000006,2.5,5,0.030000000000000027,-13,7,-4.5699999999999985,0.07317073170731703,0.3000000000000007,-235,-0.010000000000000009,0.11000000000000001
0.3000000000000007,26,14,40,-3,1.1400000000000006,3.1999999999999993,13,0.07899999999999996,-1,65,-4.66,0.09756097560975607,0.3000000000000007,343,0,0.31000000000000005
0.40000000000000213,-5,-25,-30,7,3.469999999999999,-5.000000000000002,3,0.018000000000000016,-24,-53,-4.779999999999998,-0.024390243902439046,-1.5,10,0,-0.07
-1,36,-1,35,-3,0.9799999999999898,5.299999999999999,11,0.06699999999999995,6,2,1.8200000000000003,0.08536585365853655,1.8000000000000007,-135,-0.020000000000000004,0.42000000000000004
-1.5,12,-13,-1,3,3.3999999999999915,-4.199999999999999,9,0.05500000000000005,-16,-29,-3.3599999999999994,0.03658536585365857,-1.1999999999999993,264,0.03,0.17000000000000004
0.1999999999999993,17,2,19,-4,-0.029999999999986926,5.200000000000001,0,0,11,57,-0.46000000000000085,0.024390243902439046,0,244,0.010000000000000009,0.22000000000000003
2.6999999999999993,-13,6,-7,3,-0.0799999999999983,2.799999999999999,1,0.005999999999999894,13,15,3.349999999999998,-0.012195121951219523,0.5,-196,0.030000000000000002,-0.12
-1.0999999999999979,51,-16,35,2,2.029999999999987,-5.300000000000001,24,0.14600000000000002,-16,-24,-3.6899999999999977,0.13414634146341464,0.40000000000000036,209,0.08,0.6900000000000001
-0.3000000000000007,-8,-1,-9,6,1.960000000000008,-1.799999999999999,14,0.08500000000000008,-3,-27,0.5899999999999999,0.04878048780487798,-0.5999999999999996,113,0,-0.09999999999999998
0.10000000000000142,20,-6,14,2,-0.25,1.9000000000000004,10,0.061000000000000054,-5,16,-2.740000000000002,0.04878048780487798,0.9000000000000004,-85,0,0.25
0.6999999999999993,44,-14,30,3,-1.7600000000000051,0.29999999999999893,7,0.04300000000000004,-14,-24,-3.4899999999999984,0.024390243902439046,0.9000000000000004,94,-0.030000000000000006,0.51
-1.6000000000000014,32,-41,-9,-3,2.3400000000000034,5.899999999999999,3,0.018000000000000016,-20,-25,-4.779999999999999,0.03658536585365846,-0.5,-24,0,0.39
1.4000000000000021,44,-40,4,0,6.359999999999999,2.5,20,0.122,8,19,1.2199999999999989,0.12195121951219512,0.20000000000000107,-13,-0.08,0.46
1.5999999999999979,14,15,29,3,-6.02000000000001,-0.3999999999999986,7,0.04200000000000004,21,-1,7.300000000000001,0.024390243902438935,-0.20000000000000107,469,-0.009999999999999998,0.15000000000000002
1.6999999999999993,15,15,30,-3,3.950000000000003,-1.3000000000000007,5,0.030000000000000027,21,12,6.340000000000002,0.04878048780487798,0.20000000000000107,271,-0.020000000000000004,0.16000000000000003
2.1999999999999993,-21,41,20,-6,-3.6200000000000045,5.6,0,0,26,16,8.270000000000001,0.03658536585365846,1.0999999999999996,-27,0.04,-0.22
-3.1000000000000014,20,-43,-23,0,1.8500000000000085,0.3000000000000007,4,0.02400000000000002,-23,-73,-3.0500000000000007,0.024390243902438935,-0.8000000000000007,-39,-0.009999999999999995,0.23
-0.6999999999999993,-15,28,13,1,0.10999999999999943,0,3,0.018000000000000016,6,29,0.4399999999999977,0.012195121951219412,0.7000000000000011,-91,0.030000000000000006,-0.16000000000000003
1.4000000000000021,52,-9,43,-2,0.6499999999999915,2.6999999999999993,18,0.10899999999999999,31,27,9.08,0.12195121951219512,0.8000000000000007,263,-0.08,0.56
-2.8000000000000007,15,-28,-13,-1,-2.8400000000000034,2.1000000000000014,1,0.006000000000000005,1,-11,1.1899999999999977,0.012195121951219523,-0.7000000000000011,75,-0.009999999999999998,0.16999999999999998
-0.6999999999999993,44,-45,-1,0,-1.1299999999999955,2.5999999999999996,0,0,-26,-70,-4.3699999999999974,0,-0.20000000000000107,91,-0.020000000000000004,0.52
0.20000000000000284,42,-28,14,0,6.090000000000003,0.1999999999999993,12,0.07299999999999995,4,6,0.870000000000001,0.07317073170731714,1.200000000000001,-208,-0.09000000000000001,0.43
-0.1999999999999993,26,-10,16,-2,2.9399999999999977,-2.0999999999999996,14,0.08499999999999996,29,30,8.149999999999999,0.09756097560975607,0.7000000000000011,-72,0,0.30999999999999994
-1.3000000000000007,30,-53,-23,-3,4.540000000000006,-1.0999999999999996,17,0.10399999999999998,-5,10,-2.4399999999999977,0.12195121951219512,0.09999999999999964,-236,0,0.37
1.1999999999999993,75,-28,47,-4,1.8799999999999955,4.1,10,0.06099999999999994,2,5,0.46999999999999886,0.08536585365853655,0.3000000000000007,358,-0.04000000000000001,0.88
-1.1000000000000014,-43,18,-25,12,-10.079999999999998,-1.8000000000000007,-8,-0.049000000000000044,7,19,1.3000000000000007,-0.12195121951219506,-1.5,180,-0.03,-0.56
1.1999999999999993,29,-11,18,-3,5.960000000000008,-5.400000000000002,5,0.031000000000000028,-9,-46,0.019999999999999574,0.04878048780487809,0,138,-0.03,0.31999999999999995
1.8000000000000007,36,19,55,-6,-1.019999999999996,1.5,16,0.09800000000000009,8,-1,2.8299999999999983,0.13414634146341464,1.8000000000000007,74,-0.060000000000000005,0.37999999999999995
-1.6000000000000014,27,-45,-18,1,8.929999999999993,3.4000000000000004,13,0.08000000000000007,-12,-1,-4.379999999999999,0.07317073170731703,0.29999999999999893,-262,-0.01,0.32000000000000006
1.8999999999999986,2,-34,-32,2,7.430000000000007,-1.1000000000000014,-4,-0.025000000000000022,-8,-26,-1.6099999999999994,-0.03658536585365857,-0.7000000000000011,-155,-0.01,0.01999999999999999
-3.1999999999999993,-18,7,-11,2,1.8599999999999994,-0.09999999999999964,2,0.01200000000000001,6,-48,5.490000000000002,0,1.200000000000001,-377,0.01,-0.21000000000000002
-1.1000000000000014,47,-43,4,-1,4.570000000000007,3.5,17,0.10399999999999998,3,35,-1.0199999999999996,0.1097560975609756,0,43,0.009999999999999998,0.5900000000000001
-2.8000000000000007,13,23,36,3,-7.760000000000005,4.600000000000001,1,0.006000000000000005,20,68,2.469999999999999,-0.012195121951219523,0.20000000000000107,388,0,0.16
-0.1999999999999993,30,-14,16,-4,-1.210000000000008,1.6999999999999993,14,0.08600000000000008,-4,-20,-0.23000000000000043,0.1097560975609756,0.6999999999999993,2,-0.02,0.35000000000000003
2.099999999999998,-15,-6,-21,5,1.9300000000000068,0.7999999999999989,-7,-0.04300000000000004,-20,1,-8.05,-0.07317073170731703,-1.700000000000001,167,0,-0.18000000000000002
-3.6000000000000014,20,-22,-2,1,-3.4299999999999926,1.4000000000000004,7,0.04300000000000004,-2,13,-1.5199999999999996,0.03658536585365857,-0.09999999999999964,85,-0.02,0.23
2.1999999999999993,-3,25,22,-2,-1.4899999999999949,-2.1000000000000014,2,0.01200000000000001,-15,-38,-3.41,0.024390243902439046,1.0999999999999996,-81,0,-0.03
3.400000000000002,4,30,34,-9,2.549999999999997,0.1999999999999993,7,0.04300000000000004,-3,-22,0.2699999999999996,0.09756097560975607,2.0999999999999996,-256,-0.01,0.04000000000000001
0.3000000000000007,46,-20,26,-7,-0.6400000000000006,2.0999999999999996,17,0.17700000000000005,11,14,4.84,0.25,2.200000000000001,-47,-0.08,0.88
0.40000000000000213,11,22,33,-1,-8.25,-0.29999999999999893,7,0.07300000000000006,17,46,4.770000000000001,0.08333333333333326,2.9000000000000004,-123,-0.04,0.19
-0.5999999999999979,1,18,19,-1,-3.1700000000000017,1.5,1,0.01100000000000001,20,11,11.139999999999999,0.02083333333333337,2.3000000000000007,-133,-0.09,-0.07
1.8000000000000007,10,-24,-14,1,-0.7800000000000011,-4,5,0.052000000000000046,-13,-44,-3.9200000000000017,0.04166666666666674,-3.3000000000000007,293,-0.04,0.16999999999999998
-1,58,-25,33,2,6.490000000000009,-2.200000000000001,22,0.2290000000000001,-2,-1,-1.2099999999999973,0.20833333333333337,1.5,112,-0.020000000000000004,1.2
0.6000000000000014,13,3,16,-2,-0.22999999999998977,1.299999999999999,10,0.10499999999999998,-5,-50,3.1000000000000014,0.125,1.5,-100,-0.03,0.22999999999999998
-0.6999999999999993,-2,5,3,0,-1.0100000000000051,1.799999999999999,2,0.02100000000000002,-8,-4,-4.360000000000001,0.02083333333333326,1.4000000000000004,-176,-0.06999999999999999,-0.1
-0.1999999999999993,-1,-3,-4,-3,1.4399999999999977,1.0999999999999996,1,0.010000000000000009,-4,-17,-0.41999999999999815,0.04166666666666663,0.10000000000000142,-95,0.04,0.020000000000000018
1.6000000000000014,34,15,49,-6,-8.379999999999995,-1.9000000000000004,16,0.16700000000000004,17,13,8.790000000000001,0.22916666666666663,4.300000000000001,-153,-0.07,0.64
0.6000000000000014,4,-3,1,2,6.040000000000006,2.8999999999999986,6,0.06300000000000006,-6,-31,-0.9399999999999995,0.04166666666666674,-0.3000000000000007,74,-0.02,0.06
-1.3999999999999986,44,-13,31,-3,5.52000000000001,-0.6000000000000014,21,0.21900000000000008,-9,-35,-1.7099999999999973,0.25,1.5999999999999996,47,-0.08,0.8400000000000001
-2.3999999999999986,7,2,9,-2,-1.7999999999999972,-0.9000000000000004,2,0.02100000000000002,-1,-3,-0.240000000000002,0.04166666666666663,1.5999999999999996,-95,-0.03,0.11999999999999997
1.1999999999999993,24,10,34,-6,-7.480000000000004,-0.5,10,0.10399999999999998,24,48,9.96,0.16666666666666663,3.1000000000000014,-119,-0.030000000000000002,0.47000000000000003
0.3000000000000007,38,-16,22,0,4,-0.8000000000000007,18,0.18700000000000006,-8,-16,-3.2099999999999973,0.1875,0.8000000000000007,63,-0.05,0.75
-1,31,-7,24,-1,0.10999999999999943,-3,15,0.15600000000000003,7,28,1.9200000000000017,0.16666666666666663,1.8000000000000007,-63,-0.05,0.6000000000000001
-1,92,-53,39,-6,0.6000000000000085,2,24,0.14600000000000002,0,-52,4.009999999999998,0.18292682926829273,1.0999999999999996,156,-0.07,1.06
-1.1999999999999993,14,11,25,1,-4.38000000000001,-2.6999999999999993,1,0.006000000000000005,2,-9,1.3200000000000003,0,0.5,116,-0.009999999999999995,0.16999999999999998
2.1999999999999993,27,-9,18,0,2.9000000000000057,-1,16,0.09800000000000009,11,-2,4.09,0.09756097560975607,0.5999999999999996,23,-0.010000000000000002,0.30999999999999994
-0.3000000000000007,24,-42,-18,-4,0.5300000000000011,-4.4,2,0.01200000000000001,-10,-30,-1.5500000000000007,0.03658536585365857,-1.5,229,-0.02,0.27
-0.3000000000000007,29,14,43,-4,1.9200000000000017,1.4000000000000004,14,0.08500000000000008,5,0,1.9800000000000004,0.1097560975609756,1,240,-0.010000000000000002,0.33
-0.10000000000000142,10,-29,-19,-8,4.219999999999999,5.699999999999999,4,0.025000000000000022,6,26,0.3299999999999983,0.07317073170731703,0.40000000000000036,-313,-0.01,0.10999999999999999
-0.5,50,-19,31,-3,0.8499999999999943,-0.09999999999999964,25,0.1519999999999999,-2,-15,0.14000000000000057,0.1707317073170732,1.299999999999999,-28,-0.060000000000000005,0.54
1.3000000000000007,17,26,43,1,1.8200000000000074,-1.6999999999999993,11,0.06700000000000006,7,7,2.039999999999999,0.060975609756097504,0.8000000000000007,256,-0.01,0.19999999999999996
-0.6999999999999993,73,-27,46,1,-1.4699999999999989,-2.1999999999999993,17,0.10299999999999998,2,-49,4.539999999999999,0.09756097560975607,0.9000000000000004,282,-0.06,0.8400000000000001
0.9000000000000021,17,14,31,1,-0.29999999999999716,0.09999999999999964,13,0.08000000000000007,17,14,5.199999999999999,0.07317073170731703,2,-265,0,0.20999999999999996
0.3000000000000007,46,14,60,3,2.6500000000000057,-1,9,0.05400000000000005,5,5,1.6000000000000014,0.03658536585365857,0.5,535,-0.030000000000000002,0.53
0.3000000000000007,25,35,60,0,-0.8900000000000006,0.20000000000000107,16,0.09699999999999998,1,-9,0.8599999999999994,0.09756097560975607,2.5999999999999996,-26,-0.02,0.28
0.9000000000000021,-14,11,-3,2,-0.21999999999999886,3,4,0.025000000000000022,0,15,-0.9800000000000004,0.012195121951219523,1.0999999999999996,-389,-0.010000000000000002,-0.18
0.10000000000000142,15,46,61,7,-1.6599999999999966,-2.1999999999999993,7,0.04200000000000004,7,-27,4.32,0,2,120,0.01,0.19999999999999996
0,7,-19,-12,2,-2.230000000000004,0.6999999999999993,4,0.025000000000000022,-5,20,-3.039999999999999,0.012195121951219523,-0.3000000000000007,-124,0.05,0.14
1.5,9,-26,-17,-3,0.7800000000000011,-0.10000000000000142,11,0.06700000000000006,-7,-38,-0.259999999999998,0.08536585365853655,0.09999999999999964,-205,0.010000000000000002,0.10999999999999999
-2,37,-10,27,-6,2.759999999999991,1.0999999999999996,8,0.049000000000000044,-17,-12,-5.02,0.08536585365853655,1.1999999999999993,-1,-0.03,0.42999999999999994
-0.10000000000000142,49,-18,31,-5,-0.5799999999999983,-5,15,0.09099999999999997,-10,-22,-2.4800000000000004,0.12195121951219512,1.1999999999999993,-12,-0.03,0.57
0.8000000000000007,17,-27,-10,4,3.3200000000000074,2,0,0,10,-30,6.59,-0.024390243902438935,1,-352,-0.019999999999999997,0.18
0.6000000000000014,17,0,17,-1,-2.6599999999999966,2.0999999999999996,9,0.05500000000000005,17,5,6.459999999999999,0.060975609756097504,0.40000000000000036,13,-0.009999999999999998,0.19999999999999996
-0.9000000000000021,-16,19,3,4,-2.6400000000000006,1.2000000000000002,2,0.01200000000000001,-4,-1,-1.4700000000000024,-0.012195121951219523,0.6999999999999993,-163,0.009999999999999998,-0.18
-0.3000000000000007,-10,16,6,-6,-0.7999999999999972,-2.1999999999999993,10,0.061000000000000054,-11,-33,-2.16,0.09756097560975607,0.20000000000000107,19,-0.07,-0.18999999999999997
1.1999999999999993,-5,6,1,-2,5.059999999999988,3.3000000000000007,4,0.025000000000000022,-2,-17,0.509999999999998,0.03658536585365846,-0.9000000000000004,201,0,-0.06
1.5,-19,-22,-41,2,0,0.29999999999999893,2,0.01200000000000001,-13,-40,-2.259999999999998,0,-1.5,-94,0.03,-0.20999999999999996
1.2999999999999972,21,-11,10,-4,3.0600000000000023,-1.8000000000000007,12,0.07299999999999995,-21,-5,-8.510000000000002,0.09756097560975607,-0.20000000000000107,163,-0.010000000000000002,0.24999999999999994
1.6000000000000014,10,-12,-2,-2,-2.9099999999999966,-1.6000000000000005,2,0.01200000000000001,7,14,1.8400000000000016,0.024390243902438935,-1.0999999999999996,255,-0.009999999999999998,0.12
-1.1999999999999993,-15,10,-5,0,0.36999999999999034,3.200000000000001,12,0.07400000000000007,-11,-19,-3.1400000000000006,0.07317073170731703,-1.1999999999999993,206,0.020000000000000004,-0.16
2.5,9,-19,-10,-1,0.6000000000000085,-1.200000000000001,5,0.029999999999999916,-14,-50,-1.9800000000000004,0.03658536585365857,-1.0999999999999996,154,0.019999999999999997,0.12
-2.3000000000000007,-30,37,7,1,-2.3900000000000006,3.500000000000001,7,0.04300000000000004,-9,-24,-2.0100000000000016,0.03658536585365857,1.4000000000000004,-319,-0.05,-0.41000000000000003
-2.400000000000002,11,22,33,2,0.25,2.6000000000000005,6,0.03700000000000003,7,22,1.0999999999999979,0.024390243902439046,2.799999999999999,-349,-0.08,0.05999999999999994
1.3000000000000007,20,-13,7,-1,-5,1.5999999999999996,3,0.018000000000000016,4,49,-1.870000000000001,0.024390243902438935,0.40000000000000036,-54,-0.02,0.22999999999999998
-1.3999999999999986,39,-23,16,-6,2.5,1.0999999999999996,4,0.02400000000000002,-6,13,-3.030000000000001,0.060975609756097615,0.7000000000000011,-30,-0.02,0.45999999999999996
-0.20000000000000284,63,-25,38,-6,4.6299999999999955,-2.6000000000000014,24,0.14700000000000002,2,-29,2.9800000000000004,0.18292682926829273,1.5999999999999996,-30,-0.04,0.73
-0.6000000000000014,23,-14,9,-1,6.25,-0.09999999999999964,3,0.018000000000000016,6,35,-0.18999999999999773,0.024390243902438935,-1.0999999999999996,386,-0.02,0.26
0.8999999999999986,27,24,51,-2,4.320000000000007,2.200000000000001,22,0.135,10,3,3.6099999999999994,0.1463414634146341,1.0999999999999996,250,-0.02,0.32
-0.6000000000000014,-3,-8,-11,0,4.8799999999999955,3,4,0.02400000000000002,-6,-15,-1.1000000000000014,0.024390243902439046,-0.5,-24,0,-0.03999999999999998
-1,13,-23,-10,-3,6.019999999999996,2.5999999999999996,7,0.04300000000000004,5,-14,3.169999999999998,0.060975609756097615,-0.20000000000000107,-24,-0.060000000000000005,0.1
-0.8000000000000007,-1,-15,-16,0,0.8900000000000006,1.6999999999999993,4,0.02400000000000002,-15,-40,-2.5500000000000007,0.024390243902438935,-1,134,0.010000000000000002,-0.010000000000000009
-0.5999999999999979,10,-15,-5,-5,-0.4300000000000068,1.0999999999999996,-3,-0.019000000000000017,1,50,-3.0100000000000016,0.012195121951219523,-0.09999999999999964,-10,-0.02,0.10999999999999999
-1.1000000000000014,17,-10,7,0,0.7199999999999989,0.6999999999999993,16,0.09799999999999998,7,-10,3.5199999999999996,0.09756097560975618,1,-212,-0.01,0.19999999999999996
0.8999999999999986,14,29,43,0,-2.8799999999999955,-1.6999999999999993,2,0.013000000000000012,7,25,0.620000000000001,0.012195121951219523,1.1999999999999993,150,-0.01,0.16999999999999998
0.7000000000000028,18,-5,13,-8,-0.7099999999999937,-1,2,0.013000000000000012,11,16,2.8599999999999994,0.060975609756097615,0.5999999999999996,-16,-0.060000000000000005,0.16
1.6999999999999993,16,2,18,3,0.39000000000000057,-1.4000000000000004,7,0.04300000000000004,4,-18,2.620000000000001,0.024390243902438935,-0.40000000000000036,320,0.01,0.2
-1.1000000000000014,-8,-9,-17,3,4.6299999999999955,1.5999999999999996,9,0.05400000000000005,-11,-38,-1.0300000000000011,0.03658536585365846,-0.5999999999999996,-17,0.05,-0.04999999999999999
-0.10000000000000142,11,-7,4,2,3.9299999999999926,-0.40000000000000036,6,0.03600000000000003,-14,-14,-4.16,0.024390243902438935,-0.5999999999999996,231,0.04,0.16999999999999998
0.5,-10,-20,-30,3,1.210000000000008,2.1000000000000005,1,0.006000000000000005,-2,-2,-0.6900000000000013,-0.012195121951219523,-1.3000000000000007,21,-0.04,-0.15999999999999998
0,-24,2,-22,3,-5.949999999999989,0.20000000000000107,3,0.019000000000000017,-10,10,-4.789999999999999,0,-0.09999999999999964,-258,0.01,-0.28
2.1999999999999993,72,-60,12,-7,1.3499999999999943,-0.5999999999999996,23,0.14100000000000001,0,4,-0.379999999999999,0.18292682926829273,0.9000000000000004,-122,0,0.88
2.5,-6,39,33,3,-2.740000000000009,-0.09999999999999964,3,0.018000000000000016,18,49,3.169999999999998,0,0.40000000000000036,205,-0.01,-0.09000000000000008
1.5,15,-11,4,-3,-3.1799999999999926,-3.0999999999999996,15,0.09200000000000008,-7,-26,-0.8900000000000006,0.1097560975609756,0.29999999999999893,-49,-0.019999999999999997,0.16
0.3000000000000007,41,-10,31,1,-1.8400000000000034,-0.8000000000000007,7,0.04200000000000004,-3,-11,-0.3000000000000007,0.03658536585365846,0.40000000000000036,197,-0.04,0.45999999999999996
-0.6999999999999993,18,-21,-3,9,3.1099999999999994,-0.29999999999999893,11,0.06700000000000006,-5,-7,-1.4299999999999997,0.012195121951219523,-0.20000000000000107,37,0,0.22
-2.900000000000002,15,11,26,2,0.060000000000002274,1.2000000000000002,4,0.02400000000000002,15,-1,6.189999999999998,0.012195121951219412,0.5999999999999996,94,-0.03,0.16
0.5,-38,-6,-44,4,-0.14999999999999147,3.1000000000000005,-4,-0.02400000000000002,-4,22,-3.330000000000002,-0.04878048780487798,-2,25,-0.019999999999999997,-0.48
-0.3000000000000007,33,-52,-19,-3,4.049999999999997,0.5,7,0.04299999999999993,-3,-12,-0.09999999999999787,0.060975609756097615,0.40000000000000036,-250,-0.01,0.4
0.10000000000000142,1,-6,-5,-5,3.8800000000000097,-1.1999999999999993,5,0.031000000000000028,1,-24,2.3599999999999994,0.060975609756097615,0.6999999999999993,-227,0,0.010000000000000009
0.9000000000000021,-12,-12,-24,4,3.980000000000004,2.4000000000000004,2,0.01200000000000001,-9,6,-4.129999999999999,-0.012195121951219412,-0.40000000000000036,-122,0.019999999999999997,-0.13
-0.10000000000000142,50,20,70,1,0.009999999999990905,-1.700000000000001,13,0.07900000000000007,17,6,6.149999999999999,0.07317073170731703,1.6999999999999993,282,0,0.6
-0.29999999999999716,7,-24,-17,1,3.7900000000000063,1.200000000000001,11,0.06700000000000006,-2,-8,-0.19000000000000128,0.060975609756097615,-0.20000000000000107,-132,0,0.07999999999999999
0.8000000000000007,32,10,42,-1,-1.1400000000000006,-1.5999999999999996,17,0.10400000000000009,11,1,4.159999999999997,0.1097560975609756,0.7999999999999989,188,0.05,0.42999999999999994
-0.1999999999999993,56,-8,48,-4,-5.75,1.5,16,0.09799999999999998,12,24,2.4800000000000004,0.12195121951219512,1.3999999999999986,111,-0.04000000000000001,0.64
0.3000000000000007,11,-18,-7,5,2.280000000000001,2.0999999999999996,7,0.04300000000000004,5,34,-1.3599999999999994,0.012195121951219523,-0.1999999999999993,3,-0.010000000000000009,0.13
2,8,9,17,0,4.1299999999999955,2.9000000000000004,8,0.049000000000000044,16,17,5.359999999999999,0.04878048780487798,2.1999999999999993,-396,0,0.09999999999999999
0.3000000000000007,14,7,21,-8,4.219999999999999,0.9000000000000004,2,0.01200000000000001,14,-1,5.459999999999997,0.060975609756097504,0.09999999999999964,162,-0.010000000000000002,0.16
2,36,-26,10,2,-1.3299999999999983,2.1000000000000014,22,0.134,-7,-22,-0.7899999999999991,0.12195121951219512,-0.5999999999999996,152,-0.010000000000000002,0.42999999999999994
-2.6999999999999993,38,-14,24,-1,0.5,0.09999999999999964,13,0.07899999999999996,15,34,2.9399999999999977,0.08536585365853655,0.3000000000000007,137,-0.02,0.45
-1.1000000000000014,8,25,33,-1,-3.569999999999993,-1.9000000000000004,11,0.06700000000000006,4,8,0.9499999999999993,0.07317073170731703,0.7999999999999989,230,-0.01,0.08000000000000002
-0.10000000000000142,-4,-13,-17,3,-1.6099999999999994,2.2,1,0.006000000000000005,-15,-43,-2.8599999999999994,-0.012195121951219523,0.20000000000000107,-269,0.01,-0.040000000000000036
-1.1000000000000014,4,22,26,-7,-7.640000000000001,0.5999999999999996,1,0.005999999999999894,5,18,0.2699999999999996,0.04878048780487809,0.7999999999999989,34,0,0.040000000000000036
0.6999999999999993,-2,-11,-13,1,0.29999999999999716,0.3000000000000007,5,0.030000000000000027,-13,-16,-3.6099999999999994,0.024390243902439046,1.0999999999999996,-445,0,-0.020000000000000018
1.5999999999999979,-3,-7,-10,1,0.18999999999999773,2.8000000000000007,3,0.018000000000000016,-6,0,-2.1899999999999977,0.012195121951219523,-0.40000000000000036,-2,0.009999999999999998,-0.030000000000000027
-0.8000000000000007,21,-1,20,-3,-3.3899999999999864,-0.7000000000000002,9,0.05500000000000005,0,-9,0.75,0.07317073170731703,1,30,-0.01,0.24
-0.8999999999999986,40,-3,37,-2,-4.269999999999996,0.1999999999999993,8,0.04899999999999993,11,32,1.370000000000001,0.060975609756097615,0,337,-0.030000000000000006,0.45000000000000007
-1.1999999999999993,15,-10,5,3,0.3199999999999932,1.4000000000000004,5,0.029999999999999916,11,26,1.9899999999999984,0.012195121951219523,0.20000000000000107,-131,0.03,0.21999999999999997
-0.3999999999999986,24,-11,13,0,1.1300000000000097,-2.8000000000000007,4,0.025000000000000022,-2,4,-1.1699999999999982,0.024390243902439046,-0.5999999999999996,374,0.03,0.31000000000000005
