Year,Up.To.Round,Team,CF.Playoff,CA.Playoff,FenFor.Playoff,FenAga.Playoff,SCF.Playoff,SCA.Playoff,HDSV.Playoff,HDCF.Playoff,HDCA.Playoff,SavePercentage.Playoff,PDO.Playoff,xGF.Playoff,xGA.Playoff
2008,quarter-finals,Boston Bruins,57.77,53.67,40.55,41.56,26.78,24.7,82.83,8.49,10.06,91.83,0.986,2.16,2.11
2008,quarter-finals,Montreal Canadiens,53.67,57.77,41.56,40.55,24.7,26.78,80.27,10.06,8.49,93.2,1.014,2.11,2.16
2008,quarter-finals,Ottawa Senators,51.58,56.93,40.28,45.87,22.48,30.18,84.48,7.7,11.44,91.97,0.967,2.09,2.25
2008,quarter-finals,Pittsburgh Penguins,56.93,51.58,45.87,40.28,30.18,22.48,81.96,11.44,7.7,95.29,1.033,2.25,2.09
2008,quarter-finals,Philadelphia Flyers,54.2,59.24,40.64,40.72,23.16,28.18,74.91,7.23,8.34,92.02,1,1.91,2.04
2008,quarter-finals,Washington Capitals,59.24,54.2,40.72,40.64,28.18,23.16,74.54,8.34,7.23,92.01,1,2.04,1.91
2008,quarter-finals,New York Rangers,50.94,48.97,42.57,39.76,27.58,25.55,89.23,11.17,12.49,94.17,1.034,2.59,2.63
2008,quarter-finals,New Jersey Devils,48.97,50.94,39.76,42.57,25.55,27.58,91.52,12.49,11.17,90.77,0.966,2.63,2.59
2008,quarter-finals,Nashville Predators,40.76,66.71,31.18,54.97,17.41,31.3,89.51,6.36,12.43,93.83,1.013,1.51,2.76
2008,quarter-finals,Detroit Red Wings,66.71,40.76,54.97,31.18,31.3,17.41,87.22,12.43,6.36,92.53,0.987,2.76,1.51
2008,quarter-finals,Calgary Flames,50.11,49.66,35.65,39.88,21.03,21.55,88.4,8.67,7.83,92.96,1.006,1.96,1.95
2008,quarter-finals,San Jose Sharks,49.66,50.11,39.88,35.65,21.55,21.03,83.92,7.83,8.67,92.33,0.994,1.95,1.96
2008,quarter-finals,Colorado Avalanche,47.57,50.52,38.36,36.41,25.15,18.76,94.68,10.27,6.06,95.09,1.016,1.84,1.6
2008,quarter-finals,Minnesota Wild,50.52,47.57,36.41,38.36,18.76,25.15,87.9,6.06,10.27,93.46,0.984,1.6,1.84
2008,quarter-finals,Dallas Stars,48.86,37.55,39.18,29.6,24.73,19.69,84.24,9.15,7.06,92.38,1.007,1.87,1.66
2008,quarter-finals,Anaheim Ducks,37.55,48.86,29.6,39.18,19.69,24.73,77,7.06,9.15,91.63,0.993,1.66,1.87
2008,semi-finals,Boston Bruins,57.77,53.67,40.55,41.56,26.78,24.7,82.83,8.49,10.06,91.83,0.986,2.16,2.11
2008,semi-finals,Montreal Canadiens,60.64,58.49,44.59,40.68,26.6,25.3,76.97,10.54,9.01,90.52,0.975,2.29,2.13
2008,semi-finals,Ottawa Senators,51.58,56.93,40.28,45.87,22.48,30.18,84.48,7.7,11.44,91.97,0.967,2.09,2.25
2008,semi-finals,Pittsburgh Penguins,51.29,53.64,40.29,40.38,29.75,26.92,84.98,11.96,10.91,93.02,1.017,2.4,2.26
2008,semi-finals,Philadelphia Flyers,56.34,63.62,40.73,43.95,23.22,28.58,79.01,8.24,9.5,93.17,1.03,1.98,2.24
2008,semi-finals,Washington Capitals,59.24,54.2,40.72,40.64,28.18,23.16,74.54,8.34,7.23,92.01,1,2.04,1.91
2008,semi-finals,New York Rangers,53.05,47.88,41.55,37.83,29,27.41,86.46,12.3,12.44,92.5,1.016,2.5,2.58
2008,semi-finals,New Jersey Devils,48.97,50.94,39.76,42.57,25.55,27.58,91.52,12.49,11.17,90.77,0.966,2.63,2.59
2008,semi-finals,Nashville Predators,40.76,66.71,31.18,54.97,17.41,31.3,89.51,6.36,12.43,93.83,1.013,1.51,2.76
2008,semi-finals,Detroit Red Wings,65.04,38.63,52.16,30.45,30.02,18.08,89.45,12.26,7.48,93.17,1.015,2.59,1.63
2008,semi-finals,Calgary Flames,50.11,49.66,35.65,39.88,21.03,21.55,88.4,8.67,7.83,92.96,1.006,1.96,1.95
2008,semi-finals,San Jose Sharks,51.19,47.99,38.96,33.99,22.06,20.27,84.72,8.97,7.15,92.98,0.986,1.98,1.78
2008,semi-finals,Colorado Avalanche,42.93,55.04,34.94,40.73,22.86,22.27,80.71,9.87,8.31,91.83,0.981,1.83,1.88
2008,semi-finals,Minnesota Wild,50.52,47.57,36.41,38.36,18.76,25.15,87.9,6.06,10.27,93.46,0.984,1.6,1.84
2008,semi-finals,Dallas Stars,47.22,46.34,35.26,34.58,21.71,21.35,88.76,7.17,8.79,94.48,1.018,1.72,1.86
2008,semi-finals,Anaheim Ducks,37.55,48.86,29.6,39.18,19.69,24.73,77,7.06,9.15,91.63,0.993,1.66,1.87
2008,finals,Boston Bruins,57.77,53.67,40.55,41.56,26.78,24.7,82.83,8.49,10.06,91.83,0.986,2.16,2.11
2008,finals,Montreal Canadiens,60.64,58.49,44.59,40.68,26.6,25.3,76.97,10.54,9.01,90.52,0.975,2.29,2.13
2008,finals,Ottawa Senators,51.58,56.93,40.28,45.87,22.48,30.18,84.48,7.7,11.44,91.97,0.967,2.09,2.25
2008,finals,Pittsburgh Penguins,52.67,51.06,40.28,37.53,27.75,24.2,85.14,11.43,9.39,93.98,1.031,2.27,2.02
2008,finals,Philadelphia Flyers,53.47,60.97,38.36,42.83,22.19,27.34,78.83,7.84,9.83,92.2,1.006,1.88,2.19
2008,finals,Washington Capitals,59.24,54.2,40.72,40.64,28.18,23.16,74.54,8.34,7.23,92.01,1,2.04,1.91
2008,finals,New York Rangers,53.05,47.88,41.55,37.83,29,27.41,86.46,12.3,12.44,92.5,1.016,2.5,2.58
2008,finals,New Jersey Devils,48.97,50.94,39.76,42.57,25.55,27.58,91.52,12.49,11.17,90.77,0.966,2.63,2.59
2008,finals,Nashville Predators,40.76,66.71,31.18,54.97,17.41,31.3,89.51,6.36,12.43,93.83,1.013,1.51,2.76
2008,finals,Detroit Red Wings,61.15,39.35,48.79,30.43,26.94,17.61,87.14,9.92,7.41,92.86,1.004,2.28,1.63
2008,finals,Calgary Flames,50.11,49.66,35.65,39.88,21.03,21.55,88.4,8.67,7.83,92.96,1.006,1.96,1.95
2008,finals,San Jose Sharks,51.19,47.99,38.96,33.99,22.06,20.27,84.72,8.97,7.15,92.98,0.986,1.98,1.78
2008,finals,Colorado Avalanche,42.93,55.04,34.94,40.73,22.86,22.27,80.71,9.87,8.31,91.83,0.981,1.83,1.88
2008,finals,Minnesota Wild,50.52,47.57,36.41,38.36,18.76,25.15,87.9,6.06,10.27,93.46,0.984,1.6,1.84
2008,finals,Dallas Stars,45.23,48.81,33.8,37.13,20.24,21.45,84.54,7.21,7.94,94.3,1.017,1.7,1.83
2008,finals,Anaheim Ducks,37.55,48.86,29.6,39.18,19.69,24.73,77,7.06,9.15,91.63,0.993,1.66,1.87
2009,quarter-finals,Montreal Canadiens,55.18,58.89,41.28,42.67,21.06,27.09,67.32,10.92,8.67,88.55,0.955,1.96,2.09
2009,quarter-finals,Boston Bruins,58.89,55.18,42.67,41.28,27.09,21.06,96.16,8.67,10.92,93.1,1.045,2.09,1.96
2009,quarter-finals,New York Rangers,47.86,61.45,36.18,45.23,27.97,33.82,89.88,11.36,15.64,92.01,0.985,2.17,2.85
2009,quarter-finals,Washington Capitals,61.45,47.86,45.23,36.18,33.82,27.97,84.9,15.64,11.36,93.55,1.015,2.85,2.17
2009,quarter-finals,Carolina Hurricanes,58.56,55.78,44.78,42.82,28.13,25.7,82.96,10.66,9.86,93.24,1.014,2.37,2.44
2009,quarter-finals,New Jersey Devils,55.78,58.56,42.82,44.78,25.7,28.13,81.58,9.86,10.66,91.83,0.986,2.44,2.37
2009,quarter-finals,Philadelphia Flyers,55.65,55.78,39.4,41.98,23.85,21.85,83.56,9.26,10.09,92.37,1,2.15,2.14
2009,quarter-finals,Pittsburgh Penguins,55.78,55.65,41.98,39.4,21.85,23.85,81.78,10.09,9.26,92.37,1,2.14,2.15
2009,quarter-finals,Anaheim Ducks,53.02,60.16,39.79,45.72,26.67,29.91,93.61,11.81,15.02,96.89,1.073,2.39,3.15
2009,quarter-finals,San Jose Sharks,60.16,53.02,45.72,39.79,29.91,26.67,90.03,15.02,11.81,89.61,0.927,3.15,2.39
2009,quarter-finals,Columbus Blue Jackets,47.47,60.22,36.24,45.48,18.09,19.2,67.01,10.86,7.44,90.51,0.956,1.85,1.81
2009,quarter-finals,Detroit Red Wings,60.22,47.47,45.48,36.24,19.2,18.09,93.14,7.44,10.86,94.87,1.044,1.81,1.85
2009,quarter-finals,St Louis Blues,48.24,51.69,37.53,40.46,21.53,27.64,84.82,9.5,11.13,94.34,0.985,1.97,2.38
2009,quarter-finals,Vancouver Canucks,51.69,48.24,40.46,37.53,27.64,21.53,88.85,11.13,9.5,95.8,1.015,2.38,1.97
2009,quarter-finals,Calgary Flames,48.71,47.58,36.44,40.06,22.19,19.31,73.9,9.04,9,90.74,0.989,1.99,2.11
2009,quarter-finals,Chicago Blackhawks,47.58,48.71,40.06,36.44,19.31,22.19,75.99,9,9.04,91.84,1.011,2.11,1.99
2009,semi-finals,Montreal Canadiens,55.18,58.89,41.28,42.67,21.06,27.09,67.32,10.92,8.67,88.55,0.955,1.96,2.09
2009,semi-finals,Boston Bruins,53.35,51.89,39.67,39.65,24.16,19.38,89.22,8,9.24,93.71,1.04,2.04,1.92
2009,semi-finals,New York Rangers,47.86,61.45,36.18,45.23,27.97,33.82,89.88,11.36,15.64,92.01,0.985,2.17,2.85
2009,semi-finals,Washington Capitals,57.57,54.76,40.2,41.95,26.59,30.99,81.81,11.49,11.04,92.07,1.011,2.32,2.36
2009,semi-finals,Carolina Hurricanes,54.16,52.98,41.64,40.34,23.09,24.08,82.88,9.46,8.7,91.92,0.99,2.12,2.22
2009,semi-finals,New Jersey Devils,55.78,58.56,42.82,44.78,25.7,28.13,81.58,9.86,10.66,91.83,0.986,2.44,2.37
2009,semi-finals,Philadelphia Flyers,55.65,55.78,39.4,41.98,23.85,21.85,83.56,9.26,10.09,92.37,1,2.15,2.14
2009,semi-finals,Pittsburgh Penguins,58.5,54.86,44.71,37.45,28.37,21.93,80.89,10.46,8.53,91.02,0.993,2.35,1.99
2009,semi-finals,Anaheim Ducks,48.33,62.62,37.25,49.1,21.11,26.78,90.25,9.14,11.39,95.24,1.032,1.99,2.7
2009,semi-finals,San Jose Sharks,60.16,53.02,45.72,39.79,29.91,26.67,90.03,15.02,11.81,89.61,0.927,3.15,2.39
2009,semi-finals,Columbus Blue Jackets,47.47,60.22,36.24,45.48,18.09,19.2,67.01,10.86,7.44,90.51,0.956,1.85,1.81
2009,semi-finals,Detroit Red Wings,63.07,45.63,49.62,35.61,22.62,17.24,90.35,8.2,8.36,94.23,1.014,2.17,1.73
2009,semi-finals,St Louis Blues,48.24,51.69,37.53,40.46,21.53,27.64,84.82,9.5,11.13,94.34,0.985,1.97,2.38
2009,semi-finals,Vancouver Canucks,44.88,48.97,33.27,37.43,22.11,22.94,80.57,9.75,9.76,92.86,1.009,2.01,2.16
2009,semi-finals,Calgary Flames,48.71,47.58,36.44,40.06,22.19,19.31,73.9,9.04,9,90.74,0.989,1.99,2.11
2009,semi-finals,Chicago Blackhawks,48.49,44.61,38.75,32.54,21.54,20.33,79.7,9.45,8.93,91.01,1.002,2.19,1.88
2009,finals,Montreal Canadiens,55.18,58.89,41.28,42.67,21.06,27.09,67.32,10.92,8.67,88.55,0.955,1.96,2.09
2009,finals,Boston Bruins,53.35,51.89,39.67,39.65,24.16,19.38,89.22,8,9.24,93.71,1.04,2.04,1.92
2009,finals,New York Rangers,47.86,61.45,36.18,45.23,27.97,33.82,89.88,11.36,15.64,92.01,0.985,2.17,2.85
2009,finals,Washington Capitals,57.57,54.76,40.2,41.95,26.59,30.99,81.81,11.49,11.04,92.07,1.011,2.32,2.36
2009,finals,Carolina Hurricanes,54.84,54.51,41.28,41.53,23.67,26.19,80.12,9.97,9.79,90.64,0.982,2.2,2.37
2009,finals,New Jersey Devils,55.78,58.56,42.82,44.78,25.7,28.13,81.58,9.86,10.66,91.83,0.986,2.44,2.37
2009,finals,Philadelphia Flyers,55.65,55.78,39.4,41.98,23.85,21.85,83.56,9.26,10.09,92.37,1,2.15,2.14
2009,finals,Pittsburgh Penguins,58.86,55.43,44.97,38.02,29.62,22.81,81.22,11.21,9.29,90.89,1.004,2.48,2.1
2009,finals,Anaheim Ducks,48.33,62.62,37.25,49.1,21.11,26.78,90.25,9.14,11.39,95.24,1.032,1.99,2.7
2009,finals,San Jose Sharks,60.16,53.02,45.72,39.79,29.91,26.67,90.03,15.02,11.81,89.61,0.927,3.15,2.39
2009,finals,Columbus Blue Jackets,47.47,60.22,36.24,45.48,18.09,19.2,67.01,10.86,7.44,90.51,0.956,1.85,1.81
2009,finals,Detroit Red Wings,61.54,46.1,47.76,36.42,21.55,15.64,90.33,7.22,7.49,94.54,1.021,1.93,1.63
2009,finals,St Louis Blues,48.24,51.69,37.53,40.46,21.53,27.64,84.82,9.5,11.13,94.34,0.985,1.97,2.38
2009,finals,Vancouver Canucks,44.88,48.97,33.27,37.43,22.11,22.94,80.57,9.75,9.76,92.86,1.009,2.01,2.16
2009,finals,Calgary Flames,48.71,47.58,36.44,40.06,22.19,19.31,73.9,9.04,9,90.74,0.989,1.99,2.11
2009,finals,Chicago Blackhawks,48.09,48.69,38.6,35.88,18.65,19.96,78.96,8.26,7.74,91.16,0.99,1.96,1.73
2010,quarter-finals,Montreal Canadiens,55.51,76.04,38.68,51.34,25.93,35.03,85.55,9.64,13.88,91.89,1.01,1.87,2.96
2010,quarter-finals,Washington Capitals,76.04,55.51,51.34,38.68,35.03,25.93,85.91,13.88,9.64,90.92,0.99,2.96,1.87
2010,quarter-finals,Philadelphia Flyers,44.31,54.22,32.33,39.24,20.62,25.02,95.14,9.31,8.87,96.49,1.041,1.82,1.99
2010,quarter-finals,New Jersey Devils,54.22,44.31,39.24,32.33,25.02,20.62,85.38,8.87,9.31,92.37,0.959,1.99,1.82
2010,quarter-finals,Boston Bruins,60.42,54.28,44.16,40.5,26.24,24.45,87.1,9.59,10.92,92.06,0.973,2.06,2.2
2010,quarter-finals,Buffalo Sabres,54.28,60.42,40.5,44.16,24.45,26.24,85.88,10.92,9.59,94.74,1.027,2.2,2.06
2010,quarter-finals,Ottawa Senators,48.85,60.83,36.66,42.75,19.05,25.97,76.42,8.48,8.67,90.24,0.991,1.83,2.12
2010,quarter-finals,Pittsburgh Penguins,60.83,48.85,42.75,36.66,25.97,19.05,77.02,8.67,8.48,91.13,1.009,2.12,1.83
2010,quarter-finals,Colorado Avalanche,40.57,69.59,31.18,49.82,17.92,29.96,81.33,6.82,9.6,93.75,1.024,1.43,2.31
2010,quarter-finals,San Jose Sharks,69.59,40.57,49.82,31.18,29.96,17.92,81.43,9.6,6.82,91.33,0.976,2.31,1.43
2010,quarter-finals,Nashville Predators,49.46,57.26,35.8,42.52,23.01,28.84,84.64,7.57,8.58,91.81,1.008,1.86,2.24
2010,quarter-finals,Chicago Blackhawks,57.26,49.46,42.52,35.8,28.84,23.01,85.12,8.58,7.57,91.03,0.992,2.24,1.86
2010,quarter-finals,Los Angeles Kings,49.16,61.2,36.56,45.76,22.7,27.43,82.49,9.97,9.97,88.71,0.945,1.74,2.06
2010,quarter-finals,Vancouver Canucks,61.2,49.16,45.76,36.56,27.43,22.7,88.85,9.97,9.97,94.19,1.055,2.06,1.74
2010,quarter-finals,Detroit Red Wings,59.04,51.79,46.24,41.76,23.98,22.22,74.14,10.5,9.11,93.31,1.022,2.19,2.07
2010,quarter-finals,Phoenix Coyotes,51.79,59.04,41.76,46.24,22.22,23.98,70.44,9.11,10.5,91.06,0.978,2.07,2.19
2010,semi-finals,Montreal Canadiens,50.7,69.61,35.51,48.41,21.38,30.19,85.83,6.96,11.87,93.77,1.033,1.65,2.61
2010,semi-finals,Washington Capitals,76.04,55.51,51.34,38.68,35.03,25.93,85.91,13.88,9.64,90.92,0.99,2.96,1.87
2010,semi-finals,Philadelphia Flyers,49.88,54.68,35.02,38.89,24.27,24.34,85.15,11.33,9.08,93.96,1.03,2.13,2.01
2010,semi-finals,New Jersey Devils,54.22,44.31,39.24,32.33,25.02,20.62,85.38,8.87,9.31,92.37,0.959,1.99,1.82
2010,semi-finals,Boston Bruins,57.51,53.62,41.26,38.4,25.02,25.45,82.93,9.38,11.74,91.16,0.975,2.04,2.25
2010,semi-finals,Buffalo Sabres,54.28,60.42,40.5,44.16,24.45,26.24,85.88,10.92,9.59,94.74,1.027,2.2,2.06
2010,semi-finals,Ottawa Senators,48.85,60.83,36.66,42.75,19.05,25.97,76.42,8.48,8.67,90.24,0.991,1.83,2.12
2010,semi-finals,Pittsburgh Penguins,62.14,47.43,44.19,34.53,25.74,18.01,72.92,9.31,6.4,90.59,0.974,2.2,1.63
2010,semi-finals,Colorado Avalanche,40.57,69.59,31.18,49.82,17.92,29.96,81.33,6.82,9.6,93.75,1.024,1.43,2.31
2010,semi-finals,San Jose Sharks,63.62,50.68,46.29,38.17,29.24,23.09,82.36,10.1,8.05,89.85,0.969,2.28,1.87
2010,semi-finals,Nashville Predators,49.46,57.26,35.8,42.52,23.01,28.84,84.64,7.57,8.58,91.81,1.008,1.86,2.24
2010,semi-finals,Chicago Blackhawks,55.03,52.64,42.69,38.04,28.43,24.76,80.38,10.15,8.74,90.78,0.991,2.35,2.06
2010,semi-finals,Los Angeles Kings,49.16,61.2,36.56,45.76,22.7,27.43,82.49,9.97,9.97,88.71,0.945,1.74,2.06
2010,semi-finals,Vancouver Canucks,58.65,50.89,43.15,39.58,27.01,25.25,83.09,9.95,10.82,92.69,1.031,2.16,2.09
2010,semi-finals,Detroit Red Wings,61.38,53.22,46.92,41.61,26.56,24.68,77.18,10.2,9.8,92.62,1.026,2.31,2.14
2010,semi-finals,Phoenix Coyotes,51.79,59.04,41.76,46.24,22.22,23.98,70.44,9.11,10.5,91.06,0.978,2.07,2.19
2010,finals,Montreal Canadiens,52.16,65.76,36.28,44.94,22.07,29.39,84.48,7.55,11.99,92.79,1.014,1.77,2.49
2010,finals,Washington Capitals,76.04,55.51,51.34,38.68,35.03,25.93,85.91,13.88,9.64,90.92,0.99,2.96,1.87
2010,finals,Philadelphia Flyers,51.09,55.21,34.86,38.81,25.04,24.28,84.1,11.62,9.15,93.97,1.037,2.12,2.05
2010,finals,New Jersey Devils,54.22,44.31,39.24,32.33,25.02,20.62,85.38,8.87,9.31,92.37,0.959,1.99,1.82
2010,finals,Boston Bruins,57.51,53.62,41.26,38.4,25.02,25.45,82.93,9.38,11.74,91.16,0.975,2.04,2.25
2010,finals,Buffalo Sabres,54.28,60.42,40.5,44.16,24.45,26.24,85.88,10.92,9.59,94.74,1.027,2.2,2.06
2010,finals,Ottawa Senators,48.85,60.83,36.66,42.75,19.05,25.97,76.42,8.48,8.67,90.24,0.991,1.83,2.12
2010,finals,Pittsburgh Penguins,62.14,47.43,44.19,34.53,25.74,18.01,72.92,9.31,6.4,90.59,0.974,2.2,1.63
2010,finals,Colorado Avalanche,40.57,69.59,31.18,49.82,17.92,29.96,81.33,6.82,9.6,93.75,1.024,1.43,2.31
2010,finals,San Jose Sharks,61.34,53.83,43.86,39.48,27.77,23.47,83.63,9.6,7.49,90.97,0.967,2.18,1.88
2010,finals,Nashville Predators,49.46,57.26,35.8,42.52,23.01,28.84,84.64,7.57,8.58,91.81,1.008,1.86,2.24
2010,finals,Chicago Blackhawks,56.8,53.56,42.67,38.05,27.29,24.63,84.6,9.03,8.65,92.86,1.008,2.22,2.03
2010,finals,Los Angeles Kings,49.16,61.2,36.56,45.76,22.7,27.43,82.49,9.97,9.97,88.71,0.945,1.74,2.06
2010,finals,Vancouver Canucks,58.65,50.89,43.15,39.58,27.01,25.25,83.09,9.95,10.82,92.69,1.031,2.16,2.09
2010,finals,Detroit Red Wings,61.38,53.22,46.92,41.61,26.56,24.68,77.18,10.2,9.8,92.62,1.026,2.31,2.14
2010,finals,Phoenix Coyotes,51.79,59.04,41.76,46.24,22.22,23.98,70.44,9.11,10.5,91.06,0.978,2.07,2.19
2011,quarter-finals,New York Rangers,50.4,59.16,32.5,41.91,24.68,28.41,84.82,7.05,12.51,92.41,0.967,1.76,2.65
2011,quarter-finals,Washington Capitals,59.16,50.4,41.91,32.5,28.41,24.68,88.42,12.51,7.05,95.68,1.033,2.65,1.76
2011,quarter-finals,Buffalo Sabres,54.03,63.36,40.01,46.98,21.04,28.49,83.83,10.45,14.43,90.57,0.973,2.09,2.77
2011,quarter-finals,Philadelphia Flyers,63.36,54.03,46.98,40.01,28.49,21.04,85.18,14.43,10.45,93.31,1.027,2.77,2.09
2011,quarter-finals,Montreal Canadiens,55.17,64.51,39.75,45.4,20.27,28.04,84.48,7.48,8.39,92.59,0.978,1.87,2.31
2011,quarter-finals,Boston Bruins,64.51,55.17,45.4,39.75,28.04,20.27,82.67,8.39,7.48,94.76,1.022,2.31,1.87
2011,quarter-finals,Tampa Bay Lightning,47.97,69.75,36.64,48.39,21.37,27.37,85.3,9.06,10.38,93.53,1.023,1.95,2.17
2011,quarter-finals,Pittsburgh Penguins,69.75,47.97,48.39,36.64,27.37,21.37,73.82,10.38,9.06,91.26,0.977,2.17,1.95
2011,quarter-finals,Chicago Blackhawks,48.17,59.43,38.09,42.85,20.08,25.12,81.48,8.97,9.4,93.98,1.021,1.99,2.01
2011,quarter-finals,Vancouver Canucks,59.43,48.17,42.85,38.09,25.12,20.08,81.53,9.4,8.97,91.91,0.979,2.01,1.99
2011,quarter-finals,Los Angeles Kings,52.87,64.09,37.71,47.12,20.92,30.89,79.55,8.91,11.32,90.77,1.013,1.92,2.65
2011,quarter-finals,San Jose Sharks,64.09,52.87,47.12,37.71,30.89,20.92,75.99,11.32,8.91,89.45,0.987,2.65,1.92
2011,quarter-finals,Phoenix Coyotes,54.14,67.03,41.22,53.98,26.18,33.65,80.21,8.32,14.87,88.23,0.929,2,2.7
2011,quarter-finals,Detroit Red Wings,67.03,54.14,53.98,41.22,33.65,26.18,94.46,14.87,8.32,95.28,1.071,2.7,2
2011,quarter-finals,Nashville Predators,59.21,49.91,43.53,36.9,25.81,22.21,80.2,12.31,10.19,91.56,1.022,2.58,2.16
2011,quarter-finals,Anaheim Ducks,49.91,59.21,36.9,43.53,22.21,25.81,71.67,10.19,12.31,89.4,0.978,2.16,2.58
2011,semi-finals,New York Rangers,50.4,59.16,32.5,41.91,24.68,28.41,84.82,7.05,12.51,92.41,0.967,1.76,2.65
2011,semi-finals,Washington Capitals,61.06,51.35,42.84,35.08,27.26,25.85,76.47,12.08,8.95,92.25,0.992,2.48,1.98
2011,semi-finals,Buffalo Sabres,54.03,63.36,40.01,46.98,21.04,28.49,83.83,10.45,14.43,90.57,0.973,2.09,2.77
2011,semi-finals,Philadelphia Flyers,60.4,58.4,44.35,42.67,26.99,24.68,77.7,12.07,11.27,89.7,0.967,2.42,2.36
2011,semi-finals,Montreal Canadiens,55.17,64.51,39.75,45.4,20.27,28.04,84.48,7.48,8.39,92.59,0.978,1.87,2.31
2011,semi-finals,Boston Bruins,64.85,55.31,45.94,39.86,28.92,21.73,86.47,9.83,7.74,95.56,1.058,2.47,1.86
2011,semi-finals,Tampa Bay Lightning,49.68,67.75,37.51,46.95,23.6,26.69,85.21,10.07,10.74,93.65,1.037,2.08,2.19
2011,semi-finals,Pittsburgh Penguins,69.75,47.97,48.39,36.64,27.37,21.37,73.82,10.38,9.06,91.26,0.977,2.17,1.95
2011,semi-finals,Chicago Blackhawks,48.17,59.43,38.09,42.85,20.08,25.12,81.48,8.97,9.4,93.98,1.021,1.99,2.01
2011,semi-finals,Vancouver Canucks,57.9,46.38,41.21,34.23,25.6,19.77,86.39,9.02,8.29,92.83,0.984,1.94,1.79
2011,semi-finals,Los Angeles Kings,52.87,64.09,37.71,47.12,20.92,30.89,79.55,8.91,11.32,90.77,1.013,1.92,2.65
2011,semi-finals,San Jose Sharks,60.09,60.94,43.87,43.51,28.15,26.19,82.61,10.79,9.86,91.78,1.002,2.44,2.23
2011,semi-finals,Phoenix Coyotes,54.14,67.03,41.22,53.98,26.18,33.65,80.21,8.32,14.87,88.23,0.929,2,2.7
2011,semi-finals,Detroit Red Wings,67.75,55.67,50.58,41.06,31.89,25.88,89.74,12.19,9.6,93.35,1.019,2.57,2.17
2011,semi-finals,Nashville Predators,51.13,53.34,36.13,38.26,22.33,24.35,84,9.71,9.32,93.49,1.019,2.02,2
2011,semi-finals,Anaheim Ducks,49.91,59.21,36.9,43.53,22.21,25.81,71.67,10.19,12.31,89.4,0.978,2.16,2.58
2011,finals,New York Rangers,50.4,59.16,32.5,41.91,24.68,28.41,84.82,7.05,12.51,92.41,0.967,1.76,2.65
2011,finals,Washington Capitals,61.06,51.35,42.84,35.08,27.26,25.85,76.47,12.08,8.95,92.25,0.992,2.48,1.98
2011,finals,Buffalo Sabres,54.03,63.36,40.01,46.98,21.04,28.49,83.83,10.45,14.43,90.57,0.973,2.09,2.77
2011,finals,Philadelphia Flyers,60.4,58.4,44.35,42.67,26.99,24.68,77.7,12.07,11.27,89.7,0.967,2.42,2.36
2011,finals,Montreal Canadiens,55.17,64.51,39.75,45.4,20.27,28.04,84.48,7.48,8.39,92.59,0.978,1.87,2.31
2011,finals,Boston Bruins,61.8,56.25,44.07,41.39,27.02,23.67,83.83,9.39,8.93,94.24,1.045,2.24,1.97
2011,finals,Tampa Bay Lightning,52.88,63.39,40.05,44.57,24.91,25.56,81.63,10.41,9.93,92.26,1.014,2.1,2.06
2011,finals,Pittsburgh Penguins,69.75,47.97,48.39,36.64,27.37,21.37,73.82,10.38,9.06,91.26,0.977,2.17,1.95
2011,finals,Chicago Blackhawks,48.17,59.43,38.09,42.85,20.08,25.12,81.48,8.97,9.4,93.98,1.021,1.99,2.01
2011,finals,Vancouver Canucks,57.55,50.69,40.42,37.21,25.73,20.93,87.23,9.85,9.15,93.79,1.002,1.98,1.91
2011,finals,Los Angeles Kings,52.87,64.09,37.71,47.12,20.92,30.89,79.55,8.91,11.32,90.77,1.013,1.92,2.65
2011,finals,San Jose Sharks,60.79,59.69,44.32,41.99,26.99,26.16,83.69,11,10.52,91.63,0.988,2.38,2.18
2011,finals,Phoenix Coyotes,54.14,67.03,41.22,53.98,26.18,33.65,80.21,8.32,14.87,88.23,0.929,2,2.7
2011,finals,Detroit Red Wings,67.75,55.67,50.58,41.06,31.89,25.88,89.74,12.19,9.6,93.35,1.019,2.57,2.17
2011,finals,Nashville Predators,51.13,53.34,36.13,38.26,22.33,24.35,84,9.71,9.32,93.49,1.019,2.02,2
2011,finals,Anaheim Ducks,49.91,59.21,36.9,43.53,22.21,25.81,71.67,10.19,12.31,89.4,0.978,2.16,2.58
2012,quarter-finals,Ottawa Senators,68.36,51.96,47,40.32,33.71,28.81,87.08,11.27,11.23,94,0.985,2.62,2.31
2012,quarter-finals,New York Rangers,51.96,68.36,40.32,47,28.81,33.71,89.13,11.23,11.27,95.52,1.015,2.31,2.62
2012,quarter-finals,Washington Capitals,46.9,60.67,35.06,44.32,15.43,23.52,79.91,5.66,7.53,94.53,1.018,1.38,1.94
2012,quarter-finals,Boston Bruins,60.67,46.9,44.32,35.06,23.52,15.43,78.06,7.53,5.66,92.74,0.982,1.94,1.38
2012,quarter-finals,New Jersey Devils,50.11,40.38,37.53,32.16,20.89,16.87,87.36,8.76,6.66,95.68,1.036,2.09,1.59
2012,quarter-finals,Florida Panthers,40.38,50.11,32.16,37.53,16.87,20.89,83.52,6.66,8.76,92.07,0.964,1.59,2.09
2012,quarter-finals,Philadelphia Flyers,45.87,59.53,32.22,40.45,21.53,27.3,67.45,9.83,10.24,87.96,0.997,1.74,2.41
2012,quarter-finals,Pittsburgh Penguins,59.53,45.87,40.45,32.22,27.3,21.53,77.34,10.24,9.83,88.22,1.003,2.41,1.74
2012,quarter-finals,Los Angeles Kings,58.67,68.47,44.67,48.22,29.37,28.86,93.88,12.5,11.48,96.27,1.016,2.69,2.04
2012,quarter-finals,Vancouver Canucks,68.47,58.67,48.22,44.67,28.86,29.37,87.49,11.48,12.5,94.67,0.984,2.04,2.69
2012,quarter-finals,San Jose Sharks,53.21,50.76,35.2,37.27,27.21,21.48,79.59,8.58,6.6,94.16,0.973,1.93,1.83
2012,quarter-finals,St Louis Blues,50.76,53.21,37.27,35.2,21.48,27.21,96.43,6.6,8.58,96.91,1.027,1.83,1.93
2012,quarter-finals,Chicago Blackhawks,67.41,42.61,47.35,32.49,29.27,19.03,74.72,11.57,6.18,90.76,0.946,2.49,1.53
2012,quarter-finals,Phoenix Coyotes,42.61,67.41,32.49,47.35,19.03,29.27,100,6.18,11.57,96.16,1.054,1.53,2.49
2012,quarter-finals,Detroit Red Wings,55.52,44.04,42.93,31.84,20.39,19.22,71.89,7.9,8.6,86.99,0.906,2,1.56
2012,quarter-finals,Nashville Predators,44.04,55.52,31.84,42.93,19.22,20.39,91.06,8.6,7.9,96.36,1.094,1.56,2
2012,semi-finals,Ottawa Senators,68.36,51.96,47,40.32,33.71,28.81,87.08,11.27,11.23,94,0.985,2.62,2.31
2012,semi-finals,New York Rangers,55.61,56.37,39.39,39,28.57,25.66,87.34,10.38,9.95,94.58,1.001,2.22,2.17
2012,semi-finals,Washington Capitals,46.88,59.55,33.82,41.39,17.42,26.03,81.91,7.34,8.66,94.73,1.016,1.6,2.05
2012,semi-finals,Boston Bruins,60.67,46.9,44.32,35.06,23.52,15.43,78.06,7.53,5.66,92.74,0.982,1.94,1.38
2012,semi-finals,New Jersey Devils,52.88,41.07,39.35,31.56,22.52,16.68,85.22,10.03,6.51,94.65,1.028,2.23,1.61
2012,semi-finals,Florida Panthers,40.38,50.11,32.16,37.53,16.87,20.89,83.52,6.66,8.76,92.07,0.964,1.59,2.09
2012,semi-finals,Philadelphia Flyers,43.98,58.15,31.49,41.14,19.02,26.05,74.62,8.11,11,89.82,0.992,1.69,2.41
2012,semi-finals,Pittsburgh Penguins,59.53,45.87,40.45,32.22,27.3,21.53,77.34,10.24,9.83,88.22,1.003,2.41,1.74
2012,semi-finals,Los Angeles Kings,55.93,57.59,41.47,42.95,26.71,23.66,87.26,10.91,9.15,94.51,1.038,2.44,1.9
2012,semi-finals,Vancouver Canucks,68.47,58.67,48.22,44.67,28.86,29.37,87.49,11.48,12.5,94.67,0.984,2.04,2.69
2012,semi-finals,San Jose Sharks,53.21,50.76,35.2,37.27,27.21,21.48,79.59,8.58,6.6,94.16,0.973,1.93,1.83
2012,semi-finals,St Louis Blues,47.81,52.86,36.78,36.03,19.64,25.63,89.96,6.4,8.68,91.83,0.988,1.79,2.01
2012,semi-finals,Chicago Blackhawks,67.41,42.61,47.35,32.49,29.27,19.03,74.72,11.57,6.18,90.76,0.946,2.49,1.53
2012,semi-finals,Phoenix Coyotes,49.36,62.89,36.01,46.75,20.68,27.13,94.85,6.83,11.68,95.75,1.047,1.64,2.47
2012,semi-finals,Detroit Red Wings,55.52,44.04,42.93,31.84,20.39,19.22,71.89,7.9,8.6,86.99,0.906,2,1.56
2012,semi-finals,Nashville Predators,51.16,56.77,39.49,41.59,22.04,21.66,81.54,10.33,7.76,93.74,1.019,2.04,1.88
2012,finals,Ottawa Senators,68.36,51.96,47,40.32,33.71,28.81,87.08,11.27,11.23,94,0.985,2.62,2.31
2012,finals,New York Rangers,52.43,55.67,37.63,38.57,26.82,25.67,83.43,9.82,9.84,93.7,0.995,2.11,2.19
2012,finals,Washington Capitals,46.88,59.55,33.82,41.39,17.42,26.03,81.91,7.34,8.66,94.73,1.016,1.6,2.05
2012,finals,Boston Bruins,60.67,46.9,44.32,35.06,23.52,15.43,78.06,7.53,5.66,92.74,0.982,1.94,1.38
2012,finals,New Jersey Devils,53.23,42.2,38.77,32.12,23.53,18.54,84.68,9.88,7.12,94.21,1.024,2.24,1.69
2012,finals,Florida Panthers,40.38,50.11,32.16,37.53,16.87,20.89,83.52,6.66,8.76,92.07,0.964,1.59,2.09
2012,finals,Philadelphia Flyers,43.98,58.15,31.49,41.14,19.02,26.05,74.62,8.11,11,89.82,0.992,1.69,2.41
2012,finals,Pittsburgh Penguins,59.53,45.87,40.45,32.22,27.3,21.53,77.34,10.24,9.83,88.22,1.003,2.41,1.74
2012,finals,Los Angeles Kings,62,55.25,46.65,41.4,27.68,22.65,87.88,12.66,8.84,94.47,1.023,2.63,1.92
2012,finals,Vancouver Canucks,68.47,58.67,48.22,44.67,28.86,29.37,87.49,11.48,12.5,94.67,0.984,2.04,2.69
2012,finals,San Jose Sharks,53.21,50.76,35.2,37.27,27.21,21.48,79.59,8.58,6.6,94.16,0.973,1.93,1.83
2012,finals,St Louis Blues,47.81,52.86,36.78,36.03,19.64,25.63,89.96,6.4,8.68,91.83,0.988,1.79,2.01
2012,finals,Chicago Blackhawks,67.41,42.61,47.35,32.49,29.27,19.03,74.72,11.57,6.18,90.76,0.946,2.49,1.53
2012,finals,Phoenix Coyotes,49.96,65.53,36.85,49.19,20.77,27.76,91.73,7.27,12.79,95.13,1.031,1.73,2.6
2012,finals,Detroit Red Wings,55.52,44.04,42.93,31.84,20.39,19.22,71.89,7.9,8.6,86.99,0.906,2,1.56
2012,finals,Nashville Predators,51.16,56.77,39.49,41.59,22.04,21.66,81.54,10.33,7.76,93.74,1.019,2.04,1.88
2013,quarter-finals,New York Islanders,59.58,53.6,43.2,39.8,30.1,28.07,78.75,13.03,12.07,86.62,0.954,2.66,2.35
2013,quarter-finals,Pittsburgh Penguins,53.6,59.58,39.8,43.2,28.07,30.1,83.59,12.07,13.03,91.19,1.046,2.35,2.66
2013,quarter-finals,Ottawa Senators,60.67,60.53,42.52,45.79,22.7,28.8,88.36,9.09,13.94,95.33,1.05,2,2.42
2013,quarter-finals,Montreal Canadiens,60.53,60.67,45.79,42.52,28.8,22.7,73.08,13.94,9.09,90.28,0.95,2.42,2
2013,quarter-finals,New York Rangers,56.27,67.83,40.08,45.44,26.44,31.84,89.35,12.49,13.64,95.16,1.041,2.46,2.6
2013,quarter-finals,Washington Capitals,67.83,56.27,45.44,40.08,31.84,26.44,80.68,13.64,12.49,91.07,0.959,2.6,2.46
2013,quarter-finals,Toronto Maple Leafs,55.33,71.1,41.99,52.74,25.33,29.94,92.1,9.6,10.86,93.54,1.002,2.18,2.6
2013,quarter-finals,Boston Bruins,71.1,55.33,52.74,41.99,29.94,25.33,84.33,10.86,9.6,93.35,0.998,2.6,2.18
2013,quarter-finals,Minnesota Wild,40.76,62.74,30.61,45.63,16.89,23.69,77.26,6.99,7.89,91.29,0.981,1.47,2.03
2013,quarter-finals,Chicago Blackhawks,62.74,40.76,45.63,30.61,23.69,16.89,85.1,7.89,6.99,93.2,1.019,2.03,1.47
2013,quarter-finals,Detroit Red Wings,61.37,50.27,45.07,38.77,29.11,28.78,83.65,11.68,11.49,92.98,0.993,2.34,2.27
2013,quarter-finals,Anaheim Ducks,50.27,61.37,38.77,45.07,28.78,29.11,87.82,11.49,11.68,93.66,1.007,2.27,2.34
2013,quarter-finals,San Jose Sharks,50.8,59.35,40.69,41.14,27.45,19.99,94.62,12.82,7.84,94.03,1.012,2.67,1.87
2013,quarter-finals,Vancouver Canucks,59.35,50.8,41.14,40.69,19.99,27.45,86.99,7.84,12.82,92.83,0.988,1.87,2.67
2013,quarter-finals,Los Angeles Kings,50.72,51.84,39.27,41.27,22.73,24.59,91.67,7.91,9.02,95.84,1.018,1.9,2.15
2013,quarter-finals,St Louis Blues,51.84,50.72,41.27,39.27,24.59,22.73,86.67,9.02,7.91,94.06,0.982,2.15,1.9
2013,semi-finals,New York Islanders,59.58,53.6,43.2,39.8,30.1,28.07,78.75,13.03,12.07,86.62,0.954,2.66,2.35
2013,semi-finals,Pittsburgh Penguins,56.18,58.5,43.48,42.42,26.95,26.53,82.45,10.82,10.48,92.62,1.032,2.31,2.29
2013,semi-finals,Ottawa Senators,58.84,59.9,41.96,46.93,22.42,27.12,80.55,8.19,11.5,93.53,1.011,1.92,2.34
2013,semi-finals,Montreal Canadiens,60.53,60.67,45.79,42.52,28.8,22.7,73.08,13.94,9.09,90.28,0.95,2.42,2
2013,semi-finals,New York Rangers,56.04,68.08,39.51,47.86,26,30.93,86.23,11.27,13.23,94.45,1.022,2.24,2.64
2013,semi-finals,Washington Capitals,67.83,56.27,45.44,40.08,31.84,26.44,80.68,13.64,12.49,91.07,0.959,2.6,2.46
2013,semi-finals,Toronto Maple Leafs,55.33,71.1,41.99,52.74,25.33,29.94,92.1,9.6,10.86,93.54,1.002,2.18,2.6
2013,semi-finals,Boston Bruins,69.96,55.5,52.04,40.61,29.84,25.36,84.37,11.63,9.61,93.49,0.999,2.63,2.08
2013,semi-finals,Minnesota Wild,40.76,62.74,30.61,45.63,16.89,23.69,77.26,6.99,7.89,91.29,0.981,1.47,2.03
2013,semi-finals,Chicago Blackhawks,60.19,43.88,45.85,33.36,26.72,21.01,83.05,9.76,8.85,92.9,0.997,2.22,1.8
2013,semi-finals,Detroit Red Wings,54.11,54.09,40.46,42.28,26.77,28.94,85.1,11.02,11.37,93.94,1.007,2.21,2.32
2013,semi-finals,Anaheim Ducks,50.27,61.37,38.77,45.07,28.78,29.11,87.82,11.49,11.68,93.66,1.007,2.27,2.34
2013,semi-finals,San Jose Sharks,54.27,57.36,41.49,40.45,27.04,20.44,94.26,12.4,7.63,94.27,0.99,2.59,1.8
2013,semi-finals,Vancouver Canucks,59.35,50.8,41.14,40.69,19.99,27.45,86.99,7.84,12.82,92.83,0.988,1.87,2.67
2013,semi-finals,Los Angeles Kings,53.49,54.15,39.66,41.63,21.7,25.71,94.33,7.7,10.61,96.39,1.021,1.83,2.35
2013,semi-finals,St Louis Blues,51.84,50.72,41.27,39.27,24.59,22.73,86.67,9.02,7.91,94.06,0.982,2.15,1.9
2013,finals,New York Islanders,59.58,53.6,43.2,39.8,30.1,28.07,78.75,13.03,12.07,86.62,0.954,2.66,2.35
2013,finals,Pittsburgh Penguins,55.74,57.09,42.67,41.47,25.54,24.6,78.77,9.43,10.07,91.41,0.999,2.18,2.14
2013,finals,Ottawa Senators,58.84,59.9,41.96,46.93,22.42,27.12,80.55,8.19,11.5,93.53,1.011,1.92,2.34
2013,finals,Montreal Canadiens,60.53,60.67,45.79,42.52,28.8,22.7,73.08,13.94,9.09,90.28,0.95,2.42,2
2013,finals,New York Rangers,56.04,68.08,39.51,47.86,26,30.93,86.23,11.27,13.23,94.45,1.022,2.24,2.64
2013,finals,Washington Capitals,67.83,56.27,45.44,40.08,31.84,26.44,80.68,13.64,12.49,91.07,0.959,2.6,2.46
2013,finals,Toronto Maple Leafs,55.33,71.1,41.99,52.74,25.33,29.94,92.1,9.6,10.86,93.54,1.002,2.18,2.6
2013,finals,Boston Bruins,65.8,55.27,48.77,40.58,27.25,24.47,87.09,10.97,8.64,94.51,1.021,2.41,2.02
2013,finals,Minnesota Wild,40.76,62.74,30.61,45.63,16.89,23.69,77.26,6.99,7.89,91.29,0.981,1.47,2.03
2013,finals,Chicago Blackhawks,56.26,44.4,42.84,34.21,25.33,20.98,84.9,9.21,7.88,93.43,1.012,2.15,1.74
2013,finals,Detroit Red Wings,54.11,54.09,40.46,42.28,26.77,28.94,85.1,11.02,11.37,93.94,1.007,2.21,2.32
2013,finals,Anaheim Ducks,50.27,61.37,38.77,45.07,28.78,29.11,87.82,11.49,11.68,93.66,1.007,2.27,2.34
2013,finals,San Jose Sharks,54.27,57.36,41.49,40.45,27.04,20.44,94.26,12.4,7.63,94.27,0.99,2.59,1.8
2013,finals,Vancouver Canucks,59.35,50.8,41.14,40.69,19.99,27.45,86.99,7.84,12.82,92.83,0.988,1.87,2.67
2013,finals,Los Angeles Kings,51.15,52.26,38.6,40.07,21.47,24.71,89,7.13,9.84,94.4,1,1.76,2.25
2013,finals,St Louis Blues,51.84,50.72,41.27,39.27,24.59,22.73,86.67,9.02,7.91,94.06,0.982,2.15,1.9
2014,quarter-finals,Detroit Red Wings,50.37,50.94,37.61,37.76,18.58,20.85,79.03,6.79,7.53,94.89,0.985,1.68,1.69
2014,quarter-finals,Boston Bruins,50.94,50.37,37.76,37.61,20.85,18.58,85.84,7.53,6.79,96.41,1.015,1.69,1.68
2014,quarter-finals,Montreal Canadiens,62.35,50.56,48.11,35.6,31.17,23.63,80.28,10.72,8.36,92.14,1.025,2.52,1.95
2014,quarter-finals,Tampa Bay Lightning,50.56,62.35,35.6,48.11,23.63,31.17,83.23,8.36,10.72,89.62,0.975,1.95,2.52
2014,quarter-finals,Columbus Blue Jackets,50.57,62.17,37.17,47.19,19.79,25.2,83.98,8.41,7.12,92.74,0.98,1.75,2.13
2014,quarter-finals,Pittsburgh Penguins,62.17,50.57,47.19,37.17,25.2,19.79,79.83,7.12,8.41,94.76,1.02,2.13,1.75
2014,quarter-finals,Philadelphia Flyers,56.49,61.56,39.37,46.74,25.43,27.16,80.24,12.14,13.76,91.5,0.957,2.12,2.81
2014,quarter-finals,New York Rangers,61.56,56.49,46.74,39.37,27.16,25.43,88.96,13.76,12.14,95.77,1.043,2.81,2.12
2014,quarter-finals,Minnesota Wild,62.28,42.81,45.81,30.45,23.72,15.27,80.3,8.9,5.65,91.06,0.999,2.08,1.3
2014,quarter-finals,Colorado Avalanche,42.81,62.28,30.45,45.81,15.27,23.72,81.94,5.65,8.9,91.18,1.001,1.3,2.08
2014,quarter-finals,Chicago Blackhawks,55.93,53.94,39,39.29,27.56,20.54,81.11,8.85,8.9,92.91,1.03,2.1,1.9
2014,quarter-finals,St Louis Blues,53.94,55.93,39.29,39,20.54,27.56,83.55,8.9,8.85,89.94,0.97,1.9,2.1
2014,quarter-finals,Dallas Stars,62.48,55.42,44.49,38.9,28.94,24.03,82.88,10.47,11.65,91.01,1.005,2.6,2.48
2014,quarter-finals,Anaheim Ducks,55.42,62.48,38.9,44.49,24.03,28.94,78.38,11.65,10.47,90.46,0.995,2.48,2.6
2014,quarter-finals,Los Angeles Kings,62.68,56.25,46.17,45,26.1,30.18,79.37,10.68,12.99,90.25,0.999,2.46,2.78
2014,quarter-finals,San Jose Sharks,56.25,62.68,45,46.17,30.18,26.1,76.3,12.99,10.68,90.39,1.001,2.78,2.46
2014,semi-finals,Detroit Red Wings,50.37,50.94,37.61,37.76,18.58,20.85,79.03,6.79,7.53,94.89,0.985,1.68,1.69
2014,semi-finals,Boston Bruins,58.26,50.55,40.96,36.58,24.72,18.97,82.51,7.65,7.48,94.4,0.998,1.95,1.67
2014,semi-finals,Montreal Canadiens,55.04,58.53,40.45,40.34,23.7,25.97,89.02,8.98,7.97,93.66,1.022,1.98,2.07
2014,semi-finals,Tampa Bay Lightning,50.56,62.35,35.6,48.11,23.63,31.17,83.23,8.36,10.72,89.62,0.975,1.95,2.52
2014,semi-finals,Columbus Blue Jackets,50.57,62.17,37.17,47.19,19.79,25.2,83.98,8.41,7.12,92.74,0.98,1.75,2.13
2014,semi-finals,Pittsburgh Penguins,59.95,49.22,43.58,36.84,27.12,20.96,79.24,10.13,8.5,93.21,1.004,2.17,1.8
2014,semi-finals,Philadelphia Flyers,56.49,61.56,39.37,46.74,25.43,27.16,80.24,12.14,13.76,91.5,0.957,2.12,2.81
2014,semi-finals,New York Rangers,54.76,57.25,41.62,39.88,24.56,27.13,88.78,11.16,12.47,94.3,1.027,2.33,2.16
2014,semi-finals,Minnesota Wild,56.42,45.18,40.86,31.06,23.26,16.55,79.94,9.35,5.33,91.32,0.995,1.98,1.37
2014,semi-finals,Colorado Avalanche,42.81,62.28,30.45,45.81,15.27,23.72,81.94,5.65,8.9,91.18,1.001,1.3,2.08
2014,semi-finals,Chicago Blackhawks,51.95,52.05,35.46,37.44,22.88,21.62,84.76,6.96,9.36,92.81,1.022,1.78,1.89
2014,semi-finals,St Louis Blues,53.94,55.93,39.29,39,20.54,27.56,83.55,8.9,8.85,89.94,0.97,1.9,2.1
2014,semi-finals,Dallas Stars,62.48,55.42,44.49,38.9,28.94,24.03,82.88,10.47,11.65,91.01,1.005,2.6,2.48
2014,semi-finals,Anaheim Ducks,51.52,62.23,37.36,44.99,24.88,28.28,81.12,10.44,10.26,91.68,0.997,2.22,2.37
2014,semi-finals,Los Angeles Kings,62.35,52.31,45.77,40.51,26.94,27.81,81.37,10.39,11.22,91.32,0.999,2.33,2.39
2014,semi-finals,San Jose Sharks,56.25,62.68,45,46.17,30.18,26.1,76.3,12.99,10.68,90.39,1.001,2.78,2.46
2014,finals,Detroit Red Wings,50.37,50.94,37.61,37.76,18.58,20.85,79.03,6.79,7.53,94.89,0.985,1.68,1.69
2014,finals,Boston Bruins,58.26,50.55,40.96,36.58,24.72,18.97,82.51,7.65,7.48,94.4,0.998,1.95,1.67
2014,finals,Montreal Canadiens,53.32,58.59,39.17,40.66,24.16,26.02,86.49,9.95,8.75,92.61,1.015,2.07,2.16
2014,finals,Tampa Bay Lightning,50.56,62.35,35.6,48.11,23.63,31.17,83.23,8.36,10.72,89.62,0.975,1.95,2.52
2014,finals,Columbus Blue Jackets,50.57,62.17,37.17,47.19,19.79,25.2,83.98,8.41,7.12,92.74,0.98,1.75,2.13
2014,finals,Pittsburgh Penguins,59.95,49.22,43.58,36.84,27.12,20.96,79.24,10.13,8.5,93.21,1.004,2.17,1.8
2014,finals,Philadelphia Flyers,56.49,61.56,39.37,46.74,25.43,27.16,80.24,12.14,13.76,91.5,0.957,2.12,2.81
2014,finals,New York Rangers,55.92,55.02,41.54,38.87,25.02,26.55,88,10.94,12.34,93.21,1.019,2.34,2.19
2014,finals,Minnesota Wild,56.42,45.18,40.86,31.06,23.26,16.55,79.94,9.35,5.33,91.32,0.995,1.98,1.37
2014,finals,Colorado Avalanche,42.81,62.28,30.45,45.81,15.27,23.72,81.94,5.65,8.9,91.18,1.001,1.3,2.08
2014,finals,Chicago Blackhawks,51.95,53.24,35.94,38.3,23.22,22.26,80.94,7.81,9.58,91.23,1.004,1.91,2.02
2014,finals,St Louis Blues,53.94,55.93,39.29,39,20.54,27.56,83.55,8.9,8.85,89.94,0.97,1.9,2.1
2014,finals,Dallas Stars,62.48,55.42,44.49,38.9,28.94,24.03,82.88,10.47,11.65,91.01,1.005,2.6,2.48
2014,finals,Anaheim Ducks,51.52,62.23,37.36,44.99,24.88,28.28,81.12,10.44,10.26,91.68,0.997,2.22,2.37
2014,finals,Los Angeles Kings,59.81,52.18,43.62,39.16,25.66,26.36,81.76,10.23,10.52,91.25,1.008,2.3,2.3
2014,finals,San Jose Sharks,56.25,62.68,45,46.17,30.18,26.1,76.3,12.99,10.68,90.39,1.001,2.78,2.46
2015,quarter-finals,Ottawa Senators,61.52,59.78,42.61,43.54,22.72,22.25,87.5,8.55,10.14,94.69,0.994,1.91,1.95
2015,quarter-finals,Montreal Canadiens,59.78,61.52,43.54,42.61,22.25,22.72,93.58,10.14,8.55,95.27,1.006,1.95,1.91
2015,quarter-finals,Detroit Red Wings,42.5,43.46,31.58,33.52,19.86,19.13,74.45,6.31,6.96,90.4,0.957,1.46,1.73
2015,quarter-finals,Tampa Bay Lightning,43.46,42.5,33.52,31.58,19.13,19.86,84.9,6.96,6.31,94.68,1.043,1.73,1.46
2015,quarter-finals,Pittsburgh Penguins,52.43,52.03,36.2,37.72,24.8,21.54,84.01,12.92,10.56,93.67,0.994,2.23,2.23
2015,quarter-finals,New York Rangers,52.03,52.43,37.72,36.2,21.54,24.8,83.18,10.56,12.92,94.28,1.006,2.23,2.23
2015,quarter-finals,New York Islanders,62.87,61.38,44.95,42.24,26.12,27.34,85.19,10,8.61,92.67,1.004,2.16,2.16
2015,quarter-finals,Washington Capitals,61.38,62.87,42.24,44.95,27.34,26.12,84.52,8.61,10,92.27,0.996,2.16,2.16
2015,quarter-finals,Minnesota Wild,42.65,55.36,30.68,37.8,20.36,25.28,72.89,6.77,8.76,91.86,0.999,1.72,1.83
2015,quarter-finals,St Louis Blues,55.36,42.65,37.8,30.68,25.28,20.36,87.53,8.76,6.77,91.95,1.001,1.83,1.72
2015,quarter-finals,Chicago Blackhawks,61.23,55.67,41.78,41.59,24.71,23.04,78.86,8.59,8.87,92.41,1.005,1.95,2.17
2015,quarter-finals,Nashville Predators,55.67,61.23,41.59,41.78,23.04,24.71,86.74,8.87,8.59,91.93,0.995,2.17,1.95
2015,quarter-finals,Winnipeg Jets,52.17,58.21,39.28,46.56,23.24,27.27,77.91,9.1,14.13,89.96,0.973,1.96,2.6
2015,quarter-finals,Anaheim Ducks,58.21,52.17,46.56,39.28,27.27,23.24,80.38,14.13,9.1,92.61,1.027,2.6,1.96
2015,quarter-finals,Calgary Flames,51.62,62.5,36.7,40.74,26.77,28.6,90.86,10.67,11.34,93.2,1.017,2.03,2.27
2015,quarter-finals,Vancouver Canucks,62.5,51.62,40.74,36.7,28.6,26.77,86.31,11.34,10.67,91.5,0.983,2.27,2.03
2015,semi-finals,Ottawa Senators,61.52,59.78,42.61,43.54,22.72,22.25,87.5,8.55,10.14,94.69,0.994,1.91,1.95
2015,semi-finals,Montreal Canadiens,59.18,54.55,42.92,37.09,23.73,20.32,85.2,9.43,8.01,94.12,1.003,1.93,1.73
2015,semi-finals,Detroit Red Wings,42.5,43.46,31.58,33.52,19.86,19.13,74.45,6.31,6.96,90.4,0.957,1.46,1.73
2015,semi-finals,Tampa Bay Lightning,45.72,50.66,32.67,37.03,18.57,22.53,88.23,7.24,7.55,93.68,1.021,1.64,1.69
2015,semi-finals,Pittsburgh Penguins,52.43,52.03,36.2,37.72,24.8,21.54,84.01,12.92,10.56,93.67,0.994,2.23,2.23
2015,semi-finals,New York Rangers,58.13,57.34,41.3,40.89,28.07,27.64,83.29,11.26,12.74,94.28,0.999,2.39,2.59
2015,semi-finals,New York Islanders,62.87,61.38,44.95,42.24,26.12,27.34,85.19,10,8.61,92.67,1.004,2.16,2.16
2015,semi-finals,Washington Capitals,60.97,62.5,43.11,44.3,28.42,29.24,85.43,10.61,10.86,93.63,1.001,2.49,2.33
2015,semi-finals,Minnesota Wild,46.31,55.83,34.47,39.61,20.81,25.03,81.65,7.68,8.92,92.16,0.977,1.87,1.89
2015,semi-finals,St Louis Blues,55.36,42.65,37.8,30.68,25.28,20.36,87.53,8.76,6.77,91.95,1.001,1.83,1.72
2015,semi-finals,Chicago Blackhawks,59.48,54.19,41.97,41.02,24.69,22.46,81.93,8.8,8.92,94.06,1.019,1.96,2.14
2015,semi-finals,Nashville Predators,55.67,61.23,41.59,41.78,23.04,24.71,86.74,8.87,8.59,91.93,0.995,2.17,1.95
2015,semi-finals,Winnipeg Jets,52.17,58.21,39.28,46.56,23.24,27.27,77.91,9.1,14.13,89.96,0.973,1.96,2.6
2015,semi-finals,Anaheim Ducks,60.73,49.95,45.16,36.33,28.75,20.05,86.4,11.41,8.32,93.58,1.031,2.41,1.82
2015,semi-finals,Calgary Flames,50.04,62.67,35.42,42.18,22.57,29.23,86.18,9.33,10.35,92.19,0.994,1.88,2.26
2015,semi-finals,Vancouver Canucks,62.5,51.62,40.74,36.7,28.6,26.77,86.31,11.34,10.67,91.5,0.983,2.27,2.03
2015,finals,Ottawa Senators,61.52,59.78,42.61,43.54,22.72,22.25,87.5,8.55,10.14,94.69,0.994,1.91,1.95
2015,finals,Montreal Canadiens,59.18,54.55,42.92,37.09,23.73,20.32,85.2,9.43,8.01,94.12,1.003,1.93,1.73
2015,finals,Detroit Red Wings,42.5,43.46,31.58,33.52,19.86,19.13,74.45,6.31,6.96,90.4,0.957,1.46,1.73
2015,finals,Tampa Bay Lightning,48.34,50.93,35.45,37.19,21.17,22.74,82.08,8.85,8.29,92.69,1.005,1.9,1.79
2015,finals,Pittsburgh Penguins,52.43,52.03,36.2,37.72,24.8,21.54,84.01,12.92,10.56,93.67,0.994,2.23,2.23
2015,finals,New York Rangers,55.75,55.85,39.95,40.76,26.33,27.03,85.71,10.69,12.4,93.84,1.006,2.25,2.51
2015,finals,New York Islanders,62.87,61.38,44.95,42.24,26.12,27.34,85.19,10,8.61,92.67,1.004,2.16,2.16
2015,finals,Washington Capitals,60.97,62.5,43.11,44.3,28.42,29.24,85.43,10.61,10.86,93.63,1.001,2.49,2.33
2015,finals,Minnesota Wild,46.31,55.83,34.47,39.61,20.81,25.03,81.65,7.68,8.92,92.16,0.977,1.87,1.89
2015,finals,St Louis Blues,55.36,42.65,37.8,30.68,25.28,20.36,87.53,8.76,6.77,91.95,1.001,1.83,1.72
2015,finals,Chicago Blackhawks,60.38,55.78,41.29,42.33,25.42,24.09,81.84,8.84,9.84,93.35,1.011,2.04,2.2
2015,finals,Nashville Predators,55.67,61.23,41.59,41.78,23.04,24.71,86.74,8.87,8.59,91.93,0.995,2.17,1.95
2015,finals,Winnipeg Jets,52.17,58.21,39.28,46.56,23.24,27.27,77.91,9.1,14.13,89.96,0.973,1.96,2.6
2015,finals,Anaheim Ducks,59.33,55.7,44.62,38.33,27.53,23.18,80.96,11.24,8.6,92.95,1.015,2.35,1.98
2015,finals,Calgary Flames,50.04,62.67,35.42,42.18,22.57,29.23,86.18,9.33,10.35,92.19,0.994,1.88,2.26
2015,finals,Vancouver Canucks,62.5,51.62,40.74,36.7,28.6,26.77,86.31,11.34,10.67,91.5,0.983,2.27,2.03
2016,quarter-finals,New York Islanders,50.17,63.86,39.59,47.73,25.42,33.57,86.61,9.4,12.51,94.72,0.992,2.06,2.61
2016,quarter-finals,Florida Panthers,63.86,50.17,47.73,39.59,33.57,25.42,87.24,12.51,9.4,95.51,1.008,2.61,2.06
2016,quarter-finals,Detroit Red Wings,56.24,54.86,42.88,42.11,26.65,24.67,83.76,9.73,8.69,93.5,0.993,2.21,2.01
2016,quarter-finals,Tampa Bay Lightning,54.86,56.24,42.11,42.88,24.67,26.65,85.41,8.69,9.73,94.23,1.007,2.01,2.21
2016,quarter-finals,Philadelphia Flyers,53.61,63.32,37.16,42.92,21.61,28.58,94.29,9.03,12.37,95.11,0.978,1.66,2.31
2016,quarter-finals,Washington Capitals,63.32,53.61,42.92,37.16,28.58,21.61,91.99,12.37,9.03,97.31,1.022,2.31,1.66
2016,quarter-finals,New York Rangers,60.39,54.73,42.97,39.88,28.33,25.99,79.89,11.39,12.85,91.56,0.98,2.34,2.58
2016,quarter-finals,Pittsburgh Penguins,54.73,60.39,39.88,42.97,25.99,28.33,83.57,12.85,11.39,93.59,1.02,2.58,2.34
2016,quarter-finals,Minnesota Wild,47.8,64.21,32.92,40.74,19.29,23.53,75.34,8.41,9.55,87.54,0.968,1.66,1.83
2016,quarter-finals,Dallas Stars,64.21,47.8,40.74,32.92,23.53,19.29,67.08,9.55,8.41,90.78,1.032,1.83,1.66
2016,quarter-finals,Chicago Blackhawks,57.25,50.54,43.08,37.1,27.04,22.71,88.08,9.37,10.35,92.48,0.973,2.3,2.03
2016,quarter-finals,St Louis Blues,50.54,57.25,37.1,43.08,22.71,27.04,87.8,10.35,9.37,95.18,1.027,2.03,2.3
2016,quarter-finals,Nashville Predators,56.17,53.72,41.16,39.61,22.04,21.97,66.29,9.13,8.28,90.24,0.983,2,2.05
2016,quarter-finals,Anaheim Ducks,53.72,56.17,39.61,41.16,21.97,22.04,76.03,8.28,9.13,91.96,1.017,2.05,2
2016,quarter-finals,San Jose Sharks,54.12,56.85,39.43,36.67,27.44,23.61,77.25,12.2,11.03,91.94,1.02,2.29,1.82
2016,quarter-finals,Los Angeles Kings,56.85,54.12,36.67,39.43,23.61,27.44,85.42,11.03,12.2,89.94,0.98,1.82,2.29
2016,semi-finals,New York Islanders,50.93,62.12,39.5,46.08,25.46,32.43,85.79,9.73,12.4,92.74,0.977,2.08,2.48
2016,semi-finals,Florida Panthers,63.86,50.17,47.73,39.59,33.57,25.42,87.24,12.51,9.4,95.51,1.008,2.61,2.06
2016,semi-finals,Detroit Red Wings,56.24,54.86,42.88,42.11,26.65,24.67,83.76,9.73,8.69,93.5,0.993,2.21,2.01
2016,semi-finals,Tampa Bay Lightning,57.21,54.09,42.8,41.03,27.79,26.06,89.82,10.55,10.02,94.25,1.03,2.15,2.16
2016,semi-finals,Philadelphia Flyers,53.61,63.32,37.16,42.92,21.61,28.58,94.29,9.03,12.37,95.11,0.978,1.66,2.31
2016,semi-finals,Washington Capitals,63.76,59.85,44.45,43.6,29.15,23.83,83.95,11.97,9.38,94.35,0.996,2.3,1.94
2016,semi-finals,New York Rangers,60.39,54.73,42.97,39.88,28.33,25.99,79.89,11.39,12.85,91.56,0.98,2.34,2.58
2016,semi-finals,Pittsburgh Penguins,60.76,62.51,45.23,44.58,25.9,29.08,84.69,11.07,11.51,94.12,1.021,2.36,2.31
2016,semi-finals,Minnesota Wild,47.8,64.21,32.92,40.74,19.29,23.53,75.34,8.41,9.55,87.54,0.968,1.66,1.83
2016,semi-finals,Dallas Stars,59.24,51.32,41.11,37.08,25.24,22.63,72.92,11.4,9.41,90.27,0.997,2.14,1.98
2016,semi-finals,Chicago Blackhawks,57.25,50.54,43.08,37.1,27.04,22.71,88.08,9.37,10.35,92.48,0.973,2.3,2.03
2016,semi-finals,St Louis Blues,52.32,56.23,38.76,42.28,24,26.86,86.58,10.3,11.09,94.16,1.029,2.14,2.35
2016,semi-finals,Nashville Predators,56.98,56.54,39.48,39.11,22.67,23.11,76,8.51,9.27,91.62,0.987,1.9,2.02
2016,semi-finals,Anaheim Ducks,54.93,55.61,39.46,41.14,21.67,21.72,72.35,7.97,8.5,91.51,0.999,1.97,1.95
2016,semi-finals,San Jose Sharks,56.43,57.61,39.06,37.6,25.46,23.49,78.69,11.02,9.46,93.41,1.025,2.15,1.85
2016,semi-finals,Los Angeles Kings,56.85,54.12,36.67,39.43,23.61,27.44,85.42,11.03,12.2,89.94,0.98,1.82,2.29
2016,finals,New York Islanders,50.93,62.12,39.5,46.08,25.46,32.43,85.79,9.73,12.4,92.74,0.977,2.08,2.48
2016,finals,Florida Panthers,63.86,50.17,47.73,39.59,33.57,25.42,87.24,12.51,9.4,95.51,1.008,2.61,2.06
2016,finals,Detroit Red Wings,56.24,54.86,42.88,42.11,26.65,24.67,83.76,9.73,8.69,93.5,0.993,2.21,2.01
2016,finals,Tampa Bay Lightning,53.82,57.32,39.4,44.35,25.03,28.65,87.72,9.41,11.65,93.3,1.031,1.92,2.44
2016,finals,Philadelphia Flyers,53.61,63.32,37.16,42.92,21.61,28.58,94.29,9.03,12.37,95.11,0.978,1.66,2.31
2016,finals,Washington Capitals,63.76,59.85,44.45,43.6,29.15,23.83,83.95,11.97,9.38,94.35,0.996,2.3,1.94
2016,finals,New York Rangers,60.39,54.73,42.97,39.88,28.33,25.99,79.89,11.39,12.85,91.56,0.98,2.34,2.58
2016,finals,Pittsburgh Penguins,61.04,57.36,46.57,40.8,28.3,26.08,83.65,12.13,10.11,92.28,1.001,2.53,2.04
2016,finals,Minnesota Wild,47.8,64.21,32.92,40.74,19.29,23.53,75.34,8.41,9.55,87.54,0.968,1.66,1.83
2016,finals,Dallas Stars,59.24,51.32,41.11,37.08,25.24,22.63,72.92,11.4,9.41,90.27,0.997,2.14,1.98
2016,finals,Chicago Blackhawks,57.25,50.54,43.08,37.1,27.04,22.71,88.08,9.37,10.35,92.48,0.973,2.3,2.03
2016,finals,St Louis Blues,50.85,55.87,36.7,41.36,22,27.26,85.02,9.51,11.47,92.85,1.009,1.98,2.35
2016,finals,Nashville Predators,56.98,56.54,39.48,39.11,22.67,23.11,76,8.51,9.27,91.62,0.987,1.9,2.02
2016,finals,Anaheim Ducks,54.93,55.61,39.46,41.14,21.67,21.72,72.35,7.97,8.5,91.51,0.999,1.97,1.95
2016,finals,San Jose Sharks,55.97,54.35,39.04,35.68,26.34,21.43,78.62,11.46,8.85,93.7,1.034,2.21,1.76
2016,finals,Los Angeles Kings,56.85,54.12,36.67,39.43,23.61,27.44,85.42,11.03,12.2,89.94,0.98,1.82,2.29
2017,quarter-finals,New York Rangers,57.24,61.69,39.33,41.28,19.36,23.2,89.76,7.78,9,95.67,1.017,1.47,1.86
2017,quarter-finals,Montreal Canadiens,61.69,57.24,41.28,39.33,23.2,19.36,79.49,9,7.78,93.95,0.983,1.86,1.47
2017,quarter-finals,Boston Bruins,52.27,53.93,36.66,39.86,22.36,19.79,85.35,7.87,8.21,93.38,1,1.68,1.82
2017,quarter-finals,Ottawa Senators,53.93,52.27,39.86,36.66,19.79,22.36,84.12,8.21,7.87,93.35,1,1.82,1.68
2017,quarter-finals,Toronto Maple Leafs,61.84,65.37,43.75,46.6,27.58,29.03,87.13,12.35,9.69,93.32,1.003,2.27,2.22
2017,quarter-finals,Washington Capitals,65.37,61.84,46.6,43.75,29.03,27.58,83.3,9.69,12.35,93.02,0.997,2.22,2.27
2017,quarter-finals,Columbus Blue Jackets,64.52,57.09,46.76,41.49,31.29,29.41,76.43,11.37,13.88,90,0.968,2.75,2.84
2017,quarter-finals,Pittsburgh Penguins,57.09,64.52,41.49,46.76,29.41,31.29,81.05,13.88,11.37,93.18,1.032,2.84,2.75
2017,quarter-finals,Nashville Predators,58.96,53.65,39.97,37.6,25.97,19.89,94.73,10.03,8.42,99.02,1.086,2.31,1.98
2017,quarter-finals,Chicago Blackhawks,53.65,58.96,37.6,39.97,19.89,25.97,69.87,8.42,10.03,90.4,0.914,1.98,2.31
2017,quarter-finals,St Louis Blues,43.95,64.23,32.35,46.28,16.14,24.54,96.19,6.64,8.59,97.13,1.046,1.49,2.06
2017,quarter-finals,Minnesota Wild,64.23,43.95,46.28,32.35,24.54,16.14,82.23,8.59,6.64,92.56,0.954,2.06,1.49
2017,quarter-finals,Calgary Flames,61.51,59.76,46.16,44.67,27.29,23.5,85.57,11.74,10.49,90.23,0.922,2.46,2.25
2017,quarter-finals,Anaheim Ducks,59.76,61.51,44.67,46.16,23.5,27.29,95.68,10.49,11.74,97.99,1.078,2.25,2.46
2017,quarter-finals,San Jose Sharks,55.18,60.43,38.17,39.39,24.48,25,86.67,9.35,9.6,94.83,1.011,2.05,2.2
2017,quarter-finals,Edmonton Oilers,60.43,55.18,39.39,38.17,25,24.48,84.76,9.6,9.35,93.76,0.989,2.2,2.05
2017,semi-finals,New York Rangers,57.13,60.09,41.35,40.95,23.87,22.82,88.08,10.51,9.12,93.65,1.016,1.93,1.85
2017,semi-finals,Montreal Canadiens,61.69,57.24,41.28,39.33,23.2,19.36,79.49,9,7.78,93.95,0.983,1.86,1.47
2017,semi-finals,Boston Bruins,52.27,53.93,36.66,39.86,22.36,19.79,85.35,7.87,8.21,93.38,1,1.68,1.82
2017,semi-finals,Ottawa Senators,56.13,54.59,40.23,39.96,21.07,25.36,83.88,8.71,10.52,91.63,0.992,1.83,2.03
2017,semi-finals,Toronto Maple Leafs,61.84,65.37,43.75,46.6,27.58,29.03,87.13,12.35,9.69,93.32,1.003,2.27,2.22
2017,semi-finals,Washington Capitals,66.56,53.32,46.37,38.63,31.35,23.96,84.59,9.93,10.47,92.04,0.991,2.33,1.94
2017,semi-finals,Columbus Blue Jackets,64.52,57.09,46.76,41.49,31.29,29.41,76.43,11.37,13.88,90,0.968,2.75,2.84
2017,semi-finals,Pittsburgh Penguins,50.14,66.33,36.98,46.42,24.33,32.65,83.74,10.91,10.71,92.84,1.025,2.15,2.58
2017,semi-finals,Nashville Predators,56.42,52.67,38.82,38.33,26.92,22.18,83.42,8.33,7.62,95.51,1.046,2.15,2.03
2017,semi-finals,Chicago Blackhawks,53.65,58.96,37.6,39.97,19.89,25.97,69.87,8.42,10.03,90.4,0.914,1.98,2.31
2017,semi-finals,St Louis Blues,48.12,59.08,35.79,41.89,20.26,26.18,89.94,6.82,7.75,94.55,1.019,1.79,2.04
2017,semi-finals,Minnesota Wild,64.23,43.95,46.28,32.35,24.54,16.14,82.23,8.59,6.64,92.56,0.954,2.06,1.49
2017,semi-finals,Calgary Flames,61.51,59.76,46.16,44.67,27.29,23.5,85.57,11.74,10.49,90.23,0.922,2.46,2.25
2017,semi-finals,Anaheim Ducks,63.26,57.38,48.79,42.34,28.63,27,86.27,12.38,11.96,93.78,1.02,2.61,2.38
2017,semi-finals,San Jose Sharks,55.18,60.43,38.17,39.39,24.48,25,86.67,9.35,9.6,94.83,1.011,2.05,2.2
2017,semi-finals,Edmonton Oilers,57.57,60.58,39.88,45.14,26,28.23,86.49,10.95,11.54,92.91,1.001,2.27,2.46
2017,finals,New York Rangers,57.13,60.09,41.35,40.95,23.87,22.82,88.08,10.51,9.12,93.65,1.016,1.93,1.85
2017,finals,Montreal Canadiens,61.69,57.24,41.28,39.33,23.2,19.36,79.49,9,7.78,93.95,0.983,1.86,1.47
2017,finals,Boston Bruins,52.27,53.93,36.66,39.86,22.36,19.79,85.35,7.87,8.21,93.38,1,1.68,1.82
2017,finals,Ottawa Senators,52.18,54.48,37.63,39.77,20.52,24.63,85.34,8.28,9.75,92.65,1.002,1.74,2.03
2017,finals,Toronto Maple Leafs,61.84,65.37,43.75,46.6,27.58,29.03,87.13,12.35,9.69,93.32,1.003,2.27,2.22
2017,finals,Washington Capitals,66.56,53.32,46.37,38.63,31.35,23.96,84.59,9.93,10.47,92.04,0.991,2.33,1.94
2017,finals,Columbus Blue Jackets,64.52,57.09,46.76,41.49,31.29,29.41,76.43,11.37,13.88,90,0.968,2.75,2.84
2017,finals,Pittsburgh Penguins,51.75,58.22,37.93,41.29,23.96,27.58,80.56,9.95,9.48,92.7,1.007,2.1,2.2
2017,finals,Nashville Predators,58.35,54.12,41.57,39.54,26.8,22.2,83.77,9.74,8.34,94.25,1.029,2.36,2.17
2017,finals,Chicago Blackhawks,53.65,58.96,37.6,39.97,19.89,25.97,69.87,8.42,10.03,90.4,0.914,1.98,2.31
2017,finals,St Louis Blues,48.12,59.08,35.79,41.89,20.26,26.18,89.94,6.82,7.75,94.55,1.019,1.79,2.04
2017,finals,Minnesota Wild,64.23,43.95,46.28,32.35,24.54,16.14,82.23,8.59,6.64,92.56,0.954,2.06,1.49
2017,finals,Calgary Flames,61.51,59.76,46.16,44.67,27.29,23.5,85.57,11.74,10.49,90.23,0.922,2.46,2.25
2017,finals,Anaheim Ducks,60.87,58.86,46.23,43.7,26.35,26.85,85.28,11.38,12.01,93.06,1.011,2.54,2.5
2017,finals,San Jose Sharks,55.18,60.43,38.17,39.39,24.48,25,86.67,9.35,9.6,94.83,1.011,2.05,2.2
2017,finals,Edmonton Oilers,57.57,60.58,39.88,45.14,26,28.23,86.49,10.95,11.54,92.91,1.001,2.27,2.46
2018,quarter-finals,New Jersey Devils,47.07,61.38,38.05,48.77,19.09,27.81,86.77,7.02,9.65,92.95,0.983,1.77,2.51
2018,quarter-finals,Tampa Bay Lightning,61.38,47.07,48.77,38.05,27.81,19.09,100,9.65,7.02,94.63,1.017,2.51,1.77
2018,quarter-finals,Toronto Maple Leafs,54.91,61.29,41.5,47.42,27.27,29.59,83.11,10.07,9.9,90.83,0.996,2.22,2.47
2018,quarter-finals,Boston Bruins,61.29,54.91,47.42,41.5,29.59,27.27,82.52,9.9,10.07,91.22,1.004,2.47,2.22
2018,quarter-finals,Columbus Blue Jackets,57.19,59.97,41.5,41.51,24.7,27.08,91.8,8.54,12.31,92.62,1.009,1.94,2.2
2018,quarter-finals,Washington Capitals,59.97,57.19,41.51,41.5,27.08,24.7,80.77,12.31,8.54,91.76,0.991,2.2,1.94
2018,quarter-finals,Philadelphia Flyers,48.64,56.84,33.6,42.37,22.45,28.17,62.84,7.47,9.55,84.94,0.938,1.82,2.32
2018,quarter-finals,Pittsburgh Penguins,56.84,48.64,42.37,33.6,28.17,22.45,85.3,9.55,7.47,91.17,1.062,2.32,1.82
2018,quarter-finals,Colorado Avalanche,53.85,67.07,36.15,49.38,22.77,25.29,82.97,8.31,9.88,90.69,0.987,1.94,2.35
2018,quarter-finals,Nashville Predators,67.07,53.85,49.38,36.15,25.29,22.77,73.68,9.88,8.31,92,1.013,2.35,1.94
2018,quarter-finals,Minnesota Wild,44.94,68.42,32.26,50.53,17.88,27.8,87.23,7.48,11.02,92.28,0.983,1.51,2.41
2018,quarter-finals,Winnipeg Jets,68.42,44.94,50.53,32.26,27.8,17.88,87.53,11.02,7.48,93.93,1.017,2.41,1.51
2018,quarter-finals,Los Angeles Kings,55.28,64.34,38.43,45.81,20.06,29.48,91.96,6.32,11.12,94.26,0.952,1.64,2.31
2018,quarter-finals,Vegas Golden Knights,64.34,55.28,45.81,38.43,29.48,20.06,100,11.12,6.32,99.04,1.048,2.31,1.64
2018,quarter-finals,San Jose Sharks,62.29,60.86,45.21,43.81,30.13,25.51,95.91,12.43,10.59,97.81,1.086,2.45,2.27
2018,quarter-finals,Anaheim Ducks,60.86,62.29,43.81,45.21,25.51,30.13,73.93,10.59,12.43,89.18,0.914,2.27,2.45
2018,semi-finals,New Jersey Devils,47.07,61.38,38.05,48.77,19.09,27.81,86.77,7.02,9.65,92.95,0.983,1.77,2.51
2018,semi-finals,Tampa Bay Lightning,60.2,46.85,46.19,35.65,26.68,19.37,94.5,9.51,6.45,94.1,1.017,2.29,1.62
2018,semi-finals,Toronto Maple Leafs,54.91,61.29,41.5,47.42,27.27,29.59,83.11,10.07,9.9,90.83,0.996,2.22,2.47
2018,semi-finals,Boston Bruins,55.1,56.7,41.53,42.51,25.37,26.6,81.27,8.23,9.79,91.54,0.998,2.06,2.16
2018,semi-finals,Columbus Blue Jackets,57.19,59.97,41.5,41.51,24.7,27.08,91.8,8.54,12.31,92.62,1.009,1.94,2.2
2018,semi-finals,Washington Capitals,59.23,56.34,40.76,40.78,27.45,25.59,88.46,10.68,10.15,92.96,1.009,2.09,2.07
2018,semi-finals,Philadelphia Flyers,48.64,56.84,33.6,42.37,22.45,28.17,62.84,7.47,9.55,84.94,0.938,1.82,2.32
2018,semi-finals,Pittsburgh Penguins,56.07,53.88,41.1,36.99,27.31,25.34,74.08,10.82,8.23,91.24,1.018,2.26,1.9
2018,semi-finals,Colorado Avalanche,53.85,67.07,36.15,49.38,22.77,25.29,82.97,8.31,9.88,90.69,0.987,1.94,2.35
2018,semi-finals,Nashville Predators,63.71,58.47,47.18,41.82,27.68,25.92,78.52,10.88,10.16,92.11,0.996,2.36,2.33
2018,semi-finals,Minnesota Wild,44.94,68.42,32.26,50.53,17.88,27.8,87.23,7.48,11.02,92.28,0.983,1.51,2.41
2018,semi-finals,Winnipeg Jets,64.49,54.68,47.81,40.19,28.05,24.77,82.34,11.31,9.94,94,1.018,2.53,2.03
2018,semi-finals,Los Angeles Kings,55.28,64.34,38.43,45.81,20.06,29.48,91.96,6.32,11.12,94.26,0.952,1.64,2.31
2018,semi-finals,Vegas Golden Knights,63.77,55.61,44.49,38.47,28.55,22.88,91.63,11.72,9.99,96.68,1.042,2.28,1.97
2018,semi-finals,San Jose Sharks,58.33,62.38,41.07,43.61,27,26.94,89.88,12.65,11.57,93.72,1.011,2.32,2.26
2018,semi-finals,Anaheim Ducks,60.86,62.29,43.81,45.21,25.51,30.13,73.93,10.59,12.43,89.18,0.914,2.27,2.45
2018,finals,New Jersey Devils,47.07,61.38,38.05,48.77,19.09,27.81,86.77,7.02,9.65,92.95,0.983,1.77,2.51
2018,finals,Tampa Bay Lightning,57.36,50.28,42.52,39.11,25.58,23.11,93.52,9.83,7.78,92.87,0.998,2.16,1.83
2018,finals,Toronto Maple Leafs,54.91,61.29,41.5,47.42,27.27,29.59,83.11,10.07,9.9,90.83,0.996,2.22,2.47
2018,finals,Boston Bruins,55.1,56.7,41.53,42.51,25.37,26.6,81.27,8.23,9.79,91.54,0.998,2.06,2.16
2018,finals,Columbus Blue Jackets,57.19,59.97,41.5,41.51,24.7,27.08,91.8,8.54,12.31,92.62,1.009,1.94,2.2
2018,finals,Washington Capitals,57.75,55.31,41.87,39.6,27.75,25.05,87.56,10.3,10.19,93.4,1.016,2.1,2.04
2018,finals,Philadelphia Flyers,48.64,56.84,33.6,42.37,22.45,28.17,62.84,7.47,9.55,84.94,0.938,1.82,2.32
2018,finals,Pittsburgh Penguins,56.07,53.88,41.1,36.99,27.31,25.34,74.08,10.82,8.23,91.24,1.018,2.26,1.9
2018,finals,Colorado Avalanche,53.85,67.07,36.15,49.38,22.77,25.29,82.97,8.31,9.88,90.69,0.987,1.94,2.35
2018,finals,Nashville Predators,63.71,58.47,47.18,41.82,27.68,25.92,78.52,10.88,10.16,92.11,0.996,2.36,2.33
2018,finals,Minnesota Wild,44.94,68.42,32.26,50.53,17.88,27.8,87.23,7.48,11.02,92.28,0.983,1.51,2.41
2018,finals,Winnipeg Jets,63.04,55.11,46.89,40.02,27.5,25.71,81.04,12.2,10.05,92.9,1,2.58,2.11
2018,finals,Los Angeles Kings,55.28,64.34,38.43,45.81,20.06,29.48,91.96,6.32,11.12,94.26,0.952,1.64,2.31
2018,finals,Vegas Golden Knights,61.38,56.76,42.92,40.38,28.43,23.9,91.88,11.28,11.43,96.13,1.044,2.3,2.21
2018,finals,San Jose Sharks,58.33,62.38,41.07,43.61,27,26.94,89.88,12.65,11.57,93.72,1.011,2.32,2.26
2018,finals,Anaheim Ducks,60.86,62.29,43.81,45.21,25.51,30.13,73.93,10.59,12.43,89.18,0.914,2.27,2.45
2019,quarter-finals,Columbus Blue Jackets,45.27,50.65,33.48,36.18,19.97,22.41,85.85,7.43,8.77,93.75,1.03,1.6,1.86
2019,quarter-finals,Tampa Bay Lightning,50.65,45.27,36.18,33.48,22.41,19.97,79.06,8.77,7.43,90.7,0.97,1.86,1.6
2019,quarter-finals,Toronto Maple Leafs,58.45,60.66,44.48,47.86,29.31,29.23,86.34,9.65,10.24,94.52,1.01,2.31,2.28
2019,quarter-finals,Boston Bruins,60.66,58.45,47.86,44.48,29.23,29.31,89.73,10.24,9.65,93.49,0.99,2.28,2.31
2019,quarter-finals,Carolina Hurricanes,62.75,44.13,47.11,32.67,25.97,20.47,83.26,11.84,8.96,91.42,0.996,2.5,1.82
2019,quarter-finals,Washington Capitals,44.13,62.75,32.67,47.11,20.47,25.97,73.98,8.96,11.84,91.79,1.004,1.82,2.5
2019,quarter-finals,Pittsburgh Penguins,67.93,58.12,50.81,42.39,30.98,32.75,82.99,11.59,13.27,89.16,0.928,2.58,2.66
2019,quarter-finals,New York Islanders,58.12,67.93,42.39,50.81,32.75,30.98,96.3,13.27,11.59,96.36,1.072,2.66,2.58
2019,quarter-finals,Dallas Stars,58.75,65.28,39.12,45.78,31.49,35.19,90.08,12.62,12.66,93.15,1.025,2.34,2.93
2019,quarter-finals,Nashville Predators,65.28,58.75,45.78,39.12,35.19,31.49,84.14,12.66,12.62,90.67,0.975,2.93,2.34
2019,quarter-finals,St Louis Blues,52.68,53.03,39.21,38.77,24.15,26.38,75.06,7.39,10.25,92.19,0.989,1.96,2.2
2019,quarter-finals,Winnipeg Jets,53.03,52.68,38.77,39.21,26.38,24.15,83.16,10.25,7.39,93.24,1.011,2.2,1.96
2019,quarter-finals,Colorado Avalanche,69.22,54.2,51.61,39.44,34.72,24.57,94.01,13.87,10.59,96.65,1.02,2.89,1.87
2019,quarter-finals,Calgary Flames,54.2,69.22,39.44,51.61,24.57,34.72,93.39,10.59,13.87,94.65,0.98,1.87,2.89
2019,quarter-finals,Vegas Golden Knights,60.93,52.71,45.15,34.48,26.38,24.62,81.49,12.69,9.85,93.9,1.012,2.58,1.9
2019,quarter-finals,San Jose Sharks,52.71,60.93,34.48,45.15,24.62,26.38,80.83,9.85,12.69,92.66,0.988,1.9,2.58
2019,semi-finals,Columbus Blue Jackets,49.13,59.17,37.32,43.47,21.23,24.52,83.56,8.43,9.19,93.15,0.994,1.81,2.07
2019,semi-finals,Tampa Bay Lightning,50.65,45.27,36.18,33.48,22.41,19.97,79.06,8.77,7.43,90.7,0.97,1.86,1.6
2019,semi-finals,Toronto Maple Leafs,58.45,60.66,44.48,47.86,29.31,29.23,86.34,9.65,10.24,94.52,1.01,2.31,2.28
2019,semi-finals,Boston Bruins,62.59,55.28,48.05,42.31,27.68,25.91,90.43,9.88,9.39,94.38,1.007,2.25,2.14
2019,semi-finals,Carolina Hurricanes,61.35,47.47,45.53,34.25,26.05,22.57,89.97,11.89,9.85,93.87,1.031,2.44,1.98
2019,semi-finals,Washington Capitals,44.13,62.75,32.67,47.11,20.47,25.97,73.98,8.96,11.84,91.79,1.004,1.82,2.5
2019,semi-finals,Pittsburgh Penguins,67.93,58.12,50.81,42.39,30.98,32.75,82.99,11.59,13.27,89.16,0.928,2.58,2.66
2019,semi-finals,New York Islanders,55.84,63.32,39.74,46.68,29.56,28.57,83.04,12.37,11.79,92.88,0.995,2.46,2.46
2019,semi-finals,Dallas Stars,53.62,61.36,38.31,43.63,28.01,30.63,86.83,11.9,10.82,92.66,0.999,2.34,2.52
2019,semi-finals,Nashville Predators,65.28,58.75,45.78,39.12,35.19,31.49,84.14,12.66,12.62,90.67,0.975,2.93,2.34
2019,semi-finals,St Louis Blues,55.73,51.09,40.7,38.16,25.7,25.74,82.48,8.46,10.84,93.53,1.009,2.08,2.28
2019,semi-finals,Winnipeg Jets,53.03,52.68,38.77,39.21,26.38,24.15,83.16,10.25,7.39,93.24,1.011,2.2,1.96
2019,semi-finals,Colorado Avalanche,61.83,58.84,44.01,41.57,32.33,27.25,88.09,13.54,10.76,93.24,1.003,2.78,2.25
2019,semi-finals,Calgary Flames,54.2,69.22,39.44,51.61,24.57,34.72,93.39,10.59,13.87,94.65,0.98,1.87,2.89
2019,semi-finals,Vegas Golden Knights,60.93,52.71,45.15,34.48,26.38,24.62,81.49,12.69,9.85,93.9,1.012,2.58,1.9
2019,semi-finals,San Jose Sharks,57.24,58.86,38.62,42.02,26.79,28.44,79.85,10.35,12.99,92.02,0.997,2.2,2.64
2019,finals,Columbus Blue Jackets,49.13,59.17,37.32,43.47,21.23,24.52,83.56,8.43,9.19,93.15,0.994,1.81,2.07
2019,finals,Tampa Bay Lightning,50.65,45.27,36.18,33.48,22.41,19.97,79.06,8.77,7.43,90.7,0.97,1.86,1.6
2019,finals,Toronto Maple Leafs,58.45,60.66,44.48,47.86,29.31,29.23,86.34,9.65,10.24,94.52,1.01,2.31,2.28
2019,finals,Boston Bruins,59.84,53.99,45.54,40.85,27.26,24.83,91.67,10.76,8.95,94.43,1.013,2.31,2.05
2019,finals,Carolina Hurricanes,58.32,48.15,43.01,34.86,24.76,23.39,87.7,10.74,10.88,92.9,1.013,2.26,2.12
2019,finals,Washington Capitals,44.13,62.75,32.67,47.11,20.47,25.97,73.98,8.96,11.84,91.79,1.004,1.82,2.5
2019,finals,Pittsburgh Penguins,67.93,58.12,50.81,42.39,30.98,32.75,82.99,11.59,13.27,89.16,0.928,2.58,2.66
2019,finals,New York Islanders,55.84,63.32,39.74,46.68,29.56,28.57,83.04,12.37,11.79,92.88,0.995,2.46,2.46
2019,finals,Dallas Stars,53.62,61.36,38.31,43.63,28.01,30.63,86.83,11.9,10.82,92.66,0.999,2.34,2.52
2019,finals,Nashville Predators,65.28,58.75,45.78,39.12,35.19,31.49,84.14,12.66,12.62,90.67,0.975,2.93,2.34
2019,finals,St Louis Blues,54.27,52.01,39.93,37.7,25.56,25.6,82.2,9.18,10.33,92.93,1.016,2.15,2.18
2019,finals,Winnipeg Jets,53.03,52.68,38.77,39.21,26.38,24.15,83.16,10.25,7.39,93.24,1.011,2.2,1.96
2019,finals,Colorado Avalanche,61.83,58.84,44.01,41.57,32.33,27.25,88.09,13.54,10.76,93.24,1.003,2.78,2.25
2019,finals,Calgary Flames,54.2,69.22,39.44,51.61,24.57,34.72,93.39,10.59,13.87,94.65,0.98,1.87,2.89
2019,finals,Vegas Golden Knights,60.93,52.71,45.15,34.48,26.38,24.62,81.49,12.69,9.85,93.9,1.012,2.58,1.9
2019,finals,San Jose Sharks,56.3,56.48,38.04,40.87,26.34,27.49,80.66,10,12.34,90.83,0.988,2.12,2.54
