year,team,average_age,regular_season_winpercentage,otl,points,points_percentage_ofmax,goals_for,goals_against,goal_diff,srs,sos,penalty_mins_pg,powerplay_goals,powerplay_oppurtunities,powerplay_percentage,penaltykill_percentage,sog,shot_percentage
2006,Detroit Red Wings,32.1,0.7073170731707317,0.0975609756097561,1.5121951219512195,0.756,3.6707317073170733,2.5121951219512195,1.1585365853658538,1.03,-0.14,13.4,1.2439024390243902,5.621951219512195,22.13,85.47,34.09756097560975,10.8
2006,Ottawa Senators,27.3,0.6341463414634146,0.10975609756097561,1.3780487804878048,0.689,3.8048780487804876,2.5,1.3048780487804876,1.18,-0.08,17.6,1.2439024390243902,5.975609756097561,20.82,84.66,34.28048780487805,11.1
2006,Carolina Hurricanes,29.2,0.6341463414634146,0.0975609756097561,1.3658536585365855,0.683,3.4878048780487805,3.1463414634146343,0.3414634146341462,0.29,-0.13,13.5,1.1585365853658536,6.475609756097561,17.89,81.8,31.134146341463413,11.2
2006,Dallas Stars,29.7,0.6463414634146342,0.07317073170731707,1.3658536585365855,0.683,3.0853658536585367,2.6463414634146343,0.4390243902439024,0.61,0.04,18.1,1.0731707317073171,6.073170731707317,17.67,83.73,28.451219512195124,10.8
2006,Buffalo Sabres,26.9,0.6341463414634146,0.07317073170731707,1.3414634146341464,0.671,3.3658536585365852,2.8536585365853657,0.5121951219512195,0.5,-0.01,14,1.2317073170731707,5.817073170731708,21.17,86.56,30.609756097560975,11
2006,Nashville Predators,27.6,0.5975609756097561,0.0975609756097561,1.2926829268292683,0.646,3.0853658536585367,2.731707317073171,0.3536585365853657,0.32,-0.07,18.5,1.146341463414634,6.2439024390243905,18.36,84.62,29.01219512195122,10.6
2006,Calgary Flames,28,0.5609756097560976,0.13414634146341464,1.2560975609756098,0.628,2.6341463414634148,2.3536585365853657,0.28048780487804903,0.3,0.08,17.9,1.0609756097560976,5.829268292682927,18.2,84.25,28.036585365853657,9.4
2006,New Jersey Devils,30,0.5609756097560976,0.10975609756097561,1.2317073170731707,0.616,2.841463414634146,2.7439024390243905,0.09756097560975574,0.05,-0.11,11.5,0.9512195121951219,5.378048780487805,17.69,81.95,29.182926829268293,9.7
2006,Philadelphia Flyers,28.2,0.5487804878048781,0.13414634146341464,1.2317073170731707,0.616,3.207317073170732,3.0853658536585367,0.12195121951219523,0,-0.1,14.5,0.975609756097561,5.414634146341464,18.02,79.14,31.121951219512194,10.3
2006,New York Rangers,28.2,0.5365853658536586,0.14634146341463414,1.2195121951219512,0.61,3.048780487804878,2.573170731707317,0.47560975609756095,0.38,-0.14,14.4,1.0121951219512195,5.390243902439025,18.78,83.74,29.853658536585368,10.2
2006,San Jose Sharks,26.5,0.5365853658536586,0.13414634146341464,1.2073170731707317,0.604,3.231707317073171,2.8658536585365852,0.3658536585365857,0.36,0.06,12.7,1.1097560975609757,6.097560975609756,18.2,80.7,30.28048780487805,10.7
2006,Mighty Ducks of Anaheim,28.2,0.524390243902439,0.14634146341463414,1.1951219512195121,0.598,3.0609756097560976,2.707317073170732,0.3536585365853657,0.37,0.06,17.3,1.0609756097560976,5.853658536585366,18.13,83.53,31.524390243902438,9.7
2006,Edmonton Oilers,28.7,0.5,0.15853658536585366,1.1585365853658536,0.579,3.0365853658536586,2.951219512195122,0.08536585365853666,0.15,0.09,14.4,1.0731707317073171,5.914634146341464,18.14,84.1,29.78048780487805,10.2
2006,Colorado Avalanche,29.6,0.524390243902439,0.10975609756097561,1.1585365853658536,0.579,3.4146341463414633,3.0609756097560976,0.3536585365853657,0.39,0.07,14,1.0853658536585367,5.7682926829268295,18.82,84.6,30.048780487804876,11.4
2006,Montreal Canadiens,27.9,0.5121951219512195,0.10975609756097561,1.1341463414634145,0.567,2.9390243902439024,2.975609756097561,-0.03658536585365857,-0.01,0.04,16,1.0853658536585367,5.646341463414634,19.22,81.08,30.121951219512194,9.8
2006,Tampa Bay Lightning,29.3,0.524390243902439,0.07317073170731707,1.1219512195121952,0.561,3,3.1219512195121952,-0.12195121951219523,-0.18,-0.08,11.4,0.9878048780487805,5.914634146341464,16.7,81.59,31.634146341463413,9.5
2006,Vancouver Canucks,27.9,0.5121951219512195,0.0975609756097561,1.1219512195121952,0.561,3.073170731707317,3.0609756097560976,0.012195121951219523,0.11,0.1,17.8,1.170731707317073,6.414634146341464,18.25,81.84,28.75609756097561,10.7
2006,Toronto Maple Leafs,29.4,0.5,0.0975609756097561,1.0975609756097562,0.549,3.097560975609756,3.207317073170732,-0.10975609756097571,-0.11,0.05,16.8,1.3048780487804879,6.109756097560975,21.36,80.04,28.329268292682926,10.9
2006,Atlanta Thrashers,28.9,0.5,0.0975609756097561,1.0975609756097562,0.549,3.3658536585365852,3.292682926829268,0.07317073170731714,-0.03,-0.1,16.1,1.2195121951219512,6.426829268292683,18.98,79.27,30.75609756097561,10.9
2006,Los Angeles Kings,28.6,0.5121951219512195,0.06097560975609756,1.0853658536585367,0.543,2.9634146341463414,3.2804878048780486,-0.31707317073170715,-0.15,0.11,17.6,0.9390243902439024,6.597560975609756,14.23,78.73,29.195121951219512,10.2
2006,Florida Panthers,27.6,0.45121951219512196,0.13414634146341464,1.0365853658536586,0.518,2.8780487804878048,3.073170731707317,-0.19512195121951237,-0.28,-0.07,15.3,0.7682926829268293,5.012195121951219,15.33,82.3,33.21951219512195,8.7
2006,Minnesota Wild,27.7,0.4634146341463415,0.0975609756097561,1.024390243902439,0.512,2.7560975609756095,2.5853658536585367,0.17073170731707288,0.28,0.08,14.5,0.9390243902439024,5.536585365853658,16.96,87.39,26.75609756097561,10.3
2006,Phoenix Coyotes,28.4,0.4634146341463415,0.06097560975609756,0.9878048780487805,0.494,2.951219512195122,3.268292682926829,-0.31707317073170715,-0.19,0.12,18.2,1.170731707317073,6.597560975609756,17.74,80.9,28.26829268292683,10.4
2006,New York Islanders,27.7,0.43902439024390244,0.07317073170731707,0.9512195121951219,0.476,2.6951219512195124,3.3536585365853657,-0.6585365853658534,-0.62,-0.04,15.2,0.926829268292683,5.487804878048781,16.89,79.2,30.25609756097561,8.9
2006,Columbus Blue Jackets,27.4,0.4268292682926829,0.04878048780487805,0.9024390243902439,0.451,2.6219512195121952,3.3658536585365852,-0.74390243902439,-0.66,0.02,17,0.7804878048780488,5.5,14.19,81.84,27.4390243902439,9.6
2006,Boston Bruins,28,0.35365853658536583,0.1951219512195122,0.9024390243902439,0.451,2.7804878048780486,3.1463414634146343,-0.3658536585365857,-0.36,0.08,14.2,0.7560975609756098,5.097560975609756,14.83,83.72,30.621951219512194,9.1
2006,Washington Capitals,27.6,0.35365853658536583,0.14634146341463414,0.8536585365853658,0.427,2.8048780487804876,3.658536585365854,-0.8536585365853662,-0.86,-0.02,18,0.8780487804878049,5.975609756097561,14.69,78.91,29.817073170731707,9.4
2006,Chicago Blackhawks,26.8,0.3170731707317073,0.15853658536585366,0.7926829268292683,0.396,2.548780487804878,3.402439024390244,-0.8536585365853657,-0.86,0.04,18.5,0.6219512195121951,5.085365853658536,12.23,83.91,30.24390243902439,8.4
2006,Pittsburgh Penguins,26.8,0.2682926829268293,0.17073170731707318,0.7073170731707317,0.354,2.9634146341463414,3.7804878048780486,-0.8170731707317072,-0.89,-0.01,18.8,1.146341463414634,6.036585365853658,18.99,78.8,28.01219512195122,10.6
2006,St Louis Blues,29,0.25609756097560976,0.18292682926829268,0.6951219512195121,0.348,2.3536585365853657,3.4634146341463414,-1.1097560975609757,-1.09,0.07,16.5,0.9146341463414634,6.2439024390243905,14.65,82.21,28.475609756097562,8.3
2007,Buffalo Sabres,27.2,0.6463414634146342,0.08536585365853659,1.3780487804878048,0.689,3.6341463414634148,2.902439024390244,0.7317073170731709,0.64,-0.16,14.6,0.8658536585365854,4.963414634146342,17.44,81.35,29.475609756097562,12.3
2007,Detroit Red Wings,32.3,0.6097560975609756,0.15853658536585366,1.3780487804878048,0.689,3.073170731707317,2.3292682926829267,0.7439024390243905,0.72,0.05,12,0.8292682926829268,4.890243902439025,16.96,84.56,33.792682926829265,9.1
2007,Anaheim Ducks,28.5,0.5853658536585366,0.17073170731707318,1.3414634146341464,0.671,3.097560975609756,2.4146341463414633,0.6829268292682928,0.67,0.06,17.8,1.0853658536585367,4.853658536585366,22.36,85.12,31.48780487804878,9.8
2007,Nashville Predators,27.4,0.6219512195121951,0.0975609756097561,1.3414634146341464,0.671,3.2439024390243905,2.524390243902439,0.7195121951219514,0.78,0.05,14.4,0.8658536585365854,4.975609756097561,17.4,85.9,27.573170731707318,11.8
2007,New Jersey Devils,29.4,0.5975609756097561,0.10975609756097561,1.3048780487804879,0.652,2.5121951219512195,2.3536585365853657,0.1585365853658538,0.03,-0.15,10.1,0.7926829268292683,4.475609756097561,17.71,85.24,28.70731707317073,8.8
2007,San Jose Sharks,26.4,0.6219512195121951,0.06097560975609756,1.3048780487804879,0.652,3.1219512195121952,2.402439024390244,0.7195121951219514,0.77,0.05,11.6,1.1219512195121952,5,22.44,83.33,28.609756097560975,10.9
2007,Dallas Stars,30,0.6097560975609756,0.08536585365853659,1.3048780487804879,0.652,2.6463414634146343,2.3780487804878048,0.2682926829268295,0.44,0.08,13.8,0.9634146341463414,5.2073170731707314,18.5,84.35,27.98780487804878,9.5
2007,Pittsburgh Penguins,26,0.573170731707317,0.13414634146341464,1.2804878048780488,0.64,3.2560975609756095,2.926829268292683,0.3292682926829267,0.21,-0.17,15.2,1.146341463414634,5.646341463414634,20.3,82.1,28.853658536585368,11.3
2007,Ottawa Senators,26.6,0.5853658536585366,0.10975609756097561,1.2804878048780488,0.64,3.4878048780487805,2.6341463414634148,0.8536585365853657,0.64,-0.16,14.2,0.8780487804878049,4.914634146341464,17.87,84.52,32.329268292682926,10.8
2007,Vancouver Canucks,28,0.5975609756097561,0.08536585365853659,1.2804878048780488,0.64,2.6463414634146343,2.402439024390244,0.24390243902439046,0.39,0.13,14.7,0.8536585365853658,4.963414634146342,17.2,86.93,29.329268292682926,9
2007,Minnesota Wild,28.2,0.5853658536585366,0.0975609756097561,1.2682926829268293,0.634,2.7439024390243905,2.2439024390243905,0.5,0.65,0.11,10.5,0.8780487804878049,4.634146341463414,18.95,85.96,29.646341463414632,9.3
2007,Atlanta Thrashers,29.4,0.524390243902439,0.13414634146341464,1.1829268292682926,0.591,2.9146341463414633,2.9390243902439024,-0.024390243902439046,-0.15,-0.16,13.4,0.8170731707317073,4.963414634146342,16.46,79.8,29.73170731707317,9.8
2007,Calgary Flames,28.4,0.524390243902439,0.12195121951219512,1.170731707317073,0.585,3.1097560975609757,2.6951219512195124,0.41463414634146334,0.51,0.12,14.7,0.8902439024390244,4.890243902439025,18.2,80.43,27.341463414634145,11.4
2007,Colorado Avalanche,28.4,0.5365853658536586,0.08536585365853659,1.1585365853658536,0.579,3.2560975609756095,3.0121951219512195,0.24390243902439002,0.39,0.13,10.8,0.9634146341463414,4.560975609756097,21.12,80.17,31.74390243902439,10.3
2007,New York Rangers,28.6,0.5121951219512195,0.12195121951219512,1.146341463414634,0.573,2.841463414634146,2.573170731707317,0.26829268292682906,0.16,-0.16,13.5,0.9146341463414634,4.951219512195122,18.47,83.75,31.536585365853657,9
2007,Tampa Bay Lightning,28.2,0.5365853658536586,0.06097560975609756,1.1341463414634145,0.567,2.9634146341463414,3.158536585365854,-0.19512195121951237,-0.25,-0.15,10.9,0.8414634146341463,4.560975609756097,18.45,78.36,29.48780487804878,10
2007,New York Islanders,29.7,0.4878048780487805,0.14634146341463414,1.1219512195121952,0.561,2.926829268292683,2.8658536585365852,0.060975609756097615,-0.04,-0.14,12.9,0.7682926829268293,4.2439024390243905,18.1,81.76,29.963414634146343,9.8
2007,Toronto Maple Leafs,27.8,0.4878048780487805,0.13414634146341464,1.1097560975609757,0.555,3.097560975609756,3.1951219512195124,-0.09756097560975618,-0.21,-0.08,13.9,0.8658536585365854,4.890243902439025,17.71,78.47,32.69512195121951,9.5
2007,Montreal Canadiens,28,0.5121951219512195,0.07317073170731707,1.0975609756097562,0.549,2.9146341463414633,3.0609756097560976,-0.14634146341463428,-0.21,-0.08,13.8,1.048780487804878,4.609756097560975,22.75,83.53,29.585365853658537,9.9
2007,Carolina Hurricanes,28.2,0.4878048780487805,0.0975609756097561,1.0731707317073171,0.537,2.9390243902439024,3.024390243902439,-0.08536585365853666,-0.29,-0.15,12.5,0.8170731707317073,5.451219512195122,14.99,84.56,31.20731707317073,9.4
2007,Florida Panthers,29.1,0.4268292682926829,0.1951219512195122,1.048780487804878,0.524,2.9878048780487805,3.0365853658536586,-0.04878048780487809,-0.27,-0.15,14.4,0.7439024390243902,4.109756097560975,18.1,82.39,33.292682926829265,9
2007,St Louis Blues,28.9,0.4146341463414634,0.15853658536585366,0.9878048780487805,0.494,2.5365853658536586,3.024390243902439,-0.4878048780487805,-0.33,0.15,14.9,0.5609756097560976,4.646341463414634,12.07,79.95,26.853658536585368,9.4
2007,Boston Bruins,27.8,0.4268292682926829,0.07317073170731707,0.926829268292683,0.463,2.5609756097560976,3.475609756097561,-0.9146341463414633,-0.87,-0.01,15.3,0.8658536585365854,5.024390243902439,17.23,81.67,28.902439024390244,8.9
2007,Columbus Blue Jackets,27.8,0.4024390243902439,0.08536585365853659,0.8902439024390244,0.445,2.3902439024390243,2.975609756097561,-0.5853658536585367,-0.42,0.16,16.5,0.7926829268292683,5.341463414634147,14.84,81.24,27.71951219512195,8.6
2007,Edmonton Oilers,28.2,0.3902439024390244,0.08536585365853659,0.8658536585365854,0.433,2.341463414634146,2.9878048780487805,-0.6463414634146343,-0.43,0.22,15.7,0.6463414634146342,4.548780487804878,14.21,84.55,26.74390243902439,8.8
2007,Chicago Blackhawks,27.5,0.3780487804878049,0.10975609756097561,0.8658536585365854,0.433,2.3780487804878048,3.0609756097560976,-0.6829268292682928,-0.52,0.17,16.2,0.524390243902439,4.439024390243903,11.81,82.62,26.841463414634145,8.9
2007,Washington Capitals,26.9,0.34146341463414637,0.17073170731707318,0.8536585365853658,0.427,2.8536585365853657,3.3536585365853657,-0.5,-0.73,-0.1,15,0.8170731707317073,4.975609756097561,16.42,80.19,27.98780487804878,10.2
2007,Los Angeles Kings,29.2,0.32926829268292684,0.17073170731707318,0.8292682926829268,0.415,2.7195121951219514,3.3780487804878048,-0.6585365853658534,-0.51,0.18,15.1,0.9878048780487805,5.390243902439025,18.33,77.86,31,8.8
2007,Phoenix Coyotes,28.8,0.3780487804878049,0.06097560975609756,0.8170731707317073,0.409,2.573170731707317,3.4390243902439024,-0.8658536585365852,-0.64,0.19,17.6,0.8048780487804879,4.878048780487805,16.5,78.35,28.29268292682927,9.1
2007,Philadelphia Flyers,27.3,0.2682926829268293,0.14634146341463414,0.6829268292682927,0.341,2.597560975609756,3.6219512195121952,-1.024390243902439,-1.12,-0.04,15.9,0.6463414634146342,4.585365853658536,14.1,84.52,28.78048780487805,9
2008,Detroit Red Wings,32.1,0.6585365853658537,0.08536585365853659,1.4024390243902438,0.701,3.073170731707317,2.182926829268293,0.8902439024390243,0.93,0.04,11.4,0.9878048780487805,4.7682926829268295,20.72,84.03,34.390243902439025,8.9
2008,San Jose Sharks,27.7,0.5975609756097561,0.12195121951219512,1.3170731707317074,0.659,2.6341463414634148,2.2804878048780486,0.35365853658536617,0.47,0.12,13.1,0.8536585365853658,4.560975609756097,18.72,85.81,29.609756097560975,8.9
2008,Montreal Canadiens,27.6,0.573170731707317,0.12195121951219512,1.2682926829268293,0.634,3.1341463414634148,2.6341463414634148,0.5,0.35,-0.14,13.3,1.0975609756097562,4.560975609756097,24.06,82.46,29.048780487804876,10.8
2008,Anaheim Ducks,29.7,0.573170731707317,0.0975609756097561,1.2439024390243902,0.622,2.402439024390244,2.2439024390243905,0.15853658536585336,0.3,0.13,18.1,0.7317073170731707,4.402439024390244,16.62,83.09,27.329268292682926,8.8
2008,Pittsburgh Penguins,26.9,0.573170731707317,0.0975609756097561,1.2439024390243902,0.622,2.926829268292683,2.5853658536585367,0.3414634146341462,0.24,-0.14,14.4,0.9390243902439024,4.609756097560975,20.37,80.95,27.658536585365855,10.6
2008,New Jersey Devils,29.2,0.5609756097560976,0.08536585365853659,1.2073170731707317,0.604,2.4146341463414633,2.3536585365853657,0.060975609756097615,0,-0.11,11.9,0.6097560975609756,3.902439024390244,15.63,82.8,28.804878048780488,8.4
2008,Minnesota Wild,27.7,0.5365853658536586,0.12195121951219512,1.1951219512195121,0.598,2.682926829268293,2.5609756097560976,0.12195121951219523,0.16,0.1,13.4,0.7804878048780488,4.121951219512195,18.93,85.15,27.048780487804876,9.9
2008,New York Rangers,27.4,0.5121951219512195,0.15853658536585366,1.1829268292682926,0.591,2.5,2.317073170731707,0.18292682926829285,0.05,-0.12,14.1,0.7439024390243902,4.512195121951219,16.49,84.55,31.451219512195124,7.9
2008,Dallas Stars,29,0.5487804878048781,0.08536585365853659,1.1829268292682926,0.591,2.8902439024390243,2.4878048780487805,0.4024390243902438,0.54,0.11,14.3,0.7804878048780488,4.317073170731708,18.08,85.59,26.670731707317074,10.8
2008,Colorado Avalanche,28.5,0.5365853658536586,0.08536585365853659,1.1585365853658536,0.579,2.731707317073171,2.6341463414634148,0.09756097560975618,0.24,0.09,12.1,0.5975609756097561,4.085365853658536,14.63,81.4,28.646341463414632,9.5
2008,Philadelphia Flyers,28.1,0.5121951219512195,0.13414634146341464,1.1585365853658536,0.579,2.9878048780487805,2.768292682926829,0.21951219512195141,0.06,-0.12,17.9,1.024390243902439,4.695121951219512,21.82,83.25,28.75609756097561,10.4
2008,Washington Capitals,27.3,0.524390243902439,0.0975609756097561,1.146341463414634,0.573,2.902439024390244,2.768292682926829,0.13414634146341475,-0.06,-0.19,11.9,0.7926829268292683,4.219512195121951,18.79,80.52,30.951219512195124,9.4
2008,Boston Bruins,28.1,0.5,0.14634146341463414,1.146341463414634,0.573,2.5121951219512195,2.6219512195121952,-0.10975609756097571,-0.2,-0.08,13,0.6829268292682927,3.8902439024390243,17.55,78.61,28.524390243902438,8.8
2008,Ottawa Senators,28.5,0.524390243902439,0.0975609756097561,1.146341463414634,0.573,3.1463414634146343,2.951219512195122,0.19512195121951237,0.06,-0.11,14.3,0.7317073170731707,4,18.29,81.05,30.134146341463413,10.4
2008,Calgary Flames,29.5,0.5121951219512195,0.12195121951219512,1.146341463414634,0.573,2.7560975609756095,2.731707317073171,0.024390243902438602,0.13,0.1,16.4,0.7195121951219512,4.2926829268292686,16.76,81.49,28.24390243902439,9.8
2008,Carolina Hurricanes,29.3,0.524390243902439,0.07317073170731707,1.1219512195121952,0.561,3.048780487804878,3,0.04878048780487809,-0.15,-0.18,14.4,0.9634146341463414,5.121951219512195,18.81,78.87,32.548780487804876,9.4
2008,Nashville Predators,28.1,0.5,0.10975609756097561,1.1097560975609757,0.555,2.768292682926829,2.731707317073171,0.036585365853658125,0.13,0.12,12.5,0.6463414634146342,4.365853658536586,14.8,85.37,29.573170731707318,9.4
2008,Buffalo Sabres,26.8,0.47560975609756095,0.14634146341463414,1.0975609756097562,0.549,3.0609756097560976,2.841463414634146,0.21951219512195141,0.05,-0.11,12.2,0.8048780487804879,4.463414634146342,18.03,83.18,30.21951219512195,10.1
2008,Edmonton Oilers,27.1,0.5,0.07317073170731707,1.0731707317073171,0.537,2.682926829268293,3.0121951219512195,-0.3292682926829267,-0.07,0.12,14.3,0.6951219512195121,4.195121951219512,16.57,84.7,26.29268292682927,10.2
2008,Chicago Blackhawks,26.8,0.4878048780487805,0.0975609756097561,1.0731707317073171,0.537,2.8536585365853657,2.817073170731707,0.03658536585365857,0.16,0.12,16.8,0.7073170731707317,4.451219512195122,15.89,82.08,28.024390243902438,10.2
2008,Vancouver Canucks,28.1,0.47560975609756095,0.12195121951219512,1.0731707317073171,0.537,2.524390243902439,2.5121951219512195,0.012195121951219523,0.08,0.11,18,0.7682926829268293,4.5,17.07,82.61,27.463414634146343,9.2
2008,Florida Panthers,28.1,0.4634146341463415,0.10975609756097561,1.0365853658536586,0.518,2.573170731707317,2.682926829268293,-0.10975609756097571,-0.29,-0.17,12.5,0.7317073170731707,3.817073170731707,19.17,82.35,31.085365853658537,8.3
2008,Toronto Maple Leafs,28.4,0.43902439024390244,0.13414634146341464,1.0121951219512195,0.506,2.7804878048780486,3.1219512195121952,-0.34146341463414664,-0.42,-0.06,13.3,0.7439024390243902,4.182926829268292,17.78,78.13,31,9
2008,Phoenix Coyotes,26.5,0.4634146341463415,0.08536585365853659,1.0121951219512195,0.506,2.548780487804878,2.7439024390243905,-0.19512195121951237,-0.04,0.17,14.5,0.7682926829268293,4.134146341463414,18.58,80.72,30.48780487804878,8.4
2008,Columbus Blue Jackets,27.2,0.4146341463414634,0.14634146341463414,0.975609756097561,0.488,2.317073170731707,2.5609756097560976,-0.24390243902439046,-0.16,0.15,16.2,0.6463414634146342,4.341463414634147,14.89,83.33,29.036585365853657,8
2008,New York Islanders,28.3,0.4268292682926829,0.10975609756097561,0.9634146341463414,0.482,2.3048780487804876,2.926829268292683,-0.6219512195121952,-0.65,-0.05,12.7,0.5853658536585366,4.024390243902439,14.55,81.87,29.646341463414632,7.8
2008,St Louis Blues,28.4,0.4024390243902439,0.15853658536585366,0.9634146341463414,0.482,2.4634146341463414,2.8292682926829267,-0.36585365853658525,-0.24,0.16,14.1,0.573170731707317,4.073170731707317,14.07,84.4,26.109756097560975,9.4
2008,Atlanta Thrashers,29.3,0.4146341463414634,0.0975609756097561,0.926829268292683,0.463,2.524390243902439,3.2439024390243905,-0.7195121951219514,-0.8,-0.12,13.1,0.6341463414634146,3.8536585365853657,16.46,78.81,25.79268292682927,9.8
2008,Los Angeles Kings,27.7,0.3902439024390244,0.08536585365853659,0.8658536585365854,0.433,2.7560975609756095,3.207317073170732,-0.45121951219512235,-0.24,0.19,11.6,0.7804878048780488,4.475609756097561,17.44,77.99,28.646341463414632,9.6
2008,Tampa Bay Lightning,27.9,0.3780487804878049,0.10975609756097561,0.8658536585365854,0.433,2.6951219512195124,3.2439024390243905,-0.5487804878048781,-0.67,-0.13,12.7,0.6951219512195121,3.6097560975609757,19.26,82.05,28.70731707317073,9.4
2009,San Jose Sharks,28.7,0.6463414634146342,0.13414634146341464,1.4268292682926829,0.713,3.0609756097560976,2.426829268292683,0.6341463414634148,0.61,-0.04,12.8,1.0609756097560976,4.390243902439025,24.17,83.22,33.170731707317074,9.2
2009,Boston Bruins,28.4,0.6463414634146342,0.12195121951219512,1.4146341463414633,0.707,3.292682926829268,2.317073170731707,0.975609756097561,0.89,-0.06,12.5,0.9024390243902439,3.817073170731707,23.64,82.35,30.26829268292683,10.9
2009,Detroit Red Wings,31.2,0.6219512195121951,0.12195121951219512,1.3658536585365855,0.683,3.524390243902439,2.926829268292683,0.5975609756097562,0.62,0,10,1.0975609756097562,4.304878048780488,25.5,78.29,36.15853658536585,9.7
2009,Washington Capitals,27.2,0.6097560975609756,0.0975609756097561,1.3170731707317074,0.659,3.268292682926829,2.926829268292683,0.3414634146341462,0.27,-0.06,12.7,1.0365853658536586,4.109756097560975,25.22,80.62,33.5,9.8
2009,New Jersey Devils,30.3,0.6219512195121951,0.04878048780487805,1.2926829268292683,0.646,2.902439024390244,2.524390243902439,0.37804878048780477,0.38,-0.05,12.9,0.7073170731707317,3.7439024390243905,18.89,79.94,32.90243902439025,8.8
2009,Chicago Blackhawks,25.9,0.5609756097560976,0.14634146341463414,1.2682926829268293,0.634,3.1707317073170733,2.548780487804878,0.6219512195121952,0.6,0.01,14.1,0.8536585365853658,4.426829268292683,19.28,80.61,32.71951219512195,9.7
2009,Vancouver Canucks,27.9,0.5487804878048781,0.12195121951219512,1.2195121951219512,0.61,2.9634146341463414,2.597560975609756,0.36585365853658525,0.3,-0.02,16.5,0.8170731707317073,4.353658536585366,18.77,81.4,28.475609756097562,10.4
2009,Philadelphia Flyers,27,0.5365853658536586,0.13414634146341464,1.2073170731707317,0.604,3.1707317073170733,2.8292682926829267,0.34146341463414664,0.28,-0.04,17.5,0.8658536585365854,3.8536585365853657,22.47,82.95,29.76829268292683,10.7
2009,Pittsburgh Penguins,26.6,0.5487804878048781,0.10975609756097561,1.2073170731707317,0.604,3.1463414634146343,2.841463414634146,0.3048780487804881,0.28,-0.02,13.6,0.7560975609756098,4.390243902439025,17.22,82.71,29.036585365853657,10.8
2009,Calgary Flames,28.9,0.5609756097560976,0.07317073170731707,1.1951219512195121,0.598,3.0609756097560976,3,0.060975609756097615,0.07,0,15.8,0.7439024390243902,4.365853658536586,17.04,83.38,32.23170731707317,9.5
2009,Carolina Hurricanes,27.9,0.5487804878048781,0.08536585365853659,1.1829268292682926,0.591,2.8780487804878048,2.6951219512195124,0.1829268292682924,0.11,-0.05,9.8,0.8536585365853658,4.560975609756097,18.72,80.4,32.6219512195122,8.8
2009,New York Rangers,27,0.524390243902439,0.10975609756097561,1.1585365853658536,0.579,2.4390243902439024,2.5853658536585367,-0.14634146341463428,-0.1,-0.01,14.6,0.5853658536585366,4.219512195121951,13.87,87.84,32.41463414634146,7.5
2009,Montreal Canadiens,27.6,0.5,0.13414634146341464,1.1341463414634145,0.567,2.951219512195122,2.926829268292683,0.024390243902439046,0.02,-0.01,15,0.8780487804878049,4.560975609756097,19.25,82.43,30.01219512195122,9.8
2009,Florida Panthers,28.6,0.5,0.13414634146341464,1.1341463414634145,0.567,2.817073170731707,2.7195121951219514,0.09756097560975574,0,-0.04,11,0.6219512195121951,3.7560975609756095,16.56,82.64,29.402439024390244,9.6
2009,Columbus Blue Jackets,25.8,0.5,0.12195121951219512,1.1219512195121952,0.561,2.682926829268293,2.7195121951219514,-0.03658536585365857,-0.01,0.04,15,0.5,3.926829268292683,12.73,82.08,28.902439024390244,9.3
2009,St Louis Blues,27.1,0.5,0.12195121951219512,1.1219512195121952,0.561,2.768292682926829,2.768292682926829,0,0.05,0.05,15.2,0.8780487804878049,4.280487804878049,20.51,83.75,27.695121951219512,10
2009,Buffalo Sabres,28.1,0.5,0.10975609756097561,1.1097560975609757,0.555,2.951219512195122,2.792682926829268,0.1585365853658538,0.18,-0.02,13.7,0.9146341463414634,4.365853658536586,20.95,81.85,30.548780487804876,9.7
2009,Anaheim Ducks,29.2,0.5121951219512195,0.08536585365853659,1.1097560975609757,0.555,2.902439024390244,2.8658536585365852,0.03658536585365857,0.09,0,17.4,0.8902439024390244,3.768292682926829,23.62,79.74,30.25609756097561,9.6
2009,Minnesota Wild,27.7,0.4878048780487805,0.10975609756097561,1.0853658536585367,0.543,2.6097560975609757,2.402439024390244,0.2073170731707319,0.22,-0.02,10.8,0.8048780487804879,4,20.12,87.63,27.524390243902438,9.5
2009,Nashville Predators,27.6,0.4878048780487805,0.0975609756097561,1.0731707317073171,0.537,2.524390243902439,2.7804878048780486,-0.25609756097560954,-0.19,0.06,12.1,0.6097560975609756,3.8780487804878048,15.72,82.54,28.963414634146343,8.7
2009,Edmonton Oilers,28.8,0.4634146341463415,0.10975609756097561,1.0365853658536586,0.518,2.7804878048780486,2.975609756097561,-0.19512195121951237,-0.16,0.01,15.2,0.7317073170731707,4.317073170731708,16.95,77.51,28.085365853658537,9.9
2009,Ottawa Senators,27.9,0.43902439024390244,0.13414634146341464,1.0121951219512195,0.506,2.597560975609756,2.817073170731707,-0.21951219512195097,-0.23,0.01,13.4,0.8048780487804879,4.134146341463414,19.47,81.5,29.329268292682926,8.9
2009,Dallas Stars,28.5,0.43902439024390244,0.13414634146341464,1.0121951219512195,0.506,2.731707317073171,3.0609756097560976,-0.3292682926829267,-0.3,0.03,14,0.6585365853658537,4.280487804878049,15.38,78.59,28.890243902439025,9.5
2009,Toronto Maple Leafs,28,0.4146341463414634,0.15853658536585366,0.9878048780487805,0.494,2.975609756097561,3.4878048780487805,-0.5121951219512195,-0.49,0.03,13.7,0.7560975609756098,4.024390243902439,18.79,74.68,31.74390243902439,9.4
2009,Los Angeles Kings,25.5,0.4146341463414634,0.13414634146341464,0.9634146341463414,0.482,2.4634146341463414,2.7560975609756095,-0.2926829268292681,-0.29,0.04,14.7,0.8414634146341463,4.390243902439025,19.17,82.83,29.0609756097561,8.5
2009,Phoenix Coyotes,26.6,0.43902439024390244,0.08536585365853659,0.9634146341463414,0.482,2.5,3.0365853658536586,-0.5365853658536586,-0.5,0.04,13.3,0.6097560975609756,4.158536585365853,14.66,76.79,28.073170731707318,8.9
2009,Atlanta Thrashers,27.9,0.4268292682926829,0.07317073170731707,0.926829268292683,0.463,3.048780487804878,3.402439024390244,-0.3536585365853657,-0.3,-0.02,15.3,0.8414634146341463,4.353658536585366,19.33,75.96,28.121951219512194,10.8
2009,Colorado Avalanche,28.6,0.3902439024390244,0.06097560975609756,0.8414634146341463,0.421,2.317073170731707,3.0853658536585367,-0.7682926829268295,-0.66,0.05,13,0.6097560975609756,3.8780487804878048,15.72,79.87,28.76829268292683,8.1
2009,Tampa Bay Lightning,27.4,0.2926829268292683,0.21951219512195122,0.8048780487804879,0.402,2.524390243902439,3.2804878048780486,-0.7560975609756095,-0.81,0.03,15.9,0.7439024390243902,4.182926829268292,17.78,78.02,28.5,8.9
2009,New York Islanders,27.7,0.3170731707317073,0.10975609756097561,0.7439024390243902,0.372,2.4146341463414633,3.341463414634146,-0.9268292682926829,-0.91,0.05,14.8,0.6585365853658537,3.902439024390244,16.88,79.78,28.926829268292682,8.3
2010,Washington Capitals,27.2,0.6585365853658537,0.15853658536585366,1.475609756097561,0.738,3.817073170731707,2.768292682926829,1.048780487804878,0.9,-0.14,11.6,0.9634146341463414,3.817073170731707,25.24,78.8,32.84146341463415,11.6
2010,San Jose Sharks,29.3,0.6219512195121951,0.13414634146341464,1.3780487804878048,0.689,3.1341463414634148,2.548780487804878,0.5853658536585367,0.65,0.05,14.1,0.7926829268292683,3.768292682926829,21.04,84.88,31.73170731707317,9.9
2010,Chicago Blackhawks,26.6,0.6341463414634146,0.0975609756097561,1.3658536585365855,0.683,3.1951219512195124,2.475609756097561,0.7195121951219514,0.77,0.02,11.3,0.6341463414634146,3.5853658536585367,17.69,84.96,34.1219512195122,9.4
2010,Phoenix Coyotes,28.2,0.6097560975609756,0.08536585365853659,1.3048780487804879,0.652,2.573170731707317,2.3902439024390243,0.18292682926829285,0.34,0.06,11.3,0.5609756097560976,3.8292682926829267,14.65,84.54,30.51219512195122,8.4
2010,New Jersey Devils,30.5,0.5853658536585366,0.08536585365853659,1.2560975609756098,0.628,2.6341463414634148,2.268292682926829,0.3658536585365857,0.31,-0.07,10.5,0.6219512195121951,3.317073170731707,18.75,82.92,29.98780487804878,8.8
2010,Vancouver Canucks,28.1,0.5975609756097561,0.06097560975609756,1.2560975609756098,0.628,3.268292682926829,2.658536585365854,0.6097560975609753,0.6,-0.01,15.5,0.8292682926829268,3.9390243902439024,21.05,81.56,30.902439024390244,10.6
2010,Detroit Red Wings,30.3,0.5365853658536586,0.17073170731707318,1.2439024390243902,0.622,2.7195121951219514,2.524390243902439,0.19512195121951237,0.23,0.07,8.8,0.7195121951219512,3.7439024390243905,19.22,83.9,33.3780487804878,8.1
2010,Los Angeles Kings,26.2,0.5609756097560976,0.10975609756097561,1.2317073170731707,0.616,2.817073170731707,2.573170731707317,0.24390243902439002,0.32,0.05,11.9,0.7804878048780488,3.7439024390243905,20.85,80.26,29.134146341463413,9.7
2010,Pittsburgh Penguins,27.8,0.573170731707317,0.08536585365853659,1.2317073170731707,0.616,3.0365853658536586,2.8658536585365852,0.17073170731707332,0.17,-0.07,14.6,0.6829268292682927,3.975609756097561,17.18,84.1,32.78048780487805,9.3
2010,Buffalo Sabres,27.8,0.5487804878048781,0.12195121951219512,1.2195121951219512,0.61,2.817073170731707,2.451219512195122,0.36585365853658525,0.26,-0.08,11.2,0.6707317073170732,3.817073170731707,17.57,86.62,31.5609756097561,8.9
2010,Nashville Predators,27.6,0.573170731707317,0.07317073170731707,1.2195121951219512,0.61,2.6463414634146343,2.6951219512195124,-0.04878048780487809,0.06,0.06,8.7,0.573170731707317,3.4878048780487805,16.43,77.13,30.585365853658537,8.7
2010,Colorado Avalanche,26.4,0.524390243902439,0.10975609756097561,1.1585365853658536,0.579,2.8902439024390243,2.7804878048780486,0.10975609756097571,0.16,0.02,12.5,0.6829268292682927,3.7804878048780486,18.06,80.2,27.890243902439025,10.4
2010,Ottawa Senators,27.9,0.5365853658536586,0.07317073170731707,1.146341463414634,0.573,2.682926829268293,2.841463414634146,-0.15853658536585336,-0.22,-0.06,13.9,0.5975609756097561,3.5365853658536586,16.9,84.28,29.70731707317073,9
2010,Boston Bruins,28.1,0.47560975609756095,0.15853658536585366,1.1097560975609757,0.555,2.3902439024390243,2.3292682926829267,0.060975609756097615,0.01,-0.06,11.6,0.5365853658536586,3.231707317073171,16.6,86.4,31.695121951219512,7.5
2010,St Louis Blues,27.9,0.4878048780487805,0.12195121951219512,1.0975609756097562,0.549,2.658536585365854,2.658536585365854,0,0.08,0.06,16.1,0.6463414634146342,3.7560975609756095,17.21,86.84,29.817073170731707,8.9
2010,Calgary Flames,28.8,0.4878048780487805,0.12195121951219512,1.0975609756097562,0.549,2.451219512195122,2.475609756097561,-0.024390243902439046,-0.03,0.04,13.9,0.524390243902439,3.268292682926829,16.04,82.3,28.658536585365855,8.6
2010,Anaheim Ducks,27.9,0.47560975609756095,0.13414634146341464,1.0853658536585367,0.543,2.841463414634146,2.9634146341463414,-0.12195121951219523,-0.07,0.09,16.1,0.7682926829268293,3.658536585365854,21,79.26,30.146341463414632,9.4
2010,Philadelphia Flyers,27.7,0.5,0.07317073170731707,1.0731707317073171,0.537,2.8292682926829267,2.707317073170732,0.12195121951219479,0.08,-0.06,16.6,0.8292682926829268,3.8780487804878048,21.38,82.93,31.573170731707318,9
2010,Montreal Canadiens,27.5,0.47560975609756095,0.12195121951219512,1.0731707317073171,0.537,2.5609756097560976,2.658536585365854,-0.09756097560975618,-0.14,-0.07,11.4,0.6951219512195121,3.182926829268293,21.84,82.96,28.597560975609756,9
2010,Dallas Stars,28.3,0.45121951219512196,0.17073170731707318,1.0731707317073171,0.537,2.8048780487804876,2.975609756097561,-0.17073170731707332,-0.12,0.09,11.7,0.7439024390243902,4,18.6,77.43,30.76829268292683,9.1
2010,New York Rangers,26.8,0.4634146341463415,0.13414634146341464,1.0609756097560976,0.53,2.6707317073170733,2.6097560975609757,0.060975609756097615,0,-0.05,14.1,0.6707317073170732,3.6707317073170733,18.27,84.28,29.573170731707318,9
2010,Minnesota Wild,28.6,0.4634146341463415,0.0975609756097561,1.024390243902439,0.512,2.6097560975609757,2.9146341463414633,-0.30487804878048763,-0.26,0.07,11.3,0.7195121951219512,3.768292682926829,19.09,82.68,27.634146341463413,9.4
2010,Atlanta Thrashers,27.5,0.4268292682926829,0.15853658536585366,1.0121951219512195,0.506,2.8048780487804876,3.048780487804878,-0.24390243902439046,-0.33,-0.06,12.8,0.6219512195121951,3.8536585365853657,16.14,82.19,29.378048780487806,9.5
2010,Tampa Bay Lightning,27,0.4146341463414634,0.14634146341463414,0.975609756097561,0.488,2.597560975609756,3.0853658536585367,-0.4878048780487805,-0.56,-0.03,16.8,0.7682926829268293,3.975609756097561,19.33,80.06,28.865853658536587,9
2010,Carolina Hurricanes,28.9,0.4268292682926829,0.12195121951219512,0.975609756097561,0.488,2.7560975609756095,3.0609756097560976,-0.3048780487804881,-0.37,-0.05,11.8,0.6829268292682927,4.012195121951219,17.02,80.63,29.29268292682927,9.4
2010,Columbus Blue Jackets,26.1,0.3902439024390244,0.18292682926829268,0.9634146341463414,0.482,2.6097560975609757,3.0365853658536586,-0.42682926829268286,-0.42,0.11,13.2,0.6829268292682927,3.7560975609756095,18.18,81.74,28.51219512195122,9.2
2010,New York Islanders,28.3,0.4146341463414634,0.13414634146341464,0.9634146341463414,0.482,2.6097560975609757,3.1463414634146343,-0.5365853658536586,-0.53,-0.02,11.6,0.5975609756097561,3.731707317073171,16.01,76.33,30.402439024390244,8.6
2010,Florida Panthers,28.1,0.3902439024390244,0.15853658536585366,0.9390243902439024,0.47,2.4634146341463414,2.8536585365853657,-0.3902439024390243,-0.47,-0.03,11.9,0.5365853658536586,3.768292682926829,14.24,79.37,28.426829268292682,8.7
2010,Toronto Maple Leafs,27,0.36585365853658536,0.17073170731707318,0.9024390243902439,0.451,2.5609756097560976,3.207317073170732,-0.6463414634146343,-0.68,-0.03,13.3,0.5365853658536586,3.841463414634146,13.97,74.65,32.573170731707314,7.9
2010,Edmonton Oilers,27.1,0.32926829268292684,0.0975609756097561,0.7560975609756098,0.378,2.5121951219512195,3.3902439024390243,-0.8780487804878048,-0.76,0.09,13.8,0.6341463414634146,3.6707317073170733,17.28,78.03,28.304878048780488,8.9
2011,Vancouver Canucks,28.1,0.6585365853658537,0.10975609756097561,1.4268292682926829,0.713,3.1463414634146343,2.1951219512195124,0.9512195121951219,0.87,-0.07,11.5,0.8780487804878049,3.6097560975609757,24.32,85.58,32,9.8
2011,Washington Capitals,25.9,0.5853658536585366,0.13414634146341464,1.3048780487804879,0.652,2.6707317073170733,2.3292682926829267,0.34146341463414664,0.27,-0.06,11.3,0.5609756097560976,3.207317073170732,17.49,85.62,31.29268292682927,8.5
2011,Philadelphia Flyers,27.6,0.573170731707317,0.14634146341463414,1.2926829268292683,0.646,3.1219512195121952,2.6341463414634148,0.4878048780487805,0.4,-0.04,13.6,0.5975609756097561,3.597560975609756,16.61,82.75,31.76829268292683,9.8
2011,Pittsburgh Penguins,27.4,0.5975609756097561,0.0975609756097561,1.2926829268292683,0.646,2.7804878048780486,2.3902439024390243,0.3902439024390243,0.43,-0.05,16.9,0.5975609756097561,3.792682926829268,15.76,86.11,31.475609756097562,8.8
2011,San Jose Sharks,27.9,0.5853658536585366,0.10975609756097561,1.2804878048780488,0.64,2.9634146341463414,2.5365853658536586,0.42682926829268286,0.44,0.02,11.3,0.8292682926829268,3.5365853658536586,23.45,79.49,34.53658536585366,8.6
2011,Detroit Red Wings,30.7,0.573170731707317,0.12195121951219512,1.2682926829268293,0.634,3.1341463414634148,2.8902439024390243,0.24390243902439046,0.27,0.03,9.1,0.8170731707317073,3.6707317073170733,22.26,82.33,33.6219512195122,9.3
2011,Boston Bruins,28.3,0.5609756097560976,0.13414634146341464,1.2560975609756098,0.628,2.975609756097561,2.3048780487804876,0.6707317073170733,0.56,-0.07,13.6,0.524390243902439,3.2439024390243905,16.17,82.64,32.8780487804878,9.1
2011,Tampa Bay Lightning,29,0.5609756097560976,0.13414634146341464,1.2560975609756098,0.628,2.9390243902439024,2.8536585365853657,0.08536585365853666,0.04,-0.05,11,0.8414634146341463,4.097560975609756,20.54,83.77,31.76829268292683,9.3
2011,Anaheim Ducks,28.9,0.573170731707317,0.06097560975609756,1.2073170731707317,0.604,2.8658536585365852,2.841463414634146,0.024390243902439046,0.09,0.05,14.4,0.8170731707317073,3.475609756097561,23.51,81.31,28.463414634146343,10.1
2011,Nashville Predators,26.7,0.5365853658536586,0.13414634146341464,1.2073170731707317,0.604,2.597560975609756,2.317073170731707,0.28048780487804903,0.31,0.01,8.8,0.5,3.2804878048780486,15.24,84.93,28.79268292682927,9
2011,Phoenix Coyotes,29,0.524390243902439,0.15853658536585366,1.2073170731707317,0.604,2.7560975609756095,2.682926829268293,0.0731707317073167,0.11,0.05,10.5,0.5609756097560976,3.524390243902439,15.92,78.38,30.317073170731707,9.1
2011,Los Angeles Kings,26.3,0.5609756097560976,0.07317073170731707,1.1951219512195121,0.598,2.548780487804878,2.3902439024390243,0.1585365853658538,0.29,0.03,11.7,0.573170731707317,3.548780487804878,16.15,85.51,28.817073170731707,8.8
2011,Chicago Blackhawks,26.7,0.5365853658536586,0.10975609756097561,1.1829268292682926,0.591,3.073170731707317,2.682926829268293,0.3902439024390243,0.41,0.01,9,0.7804878048780488,3.3780487804878048,23.1,79.22,32.15853658536585,9.6
2011,Buffalo Sabres,27.5,0.524390243902439,0.12195121951219512,1.170731707317073,0.585,2.926829268292683,2.7804878048780486,0.14634146341463428,0.15,-0.04,11.7,0.6585365853658537,3.402439024390244,19.35,83,32.80487804878049,8.9
2011,Montreal Canadiens,27.6,0.5365853658536586,0.0975609756097561,1.170731707317073,0.585,2.597560975609756,2.5121951219512195,0.08536585365853666,0.05,-0.04,13.3,0.6951219512195121,3.5365853658536586,19.66,84.4,31.73170731707317,8.2
2011,Dallas Stars,28,0.5121951219512195,0.13414634146341464,1.1585365853658536,0.579,2.707317073170732,2.7560975609756095,-0.04878048780487765,-0.02,0.05,13,0.6707317073170732,3.731707317073171,17.97,80.14,27.670731707317074,9.8
2011,Calgary Flames,30,0.5,0.14634146341463414,1.146341463414634,0.573,2.9390243902439024,2.8048780487804876,0.13414634146341475,0.14,-0.02,10.2,0.7560975609756098,3.8780487804878048,19.5,81.21,30.5,9.6
2011,New York Rangers,26.2,0.5365853658536586,0.06097560975609756,1.1341463414634145,0.567,2.731707317073171,2.3780487804878048,0.35365853658536617,0.37,-0.06,13.1,0.5975609756097561,3.5365853658536586,16.9,83.66,29.914634146341463,9.1
2011,Carolina Hurricanes,26.6,0.4878048780487805,0.13414634146341464,1.1097560975609757,0.555,2.817073170731707,2.8536585365853657,-0.03658536585365857,-0.08,-0.04,10.2,0.6707317073170732,4.219512195121951,15.9,81.25,30.695121951219512,9.2
2011,St Louis Blues,25.7,0.4634146341463415,0.13414634146341464,1.0609756097560976,0.53,2.8780487804878048,2.7804878048780486,0.09756097560975618,0.11,0.04,14.9,0.6341463414634146,3.402439024390244,18.64,81.72,30.182926829268293,9.5
2011,Minnesota Wild,28.9,0.47560975609756095,0.0975609756097561,1.048780487804878,0.524,2.475609756097561,2.7804878048780486,-0.30487804878048763,-0.3,0.03,12,0.6463414634146342,3.5609756097560976,18.15,82.85,26.195121951219512,9.5
2011,Toronto Maple Leafs,25.7,0.45121951219512196,0.13414634146341464,1.0365853658536586,0.518,2.597560975609756,2.9878048780487805,-0.3902439024390243,-0.41,0,12,0.6341463414634146,3.975609756097561,15.95,77.45,28.78048780487805,9
2011,New Jersey Devils,29.9,0.4634146341463415,0.06097560975609756,0.9878048780487805,0.494,2.0853658536585367,2.524390243902439,-0.4390243902439024,-0.41,0.02,9.3,0.4146341463414634,2.8902439024390243,14.35,83.4,28.585365853658537,7.3
2011,Columbus Blue Jackets,26.8,0.4146341463414634,0.15853658536585366,0.9878048780487805,0.494,2.5609756097560976,3.048780487804878,-0.4878048780487805,-0.45,0.08,13.6,0.5121951219512195,3.6707317073170733,13.95,80.25,30.5609756097561,8.4
2011,Atlanta Thrashers,26.1,0.4146341463414634,0.14634146341463414,0.975609756097561,0.488,2.658536585365854,3.1951219512195124,-0.5365853658536586,-0.57,-0.01,11.3,0.6463414634146342,3.524390243902439,18.34,77.54,31.475609756097562,8.4
2011,Ottawa Senators,28.1,0.3902439024390244,0.12195121951219512,0.9024390243902439,0.451,2.317073170731707,2.9878048780487805,-0.6707317073170733,-0.69,0.02,14,0.5487804878048781,3.1341463414634148,17.51,83.73,29.036585365853657,8
2011,New York Islanders,26.2,0.36585365853658536,0.15853658536585366,0.8902439024390244,0.445,2.7439024390243905,3.1463414634146343,-0.4024390243902438,-0.42,0.01,18.5,0.6341463414634146,3.682926829268293,17.22,83.23,29.365853658536587,9.3
2011,Florida Panthers,28.3,0.36585365853658536,0.14634146341463414,0.8780487804878049,0.439,2.3292682926829267,2.707317073170732,-0.3780487804878052,-0.43,-0.01,8.7,0.4268292682926829,3.2560975609756095,13.11,84.64,30.402439024390244,7.7
2011,Colorado Avalanche,25.9,0.36585365853658536,0.0975609756097561,0.8292682926829268,0.415,2.6951219512195124,3.5,-0.8048780487804876,-0.7,0.05,13.1,0.5975609756097561,3.231707317073171,18.49,76.11,29.195121951219512,9.2
2011,Edmonton Oilers,26.2,0.3048780487804878,0.14634146341463414,0.7560975609756098,0.378,2.3292682926829267,3.1707317073170733,-0.8414634146341466,-0.87,0.06,15.5,0.5365853658536586,3.707317073170732,14.47,76.95,26.682926829268293,8.7
2012,Vancouver Canucks,28.5,0.6219512195121951,0.10975609756097561,1.353658536585366,0.677,2.9390243902439024,2.3292682926829267,0.6097560975609757,0.57,-0.05,12.8,0.6951219512195121,3.5121951219512195,19.79,86.01,31.5,9.3
2012,St Louis Blues,26.5,0.5975609756097561,0.13414634146341464,1.329268292682927,0.665,2.5121951219512195,1.8902439024390243,0.6219512195121952,0.54,-0.01,13,0.5487804878048781,3.2804878048780486,16.73,85.82,30.621951219512194,8.2
2012,New York Rangers,26.5,0.6219512195121951,0.08536585365853659,1.329268292682927,0.665,2.707317073170732,2.2195121951219514,0.4878048780487805,0.46,-0.02,12.9,0.5365853658536586,3.4146341463414633,15.71,86.15,28.51219512195122,9.5
2012,Pittsburgh Penguins,28.5,0.6219512195121951,0.07317073170731707,1.3170731707317074,0.659,3.3292682926829267,2.658536585365854,0.6707317073170729,0.71,-0.03,10.7,0.6951219512195121,3.524390243902439,19.72,87.78,33.890243902439025,9.8
2012,Nashville Predators,26.8,0.5853658536585366,0.0975609756097561,1.2682926829268293,0.634,2.8292682926829267,2.5,0.3292682926829267,0.34,0.01,8.4,0.6585365853658537,3.048780487804878,21.6,83.61,27.573170731707318,10.3
2012,Philadelphia Flyers,27.3,0.573170731707317,0.10975609756097561,1.2560975609756098,0.628,3.1707317073170733,2.7439024390243905,0.42682926829268286,0.39,0,16.1,0.8048780487804879,4.085365853658536,19.7,81.82,32.207317073170735,9.8
2012,New Jersey Devils,30.1,0.5853658536585366,0.07317073170731707,1.2439024390243902,0.622,2.6341463414634148,2.5,0.13414634146341475,0.23,0,11.5,0.5609756097560976,3.2560975609756095,17.23,89.58,27.475609756097562,9.6
2012,Boston Bruins,28.8,0.5975609756097561,0.04878048780487805,1.2439024390243902,0.622,3.1707317073170733,2.426829268292683,0.7439024390243905,0.75,-0.07,13.5,0.524390243902439,3.048780487804878,17.2,83.46,32.353658536585364,9.8
2012,Detroit Red Wings,30,0.5853658536585366,0.07317073170731707,1.2439024390243902,0.622,2.9146341463414633,2.4390243902439024,0.47560975609756095,0.55,0,8.5,0.5853658536585366,3.6341463414634148,16.11,81.75,32.170731707317074,9.1
2012,Chicago Blackhawks,27,0.5487804878048781,0.13414634146341464,1.2317073170731707,0.616,2.9390243902439024,2.817073170731707,0.12195121951219523,0.14,0.02,10.3,0.5121951219512195,3.3780487804878048,15.16,78.11,31.5,9.3
2012,Phoenix Coyotes,28.9,0.5121951219512195,0.15853658536585366,1.1829268292682926,0.591,2.5609756097560976,2.3658536585365852,0.19512195121951237,0.16,0.01,9.2,0.4146341463414634,3.0609756097560976,13.55,85.54,29.609756097560975,8.6
2012,San Jose Sharks,28.1,0.524390243902439,0.12195121951219512,1.170731707317073,0.585,2.6707317073170733,2.5,0.17073170731707332,0.22,0,9.6,0.6951219512195121,3.292682926829268,21.11,76.89,33.81707317073171,7.9
2012,Los Angeles Kings,26.7,0.4878048780487805,0.18292682926829268,1.1585365853658536,0.579,2.292682926829268,2.073170731707317,0.21951219512195097,0.19,0.01,11.3,0.5975609756097561,3.524390243902439,16.96,87.03,30.597560975609756,7.5
2012,Florida Panthers,29,0.4634146341463415,0.21951219512195122,1.146341463414634,0.573,2.402439024390244,2.6341463414634148,-0.23170731707317094,-0.33,-0.03,9.7,0.6463414634146342,3.4878048780487805,18.53,79.5,29.670731707317074,8.1
2012,Ottawa Senators,27.8,0.5,0.12195121951219512,1.1219512195121952,0.561,2.9634146341463414,2.8780487804878048,0.08536585365853666,0.09,-0.02,14,0.5975609756097561,3.292682926829268,18.15,81.61,31.390243902439025,9.4
2012,Washington Capitals,27.6,0.5121951219512195,0.0975609756097561,1.1219512195121952,0.561,2.658536585365854,2.7560975609756095,-0.09756097560975574,-0.13,-0.03,9.4,0.5,2.9878048780487805,16.73,81.58,27.98780487804878,9.5
2012,Calgary Flames,29.6,0.45121951219512196,0.1951219512195122,1.0975609756097562,0.549,2.426829268292683,2.6463414634146343,-0.21951219512195141,-0.28,0.01,10.8,0.5609756097560976,3.1707317073170733,17.69,84.33,27.536585365853657,8.8
2012,Dallas Stars,28.4,0.5121951219512195,0.06097560975609756,1.0853658536585367,0.543,2.4878048780487805,2.658536585365854,-0.17073170731707332,-0.1,0.03,12.6,0.4024390243902439,2.975609756097561,13.52,82.84,28.21951219512195,8.8
2012,Buffalo Sabres,27,0.47560975609756095,0.13414634146341464,1.0853658536585367,0.543,2.573170731707317,2.7195121951219514,-0.14634146341463428,-0.15,0,11,0.5365853658536586,3.1463414634146343,17.05,81.71,29.23170731707317,8.8
2012,Colorado Avalanche,25.9,0.5,0.07317073170731707,1.0731707317073171,0.537,2.426829268292683,2.658536585365854,-0.23170731707317094,-0.13,0.01,11,0.5,2.7195121951219514,18.39,83.03,31.5,7.7
2012,Winnipeg Jets,26.2,0.45121951219512196,0.12195121951219512,1.024390243902439,0.512,2.6951219512195124,2.951219512195122,-0.25609756097560954,-0.3,-0.04,11,0.5487804878048781,3.0609756097560976,17.93,80.14,30.134146341463413,8.9
2012,Tampa Bay Lightning,29.5,0.4634146341463415,0.0975609756097561,1.024390243902439,0.512,2.8292682926829267,3.3902439024390243,-0.5609756097560976,-0.57,-0.01,10.5,0.5,3.2804878048780486,15.24,79.23,27.158536585365855,10.4
2012,Carolina Hurricanes,26.5,0.4024390243902439,0.1951219512195122,1,0.5,2.5853658536585367,2.8902439024390243,-0.30487804878048763,-0.39,-0.02,9.3,0.5975609756097561,3.5853658536585367,16.67,80.56,30.451219512195124,8.5
2012,Minnesota Wild,27.4,0.4268292682926829,0.13414634146341464,0.9878048780487805,0.494,2.024390243902439,2.6463414634146343,-0.6219512195121952,-0.58,0.02,12.1,0.47560975609756095,3.1463414634146343,15.12,82.11,26.51219512195122,7.6
2012,Anaheim Ducks,28.5,0.4146341463414634,0.14634146341463414,0.975609756097561,0.488,2.451219512195122,2.731707317073171,-0.28048780487804903,-0.29,0.04,12,0.5487804878048781,3.3048780487804876,16.61,81.98,27.9390243902439,8.8
2012,Toronto Maple Leafs,25.9,0.4268292682926829,0.12195121951219512,0.975609756097561,0.488,2.768292682926829,3.158536585365854,-0.39024390243902474,-0.38,0.02,10,0.5975609756097561,3.2560975609756095,18.35,77.27,28.317073170731707,9.8
2012,New York Islanders,27.8,0.4146341463414634,0.13414634146341464,0.9634146341463414,0.482,2.3902439024390243,3.0609756097560976,-0.6707317073170733,-0.58,0.05,9.3,0.5487804878048781,2.9634146341463414,18.52,80.51,29.390243902439025,8.1
2012,Montreal Canadiens,26.8,0.3780487804878049,0.1951219512195122,0.9512195121951219,0.476,2.524390243902439,2.6097560975609757,-0.08536585365853666,-0.17,0,11.6,0.524390243902439,3.6707317073170733,14.29,88.57,28.536585365853657,8.8
2012,Edmonton Oilers,27.4,0.3902439024390244,0.12195121951219512,0.9024390243902439,0.451,2.524390243902439,2.8292682926829267,-0.30487804878048763,-0.32,0.01,11.5,0.6585365853658537,3.1951219512195124,20.61,82.43,26.658536585365855,9.5
2012,Columbus Blue Jackets,26.7,0.35365853658536583,0.08536585365853659,0.7926829268292683,0.396,2.4146341463414633,3.1341463414634148,-0.7195121951219514,-0.65,0.08,12.6,0.5975609756097561,3.8658536585365852,15.46,76.64,29.926829268292682,8.1
2013,Chicago Blackhawks,26.8,0.75,0.10416666666666667,1.6041666666666667,0.802,3.1041666666666665,2.0208333333333335,1.083333333333333,1.04,-0.07,9.2,0.5208333333333334,3.125,16.67,87.23,31.125,10
2013,Pittsburgh Penguins,29,0.75,0,1.5,0.75,3.375,2.4791666666666665,0.8958333333333335,0.91,-0.05,11.7,0.875,3.5416666666666665,24.71,79.64,29.958333333333332,11.3
2013,Anaheim Ducks,28.8,0.625,0.125,1.375,0.688,2.7916666666666665,2.3958333333333335,0.39583333333333304,0.43,-0.02,11.1,0.6041666666666666,2.8125,21.48,81.48,28.0625,9.9
2013,Montreal Canadiens,27.8,0.6041666666666666,0.10416666666666667,1.3125,0.656,3.0416666666666665,2.5833333333333335,0.45833333333333304,0.46,-0.02,13.3,0.875,4.229166666666667,20.69,79.77,30.583333333333332,9.9
2013,Boston Bruins,27.8,0.5833333333333334,0.125,1.2916666666666667,0.646,2.6458333333333335,2.2083333333333335,0.4375,0.44,-0.02,12.2,0.375,2.5416666666666665,14.75,87.12,32.4375,8.2
2013,St Louis Blues,26.3,0.6041666666666666,0.041666666666666664,1.25,0.625,2.5833333333333335,2.375,0.20833333333333348,0.31,0.02,11.1,0.6041666666666666,3.1041666666666665,19.46,84.67,27.833333333333332,9.3
2013,Vancouver Canucks,28.2,0.5416666666666666,0.14583333333333334,1.2291666666666667,0.615,2.5416666666666665,2.3958333333333335,0.14583333333333304,0.07,-0.06,12.7,0.5416666666666666,3.4375,15.76,84.02,28.125,9
2013,Los Angeles Kings,26.5,0.5625,0.10416666666666667,1.2291666666666667,0.615,2.7291666666666665,2.375,0.3541666666666665,0.29,-0.02,10,0.6875,3.4583333333333335,19.88,83.23,29.8125,9.2
2013,Washington Capitals,26.6,0.5625,0.0625,1.1875,0.594,3.0416666666666665,2.7083333333333335,0.33333333333333304,0.31,-0.09,10.8,0.9166666666666666,3.4166666666666665,26.83,77.91,28.125,10.8
2013,Toronto Maple Leafs,26,0.5416666666666666,0.10416666666666667,1.1875,0.594,3.0208333333333335,2.6666666666666665,0.35416666666666696,0.27,0.02,16.1,0.6458333333333334,3.4583333333333335,18.67,87.9,26.333333333333332,11.5
2013,San Jose Sharks,28.9,0.5208333333333334,0.14583333333333334,1.1875,0.594,2.4166666666666665,2.3333333333333335,0.08333333333333304,0.17,0.01,10.9,0.7083333333333334,3.5208333333333335,20.12,85.03,31.791666666666668,7.6
2013,Ottawa Senators,27.4,0.5208333333333334,0.125,1.1666666666666667,0.583,2.3333333333333335,2.0833333333333335,0.25,0.27,0.02,13.6,0.5208333333333334,3.2708333333333335,15.92,88.02,33.145833333333336,7
2013,New York Rangers,27.2,0.5416666666666666,0.08333333333333333,1.1666666666666667,0.583,2.625,2.25,0.375,0.38,0,9.3,0.5,3.1875,15.69,81.08,30.895833333333332,8.5
2013,Detroit Red Wings,28.2,0.5,0.16666666666666666,1.1666666666666667,0.583,2.5416666666666665,2.2916666666666665,0.25,0.2,0.01,9.8,0.7083333333333334,3.8541666666666665,18.38,81.71,30.145833333333332,8.4
2013,Minnesota Wild,27.8,0.5416666666666666,0.0625,1.1458333333333333,0.573,2.4583333333333335,2.6041666666666665,-0.14583333333333304,-0.16,-0.05,11.4,0.5625,3.1458333333333335,17.88,80.74,28.791666666666668,8.5
2013,Columbus Blue Jackets,26.3,0.5,0.14583333333333334,1.1458333333333333,0.573,2.3958333333333335,2.3958333333333335,0,0.03,0.01,12.6,0.4583333333333333,3.2291666666666665,14.19,82.64,26.729166666666668,9
2013,New York Islanders,28.7,0.5,0.14583333333333334,1.1458333333333333,0.573,2.8125,2.8333333333333335,-0.02083333333333348,0.03,0.03,9.6,0.6458333333333334,3.25,19.87,80.28,30.9375,9.1
2013,Phoenix Coyotes,28.4,0.4375,0.1875,1.0625,0.531,2.5208333333333335,2.6041666666666665,-0.08333333333333304,-0.1,0.03,10.5,0.5208333333333334,3.5208333333333335,14.79,79.88,30.875,8.2
2013,Winnipeg Jets,26.4,0.5,0.0625,1.0625,0.531,2.625,2.9375,-0.3125,-0.36,-0.03,11.1,0.4166666666666667,3.0208333333333335,13.79,79.71,28.9375,9.1
2013,Philadelphia Flyers,27.9,0.4791666666666667,0.0625,1.0208333333333333,0.51,2.75,2.8958333333333335,-0.14583333333333348,-0.14,0.03,15.7,0.7708333333333334,3.5625,21.64,85.87,29.041666666666668,9.5
2013,Dallas Stars,28.2,0.4583333333333333,0.08333333333333333,1,0.5,2.6666666666666665,2.9375,-0.2708333333333335,-0.21,0.05,13,0.6041666666666666,3.5625,16.96,81.01,26.270833333333332,10.2
2013,Buffalo Sabres,27.3,0.4375,0.125,1,0.5,2.4583333333333335,2.8958333333333335,-0.4375,-0.31,0.07,13.1,0.4791666666666667,3.3958333333333335,14.11,79.21,27.895833333333332,8.8
2013,New Jersey Devils,30.8,0.3958333333333333,0.20833333333333334,1,0.5,2.2916666666666665,2.5416666666666665,-0.25,-0.31,0.04,10.6,0.5833333333333334,3.6666666666666665,15.91,81.07,28.375,8.1
2013,Edmonton Oilers,26.4,0.3958333333333333,0.14583333333333334,0.9375,0.469,2.5625,2.7291666666666665,-0.16666666666666652,-0.22,-0.03,10.8,0.7083333333333334,3.5208333333333335,20.12,83.43,26.770833333333332,9.6
2013,Carolina Hurricanes,26.9,0.3958333333333333,0.08333333333333333,0.875,0.438,2.6458333333333335,3.3125,-0.6666666666666665,-0.65,0.02,11.2,0.5,3.4375,14.55,77.64,32.1875,8.2
2013,Calgary Flames,29,0.3958333333333333,0.08333333333333333,0.875,0.438,2.6666666666666665,3.2708333333333335,-0.604166666666667,-0.65,0.02,10.8,0.6458333333333334,3.2291666666666665,20,81.46,26.9375,9.9
2013,Nashville Predators,27.3,0.3333333333333333,0.1875,0.8541666666666666,0.427,2.2708333333333335,2.7708333333333335,-0.5,-0.5,0.09,9.8,0.5,2.9166666666666665,17.14,75.54,25.916666666666668,8.8
2013,Tampa Bay Lightning,27.7,0.375,0.08333333333333333,0.8333333333333334,0.417,3.0625,3.0625,0,-0.11,-0.07,12,0.6458333333333334,3.3958333333333335,19.02,80.65,27.5625,11.1
2013,Colorado Avalanche,26.7,0.3333333333333333,0.14583333333333334,0.8125,0.406,2.375,3.125,-0.75,-0.73,0.02,12.5,0.4375,2.9166666666666665,15,80.33,29.479166666666668,8.1
2013,Florida Panthers,27.8,0.3125,0.125,0.75,0.375,2.2708333333333335,3.5416666666666665,-1.270833333333333,-1.18,0.05,11.3,0.6041666666666666,2.9583333333333335,20.42,74.17,29.166666666666668,7.8
2014,Boston Bruins,27.6,0.6585365853658537,0.10975609756097561,1.4268292682926829,0.713,3.1463414634146343,2.0853658536585367,1.0609756097560976,0.92,-0.11,10.8,0.6097560975609756,2.8048780487804876,21.74,83.65,31.853658536585368,9.9
2014,Anaheim Ducks,27.7,0.6585365853658537,0.0975609756097561,1.4146341463414633,0.707,3.207317073170732,2.475609756097561,0.7317073170731709,0.68,-0.01,10.9,0.5365853658536586,3.3536585365853657,16,82.22,31.329268292682926,10.2
2014,Colorado Avalanche,26.9,0.6341463414634146,0.0975609756097561,1.3658536585365855,0.683,2.9878048780487805,2.6341463414634148,0.3536585365853657,0.4,0.04,10.9,0.6097560975609756,3.073170731707317,19.84,80.72,29.51219512195122,10.1
2014,St Louis Blues,27.4,0.6341463414634146,0.08536585365853659,1.353658536585366,0.677,2.9146341463414633,2.292682926829268,0.6219512195121952,0.71,0.01,14.2,0.6829268292682927,3.451219512195122,19.79,85.67,29.29268292682927,10
2014,San Jose Sharks,28.7,0.6219512195121951,0.10975609756097561,1.353658536585366,0.677,2.9146341463414633,2.3536585365853657,0.5609756097560976,0.6,0,9,0.6097560975609756,3.548780487804878,17.18,84.93,34.76829268292683,8.4
2014,Pittsburgh Penguins,28.3,0.6219512195121951,0.08536585365853659,1.329268292682927,0.665,2.951219512195122,2.4878048780487805,0.46341463414634143,0.47,-0.04,10.1,0.7926829268292683,3.3902439024390243,23.38,85.04,29.926829268292682,9.9
2014,Chicago Blackhawks,27.5,0.5609756097560976,0.18292682926829268,1.3048780487804879,0.652,3.182926829268293,2.5853658536585367,0.5975609756097562,0.6,0.02,8.5,0.6097560975609756,3.1341463414634148,19.46,81.45,33.109756097560975,9.6
2014,Tampa Bay Lightning,27.1,0.5609756097560976,0.10975609756097561,1.2317073170731707,0.616,2.8292682926829267,2.548780487804878,0.2804878048780486,0.25,-0.06,10.3,0.6097560975609756,3.292682926829268,18.52,80.74,29.829268292682926,9.5
2014,Los Angeles Kings,27.4,0.5609756097560976,0.0975609756097561,1.2195121951219512,0.61,2.4146341463414633,2.048780487804878,0.36585365853658525,0.4,0.01,10.7,0.524390243902439,3.4634146341463414,15.14,83.11,31.646341463414632,7.6
2014,Montreal Canadiens,28.3,0.5609756097560976,0.0975609756097561,1.2195121951219512,0.61,2.548780487804878,2.451219512195122,0.09756097560975618,0.08,-0.05,13,0.5853658536585366,3.402439024390244,17.2,85.12,28.414634146341463,9
2014,Minnesota Wild,27.2,0.524390243902439,0.14634146341463414,1.1951219512195121,0.598,2.426829268292683,2.4146341463414633,0.012195121951219523,0.07,0.05,9.5,0.5487804878048781,3.073170731707317,17.86,78.8,26.585365853658537,9.1
2014,New York Rangers,27.4,0.5487804878048781,0.07317073170731707,1.170731707317073,0.585,2.6097560975609757,2.317073170731707,0.29268292682926855,0.26,-0.04,10,0.5853658536585366,3.2195121951219514,18.18,85.34,33.15853658536585,7.9
2014,Philadelphia Flyers,27.7,0.5121951219512195,0.12195121951219512,1.146341463414634,0.573,2.841463414634146,2.768292682926829,0.07317073170731714,-0.01,-0.02,14.2,0.7073170731707317,3.5853658536585367,19.73,84.81,30.365853658536587,9.4
2014,Columbus Blue Jackets,26.1,0.524390243902439,0.08536585365853659,1.1341463414634145,0.567,2.7560975609756095,2.6097560975609757,0.14634146341463383,0.16,-0.03,11.1,0.6585365853658537,3.4146341463414633,19.29,82.14,29.646341463414632,9.3
2014,Detroit Red Wings,28.6,0.47560975609756095,0.18292682926829268,1.1341463414634145,0.567,2.6463414634146343,2.6951219512195124,-0.04878048780487809,-0.14,-0.04,8.8,0.6097560975609756,3.4390243902439024,17.73,83.05,29.951219512195124,8.8
2014,Dallas Stars,28.2,0.4878048780487805,0.13414634146341464,1.1097560975609757,0.555,2.817073170731707,2.7195121951219514,0.09756097560975574,0.14,0.05,11,0.5609756097560976,3.5365853658536586,15.86,81.37,31.670731707317074,8.9
2014,Washington Capitals,26.5,0.4634146341463415,0.17073170731707318,1.0975609756097562,0.549,2.7439024390243905,2.792682926829268,-0.04878048780487765,-0.08,-0.02,11.6,0.8292682926829268,3.548780487804878,23.37,82.04,29.414634146341463,9.3
2014,Phoenix Coyotes,28.7,0.45121951219512196,0.18292682926829268,1.0853658536585367,0.543,2.5609756097560976,2.731707317073171,-0.17073170731707332,-0.16,0.03,9.9,0.6829268292682927,3.4390243902439024,19.86,79.04,30.451219512195124,8.4
2014,Ottawa Senators,26.6,0.45121951219512196,0.17073170731707318,1.0731707317073171,0.537,2.792682926829268,3.1463414634146343,-0.35365853658536617,-0.37,-0.02,13.3,0.6097560975609756,3.3048780487804876,18.45,80.94,32.81707317073171,8.5
2014,Nashville Predators,26.7,0.4634146341463415,0.14634146341463414,1.0731707317073171,0.537,2.6097560975609757,2.841463414634146,-0.2317073170731705,-0.25,0.07,9.9,0.5609756097560976,2.9146341463414633,19.25,80.25,29.048780487804876,9
2014,New Jersey Devils,30.6,0.4268292682926829,0.21951219512195122,1.0731707317073171,0.537,2.402439024390244,2.3780487804878048,0.024390243902439046,-0.15,-0.02,8,0.573170731707317,2.9390243902439024,19.5,86.36,26.817073170731707,9
2014,Toronto Maple Leafs,26.2,0.4634146341463415,0.0975609756097561,1.024390243902439,0.512,2.707317073170732,3.073170731707317,-0.36585365853658525,-0.34,-0.04,12.7,0.6097560975609756,3.073170731707317,19.84,78.36,27.926829268292682,9.7
2014,Winnipeg Jets,26.3,0.45121951219512196,0.12195121951219512,1.024390243902439,0.512,2.6707317073170733,2.817073170731707,-0.14634146341463383,-0.07,0.06,11.9,0.4878048780487805,3.158536585365854,15.44,83.16,30.682926829268293,8.7
2014,Carolina Hurricanes,27,0.43902439024390244,0.13414634146341464,1.0121951219512195,0.506,2.5,2.7560975609756095,-0.25609756097560954,-0.29,-0.01,7.9,0.5,3.426829268292683,14.59,81.74,31.23170731707317,8
2014,Vancouver Canucks,28.6,0.43902439024390244,0.13414634146341464,1.0121951219512195,0.506,2.3292682926829267,2.6341463414634148,-0.3048780487804881,-0.3,0.03,13.6,0.47560975609756095,3.1341463414634148,15.18,83.21,30.817073170731707,7.6
2014,New York Islanders,26.2,0.4146341463414634,0.13414634146341464,0.9634146341463414,0.482,2.6341463414634148,3.182926829268293,-0.5487804878048781,-0.51,0,12.4,0.5975609756097561,3.3658536585365852,17.75,78.11,30.9390243902439,8.5
2014,Calgary Flames,26.7,0.4268292682926829,0.08536585365853659,0.9390243902439024,0.47,2.4634146341463414,2.902439024390244,-0.4390243902439024,-0.35,0.04,10.5,0.47560975609756095,3.0365853658536586,15.66,81.7,26.817073170731707,9.2
2014,Edmonton Oilers,26.5,0.35365853658536583,0.10975609756097561,0.8170731707317073,0.409,2.426829268292683,3.2560975609756095,-0.8292682926829267,-0.75,0.07,11.8,0.5609756097560976,3.3048780487804876,16.97,82.14,26.926829268292682,9
2014,Florida Panthers,29,0.35365853658536583,0.0975609756097561,0.8048780487804879,0.402,2.292682926829268,3.1951219512195124,-0.9024390243902443,-0.87,0.01,10.3,0.32926829268292684,3.2804878048780486,10.04,75.95,29.890243902439025,7.7
2014,Buffalo Sabres,26.6,0.25609756097560976,0.12195121951219512,0.6341463414634146,0.317,1.829268292682927,2.9634146341463414,-1.1341463414634145,-1.09,0.02,11,0.43902439024390244,3.1219512195121952,14.06,81.39,26.29268292682927,7
2015,New York Rangers,29.4,0.6463414634146342,0.08536585365853659,1.3780487804878048,0.689,3.024390243902439,2.2804878048780486,0.7439024390243905,0.69,-0.04,8.7,0.47560975609756095,2.8292682926829267,16.81,84.26,31.48780487804878,9.6
2015,Montreal Canadiens,28.4,0.6097560975609756,0.12195121951219512,1.3414634146341464,0.671,2.6097560975609757,2.2439024390243905,0.36585365853658525,0.36,-0.03,10.2,0.4878048780487805,2.951219512195122,16.53,83.66,28.463414634146343,9.2
2015,Anaheim Ducks,27,0.6219512195121951,0.08536585365853659,1.329268292682927,0.665,2.7804878048780486,2.6951219512195124,0.08536585365853622,0.1,-0.03,10.8,0.45121951219512196,2.8780487804878048,15.68,81.02,29.975609756097562,9.3
2015,St Louis Blues,28.3,0.6219512195121951,0.08536585365853659,1.329268292682927,0.665,2.9146341463414633,2.402439024390244,0.5121951219512195,0.59,0.02,11,0.6829268292682927,3.0609756097560976,22.31,83.66,30.914634146341463,9.4
2015,Tampa Bay Lightning,26.9,0.6097560975609756,0.0975609756097561,1.3170731707317074,0.659,3.158536585365854,2.5121951219512195,0.6463414634146343,0.57,-0.06,9.9,0.6463414634146342,3.4390243902439024,18.79,83.66,29.609756097560975,10.7
2015,Nashville Predators,28.4,0.573170731707317,0.12195121951219512,1.2682926829268293,0.634,2.7560975609756095,2.4634146341463414,0.2926829268292681,0.33,0.03,8.5,0.5121951219512195,3.158536585365854,16.22,80.77,31.878048780487806,8.6
2015,Chicago Blackhawks,29.3,0.5853658536585366,0.07317073170731707,1.2439024390243902,0.622,2.682926829268293,2.268292682926829,0.4146341463414638,0.51,0.02,7.3,0.5609756097560976,3.1707317073170733,17.69,83.41,33.86585365853659,7.9
2015,Vancouver Canucks,29.4,0.5853658536585366,0.06097560975609756,1.2317073170731707,0.616,2.8780487804878048,2.682926829268293,0.19512195121951192,0.2,-0.05,10.9,0.5609756097560976,2.902439024390244,19.33,85.71,29.914634146341463,9.6
2015,Washington Capitals,28.1,0.5487804878048781,0.13414634146341464,1.2317073170731707,0.616,2.8902439024390243,2.426829268292683,0.46341463414634143,0.44,-0.03,10.5,0.7317073170731707,2.8902439024390243,25.32,81.2,29.5,9.8
2015,New York Islanders,27.3,0.573170731707317,0.08536585365853659,1.2317073170731707,0.616,2.9878048780487805,2.731707317073171,0.25609756097560954,0.26,-0.01,8.5,0.6097560975609756,3.2560975609756095,18.73,77.88,33.792682926829265,8.8
2015,Detroit Red Wings,28.9,0.524390243902439,0.17073170731707318,1.2195121951219512,0.61,2.817073170731707,2.573170731707317,0.24390243902439002,0.14,-0.03,8.8,0.8536585365853658,3.5853658536585367,23.81,80.9,29.621951219512194,9.5
2015,Minnesota Wild,27.7,0.5609756097560976,0.0975609756097561,1.2195121951219512,0.61,2.768292682926829,2.4146341463414633,0.3536585365853657,0.39,0.03,8.9,0.47560975609756095,3,15.85,86.32,30.75609756097561,9
2015,Ottawa Senators,26.9,0.524390243902439,0.15853658536585366,1.2073170731707317,0.604,2.8292682926829267,2.5365853658536586,0.2926829268292681,0.25,-0.04,10.3,0.573170731707317,3.4146341463414633,16.79,82.88,30.963414634146343,9.1
2015,Winnipeg Jets,27.3,0.524390243902439,0.15853658536585366,1.2073170731707317,0.604,2.7195121951219514,2.4878048780487805,0.23170731707317094,0.29,0.04,13,0.5853658536585366,3.2804878048780486,17.84,81.82,29.74390243902439,9.1
2015,Pittsburgh Penguins,29.5,0.524390243902439,0.14634146341463414,1.1951219512195121,0.598,2.6463414634146343,2.4878048780487805,0.1585365853658538,0.12,-0.01,13.7,0.5975609756097561,3.097560975609756,19.29,84.84,31.634146341463413,8.4
2015,Calgary Flames,28.2,0.5487804878048781,0.08536585365853659,1.1829268292682926,0.591,2.8902439024390243,2.597560975609756,0.2926829268292681,0.26,-0.05,7.6,0.5853658536585366,3.1097560975609757,18.82,80.65,27.463414634146343,10.5
2015,Boston Bruins,28.3,0.5,0.17073170731707318,1.170731707317073,0.585,2.548780487804878,2.451219512195122,0.09756097560975618,0.01,-0.01,9.5,0.4634146341463415,2.597560975609756,17.84,81.97,31.048780487804876,8.2
2015,Los Angeles Kings,28.5,0.4878048780487805,0.18292682926829268,1.1585365853658536,0.579,2.658536585365854,2.402439024390244,0.25609756097561,0.16,-0.03,9.1,0.573170731707317,3.0121951219512195,19.03,80.93,30.926829268292682,8.6
2015,Dallas Stars,28.5,0.5,0.12195121951219512,1.1219512195121952,0.561,3.1341463414634148,3.1341463414634148,0,0.06,0.05,9.6,0.6707317073170732,3.5365853658536586,18.97,80.71,31.195121951219512,10
2015,Florida Panthers,29.2,0.4634146341463415,0.18292682926829268,1.1097560975609757,0.555,2.4146341463414633,2.597560975609756,-0.18292682926829285,-0.23,-0.02,8.9,0.4878048780487805,3,16.26,80,30.682926829268293,7.9
2015,Colorado Avalanche,28.6,0.47560975609756095,0.14634146341463414,1.0975609756097562,0.549,2.548780487804878,2.7195121951219514,-0.17073170731707332,-0.04,0.06,9.4,0.45121951219512196,3.0121951219512195,14.98,84.65,27.878048780487806,9.1
2015,Columbus Blue Jackets,27,0.5121951219512195,0.06097560975609756,1.0853658536585367,0.543,2.768292682926829,3.024390243902439,-0.25609756097561,-0.16,0.01,11.9,0.6463414634146342,2.975609756097561,21.72,80.2,28.853658536585368,9.6
2015,San Jose Sharks,28.5,0.4878048780487805,0.10975609756097561,1.0853658536585367,0.543,2.731707317073171,2.7560975609756095,-0.024390243902438602,-0.08,-0.03,9.3,0.6707317073170732,3.097560975609756,21.65,78.48,31.597560975609756,8.6
2015,Philadelphia Flyers,28.6,0.4024390243902439,0.21951219512195122,1.024390243902439,0.512,2.5853658536585367,2.7195121951219514,-0.13414634146341475,-0.23,0,10.2,0.7317073170731707,3.1219512195121952,23.44,77.07,29.426829268292682,8.8
2015,New Jersey Devils,30.5,0.3902439024390244,0.17073170731707318,0.9512195121951219,0.476,2.1463414634146343,2.548780487804878,-0.4024390243902438,-0.4,0.02,9.3,0.5,2.5853658536585367,19.34,80.6,24.48780487804878,8.8
2015,Carolina Hurricanes,27.9,0.36585365853658536,0.13414634146341464,0.8658536585365854,0.433,2.231707317073171,2.6707317073170733,-0.4390243902439024,-0.44,0.02,6.7,0.5487804878048781,2.926829268292683,18.75,84.74,30.78048780487805,7.3
2015,Toronto Maple Leafs,27.7,0.36585365853658536,0.0975609756097561,0.8292682926829268,0.415,2.5121951219512195,3.1341463414634148,-0.6219512195121952,-0.61,0.02,10,0.5487804878048781,3.451219512195122,15.9,80.45,29.23170731707317,8.6
2015,Edmonton Oilers,27.2,0.2926829268292683,0.17073170731707318,0.7560975609756098,0.378,2.3536585365853657,3.3658536585365852,-1.0121951219512195,-1.01,0.03,8.3,0.5,2.8292682926829267,17.67,76.71,28.426829268292682,8.3
2015,Arizona Coyotes,28.5,0.2926829268292683,0.0975609756097561,0.6829268292682927,0.341,2.0121951219512195,3.2560975609756095,-1.24390243902439,-1.2,0.04,9.5,0.5609756097560976,2.8048780487804876,20,76.7,29.182926829268293,6.9
2015,Buffalo Sabres,26.9,0.2804878048780488,0.0975609756097561,0.6585365853658537,0.329,1.8658536585365855,3.2804878048780486,-1.4146341463414631,-1.33,0.05,10.4,0.36585365853658536,2.731707317073171,13.39,75.1,24.195121951219512,7.7
2016,Washington Capitals,27.9,0.6829268292682927,0.0975609756097561,1.4634146341463414,0.732,3.024390243902439,2.3292682926829267,0.6951219512195124,0.7,-0.02,9.2,0.6707317073170732,3.0609756097560976,21.91,85.16,30.609756097560975,9.9
2016,Dallas Stars,28.9,0.6097560975609756,0.10975609756097561,1.329268292682927,0.665,3.231707317073171,2.7804878048780486,0.45121951219512235,0.45,-0.01,8.8,0.7073170731707317,3.1951219512195124,22.14,82.26,32,10.1
2016,St Louis Blues,28,0.5975609756097561,0.10975609756097561,1.3048780487804879,0.652,2.6707317073170733,2.402439024390244,0.2682926829268295,0.28,0,10.5,0.6219512195121951,2.8902439024390243,21.52,85.14,30.170731707317074,8.9
2016,Pittsburgh Penguins,29,0.5853658536585366,0.0975609756097561,1.2682926829268293,0.634,2.9390243902439024,2.426829268292683,0.5121951219512195,0.5,-0.01,8.5,0.5853658536585366,3.182926829268293,18.39,84.44,33.19512195121951,8.9
2016,Anaheim Ducks,27.4,0.5609756097560976,0.13414634146341464,1.2560975609756098,0.628,2.6219512195121952,2.292682926829268,0.3292682926829271,0.27,-0.05,12.5,0.6829268292682927,2.9878048780487805,22.86,87.24,30.28048780487805,8.7
2016,Chicago Blackhawks,28.6,0.573170731707317,0.10975609756097561,1.2560975609756098,0.628,2.8536585365853657,2.524390243902439,0.3292682926829267,0.32,0,7.5,0.6951219512195121,3.073170731707317,22.62,80.26,30.463414634146343,9.4
2016,Florida Panthers,29.2,0.573170731707317,0.10975609756097561,1.2560975609756098,0.628,2.8292682926829267,2.4390243902439024,0.3902439024390243,0.42,-0.02,10.4,0.573170731707317,3.3902439024390243,16.91,79.48,28.75609756097561,9.8
2016,Los Angeles Kings,28.3,0.5853658536585366,0.07317073170731707,1.2439024390243902,0.622,2.7195121951219514,2.341463414634146,0.3780487804878052,0.32,-0.04,10.6,0.573170731707317,2.8658536585365852,20,81.4,32.01219512195122,8.5
2016,New York Rangers,29.6,0.5609756097560976,0.10975609756097561,1.2317073170731707,0.616,2.841463414634146,2.6219512195121952,0.21951219512195097,0.24,0.01,8.6,0.5121951219512195,2.7560975609756095,18.58,78.19,28.48780487804878,10
2016,New York Islanders,27.9,0.5487804878048781,0.12195121951219512,1.2195121951219512,0.61,2.768292682926829,2.573170731707317,0.19512195121951192,0.19,0,8.8,0.524390243902439,2.792682926829268,18.78,84.48,29.414634146341463,9.4
2016,San Jose Sharks,29.1,0.5609756097560976,0.07317073170731707,1.1951219512195121,0.598,2.8902439024390243,2.524390243902439,0.36585365853658525,0.33,-0.05,8.9,0.7560975609756098,3.3536585365853657,22.55,80.51,30.378048780487806,9.5
2016,Tampa Bay Lightning,27.3,0.5609756097560976,0.06097560975609756,1.1829268292682926,0.591,2.731707317073171,2.4146341463414633,0.3170731707317076,0.3,-0.02,9.9,0.5365853658536586,3.402439024390244,15.77,84.05,29.29268292682927,9.3
2016,Philadelphia Flyers,28.1,0.5,0.17073170731707318,1.170731707317073,0.585,2.573170731707317,2.5609756097560976,0.012195121951219523,-0.03,0.02,11.8,0.6463414634146342,3.4146341463414633,18.93,80.53,30.975609756097562,8.3
2016,Nashville Predators,28.4,0.5,0.17073170731707318,1.170731707317073,0.585,2.731707317073171,2.597560975609756,0.13414634146341475,0.17,0.01,9.9,0.6219512195121951,3.158536585365854,19.69,81.22,30.573170731707318,8.9
2016,Boston Bruins,28.8,0.5121951219512195,0.10975609756097561,1.1341463414634145,0.567,2.8780487804878048,2.7804878048780486,0.09756097560975618,0.11,-0.02,11.4,0.5853658536585366,2.8536585365853657,20.51,82.22,31.951219512195124,9
2016,Detroit Red Wings,28.7,0.5,0.13414634146341464,1.1341463414634145,0.567,2.548780487804878,2.6707317073170733,-0.12195121951219523,-0.16,0,8.8,0.6097560975609756,3.2439024390243905,18.8,81.55,29.658536585365855,8.6
2016,Minnesota Wild,28,0.4634146341463415,0.13414634146341464,1.0609756097560976,0.53,2.597560975609756,2.4878048780487805,0.10975609756097571,0.13,0.01,6.6,0.5853658536585366,3.158536585365854,18.53,77.94,28.951219512195124,9
2016,Carolina Hurricanes,27,0.4268292682926829,0.1951219512195122,1.048780487804878,0.524,2.3902439024390243,2.6951219512195124,-0.3048780487804881,-0.31,0.03,6.9,0.4878048780487805,2.902439024390244,16.81,84.31,29.890243902439025,8
2016,Ottawa Senators,27,0.4634146341463415,0.10975609756097561,1.0365853658536586,0.518,2.8048780487804876,2.9390243902439024,-0.13414634146341475,-0.13,0.01,10.9,0.4634146341463415,2.9146341463414633,15.9,75.89,28.353658536585368,9.9
2016,New Jersey Devils,27.9,0.4634146341463415,0.0975609756097561,1.024390243902439,0.512,2.2195121951219514,2.4634146341463414,-0.24390243902439002,-0.28,0.02,9.9,0.6219512195121951,3.1219512195121952,19.92,82.95,24.426829268292682,9.1
2016,Colorado Avalanche,28.3,0.47560975609756095,0.04878048780487805,1,0.5,2.5853658536585367,2.926829268292683,-0.3414634146341462,-0.26,0.03,9.4,0.5853658536585366,3.2439024390243905,18.05,80.23,28.634146341463413,9
2016,Montreal Canadiens,28,0.4634146341463415,0.07317073170731707,1,0.5,2.6341463414634148,2.841463414634146,-0.20731707317073145,-0.18,0,9.4,0.5121951219512195,3.158536585365854,16.22,81.89,30.536585365853657,8.6
2016,Buffalo Sabres,26.2,0.4268292682926829,0.13414634146341464,0.9878048780487805,0.494,2.426829268292683,2.6219512195121952,-0.19512195121951237,-0.25,0.01,9.1,0.5853658536585366,3.097560975609756,18.9,82.57,29.48780487804878,8.2
2016,Winnipeg Jets,26.8,0.4268292682926829,0.0975609756097561,0.9512195121951219,0.476,2.5853658536585367,2.8780487804878048,-0.2926829268292681,-0.26,0.03,11.2,0.4634146341463415,3.1341463414634148,14.79,78.37,29.597560975609756,8.7
2016,Arizona Coyotes,27.6,0.4268292682926829,0.0975609756097561,0.9512195121951219,0.476,2.5365853658536586,2.975609756097561,-0.4390243902439024,-0.43,0.01,12.3,0.6463414634146342,3.658536585365854,17.67,77.3,27.621951219512194,9.2
2016,Calgary Flames,27.7,0.4268292682926829,0.08536585365853659,0.9390243902439024,0.47,2.792682926829268,3.1341463414634148,-0.34146341463414664,-0.36,-0.01,9.2,0.5609756097560976,3.292682926829268,17.04,75.64,29.24390243902439,9.5
2016,Columbus Blue Jackets,26.5,0.4146341463414634,0.0975609756097561,0.926829268292683,0.463,2.597560975609756,3.024390243902439,-0.42682926829268286,-0.38,0.03,12.1,0.524390243902439,3.024390243902439,17.34,81,29.109756097560975,8.9
2016,Vancouver Canucks,28.9,0.3780487804878049,0.15853658536585366,0.9146341463414634,0.457,2.268292682926829,2.9146341463414633,-0.6463414634146343,-0.62,0.02,10,0.47560975609756095,3.0121951219512195,15.79,81.12,28.182926829268293,8
2016,Edmonton Oilers,26.4,0.3780487804878049,0.0975609756097561,0.8536585365853658,0.427,2.426829268292683,2.951219512195122,-0.524390243902439,-0.51,0,9.7,0.524390243902439,2.8902439024390243,18.14,80.71,29.097560975609756,8.3
2016,Toronto Maple Leafs,27.4,0.35365853658536583,0.13414634146341464,0.8414634146341463,0.421,2.341463414634146,2.926829268292683,-0.5853658536585367,-0.56,0.03,9.2,0.4878048780487805,3.158536585365854,15.44,81.62,30.670731707317074,7.6
2017,Washington Capitals,28.4,0.6707317073170732,0.0975609756097561,1.4390243902439024,0.72,3.182926829268293,2.158536585365854,1.024390243902439,0.99,0,9.1,0.6951219512195121,3.024390243902439,22.98,83.82,30.426829268292682,10.5
2017,Pittsburgh Penguins,28.7,0.6097560975609756,0.13414634146341464,1.353658536585366,0.677,3.3902439024390243,2.792682926829268,0.5975609756097562,0.59,0.01,8.6,0.7317073170731707,3.1707317073170733,23.08,79.77,33.47560975609756,10.1
2017,Chicago Blackhawks,29.4,0.6097560975609756,0.10975609756097561,1.329268292682927,0.665,2.926829268292683,2.5853658536585367,0.3414634146341462,0.32,-0.06,7.1,0.5121951219512195,2.841463414634146,18.03,77.73,30.585365853658537,9.6
2017,Columbus Blue Jackets,26.2,0.6097560975609756,0.0975609756097561,1.3170731707317074,0.659,3.0121951219512195,2.3536585365853657,0.6585365853658538,0.68,0.02,8.7,0.5121951219512195,2.573170731707317,19.91,82.51,30.975609756097562,9.7
2017,Minnesota Wild,28.3,0.5975609756097561,0.0975609756097561,1.2926829268292683,0.646,3.207317073170732,2.5121951219512195,0.6951219512195124,0.63,-0.08,8.2,0.573170731707317,2.731707317073171,20.98,82.95,30.817073170731707,10.4
2017,Anaheim Ducks,27.6,0.5609756097560976,0.15853658536585366,1.2804878048780488,0.64,2.682926829268293,2.402439024390244,0.28048780487804903,0.24,-0.04,11.4,0.573170731707317,3.0609756097560976,18.73,84.7,29.573170731707318,9.1
2017,Edmonton Oilers,26.7,0.573170731707317,0.10975609756097561,1.2560975609756098,0.628,2.9634146341463414,2.524390243902439,0.4390243902439024,0.37,-0.06,9,0.6829268292682927,2.9878048780487805,22.86,80.72,31.0609756097561,9.5
2017,Montreal Canadiens,28.8,0.573170731707317,0.10975609756097561,1.2560975609756098,0.628,2.7195121951219514,2.4146341463414633,0.3048780487804881,0.31,-0.01,9.3,0.5487804878048781,2.8048780487804876,19.57,81.12,29.98780487804878,9.1
2017,New York Rangers,28.3,0.5853658536585366,0.07317073170731707,1.2439024390243902,0.622,3.0853658536585367,2.6341463414634148,0.4512195121951219,0.47,0.03,7.2,0.573170731707317,2.8292682926829267,20.26,79.91,29.73170731707317,10.4
2017,St Louis Blues,28,0.5609756097560976,0.08536585365853659,1.2073170731707317,0.604,2.841463414634146,2.6341463414634148,0.20731707317073145,0.17,-0.04,9,0.6097560975609756,2.8658536585365852,21.28,84.79,28.414634146341463,10
2017,San Jose Sharks,29.6,0.5609756097560976,0.08536585365853659,1.2073170731707317,0.604,2.6707317073170733,2.4390243902439024,0.23170731707317094,0.21,-0.03,7.8,0.5,3,16.67,80.66,29.914634146341463,8.9
2017,Ottawa Senators,28.8,0.5365853658536586,0.12195121951219512,1.1951219512195121,0.598,2.5121951219512195,2.5609756097560976,-0.04878048780487809,-0.01,0.01,10.3,0.524390243902439,3.097560975609756,16.93,79.76,30.036585365853657,8.4
2017,Boston Bruins,28.8,0.5365853658536586,0.08536585365853659,1.1585365853658536,0.579,2.8292682926829267,2.548780487804878,0.2804878048780486,0.27,0,10.1,0.6463414634146342,2.975609756097561,21.72,85.71,33.18292682926829,8.5
2017,Toronto Maple Leafs,26.2,0.4878048780487805,0.18292682926829268,1.1585365853658536,0.579,3.048780487804878,2.8536585365853657,0.19512195121951237,0.11,0,9.7,0.6951219512195121,2.975609756097561,23.36,82.47,31.914634146341463,9.6
2017,New York Islanders,28.4,0.5,0.14634146341463414,1.146341463414634,0.573,2.9146341463414633,2.902439024390244,0.012195121951219523,0.03,0.05,7.9,0.4268292682926829,2.8536585365853657,14.96,82.38,30.24390243902439,9.6
2017,Nashville Predators,27.9,0.5,0.14634146341463414,1.146341463414634,0.573,2.902439024390244,2.682926829268293,0.21951219512195097,0.16,-0.04,10.2,0.5975609756097561,3.158536585365854,18.92,80.91,31.182926829268293,9.3
2017,Tampa Bay Lightning,26.8,0.5121951219512195,0.12195121951219512,1.146341463414634,0.573,2.8048780487804876,2.731707317073171,0.0731707317073167,0.09,0.01,10.7,0.7560975609756098,3.317073170731707,22.79,81.4,29.902439024390244,9.4
2017,Calgary Flames,28.3,0.5487804878048781,0.04878048780487805,1.146341463414634,0.573,2.707317073170732,2.6707317073170733,0.03658536585365857,0.02,-0.04,11.7,0.6341463414634146,3.1463414634146343,20.16,81.59,29.121951219512194,9.3
2017,Philadelphia Flyers,27.6,0.47560975609756095,0.12195121951219512,1.0731707317073171,0.537,2.5853658536585367,2.817073170731707,-0.2317073170731705,-0.17,0.04,10.3,0.6585365853658537,3.3780487804878048,19.49,79.76,31.524390243902438,8.2
2017,Carolina Hurricanes,26.8,0.43902439024390244,0.18292682926829268,1.0609756097560976,0.53,2.5853658536585367,2.8048780487804876,-0.21951219512195097,-0.21,0.05,5.8,0.5,2.817073170731707,17.75,84.16,30.402439024390244,8.5
2017,Winnipeg Jets,26.1,0.4878048780487805,0.08536585365853659,1.0609756097560976,0.53,3,3.1097560975609757,-0.10975609756097571,-0.11,-0.03,10.2,0.5853658536585366,3.2195121951219514,18.18,77.45,29.853658536585368,10
2017,Los Angeles Kings,29.1,0.47560975609756095,0.0975609756097561,1.048780487804878,0.524,2.426829268292683,2.451219512195122,-0.024390243902439046,-0.07,-0.02,9.2,0.5609756097560976,2.9390243902439024,19.09,84.49,31.134146341463413,7.8
2017,Florida Panthers,28.6,0.4268292682926829,0.13414634146341464,0.9878048780487805,0.494,2.5,2.817073170731707,-0.31707317073170715,-0.3,0.03,9.9,0.5487804878048781,3.231707317073171,16.98,85.31,32.24390243902439,7.8
2017,Detroit Red Wings,28.4,0.4024390243902439,0.15853658536585366,0.9634146341463414,0.482,2.4146341463414633,2.975609756097561,-0.5609756097560976,-0.41,0.04,8.8,0.4634146341463415,3.073170731707317,15.08,80.85,28.475609756097562,8.5
2017,Dallas Stars,28.5,0.4146341463414634,0.13414634146341464,0.9634146341463414,0.482,2.707317073170732,3.1707317073170733,-0.46341463414634143,-0.48,-0.01,9.9,0.5609756097560976,3.1341463414634148,17.9,73.9,30.548780487804876,8.9
2017,Buffalo Sabres,26.4,0.4024390243902439,0.14634146341463414,0.9512195121951219,0.476,2.426829268292683,2.817073170731707,-0.3902439024390243,-0.41,0.03,9,0.6951219512195121,2.841463414634146,24.46,77.64,30.378048780487806,8
2017,New Jersey Devils,28.1,0.34146341463414637,0.17073170731707318,0.8536585365853658,0.427,2.1951219512195124,2.9390243902439024,-0.74390243902439,-0.67,0.08,10,0.5365853658536586,3.0609756097560976,17.53,79.69,27.79268292682927,7.9
2017,Arizona Coyotes,27.3,0.36585365853658536,0.12195121951219512,0.8536585365853658,0.427,2.3292682926829267,3.1463414634146343,-0.8170731707317076,-0.76,0.01,9.9,0.4634146341463415,2.8658536585365852,16.17,77.31,27.817073170731707,8.4
2017,Vancouver Canucks,28.8,0.36585365853658536,0.10975609756097561,0.8414634146341463,0.421,2.1707317073170733,2.9390243902439024,-0.7682926829268291,-0.73,0.01,7.9,0.3902439024390244,2.768292682926829,14.1,76.68,27.71951219512195,7.8
2017,Colorado Avalanche,27.6,0.2682926829268293,0.04878048780487805,0.5853658536585366,0.293,2.0121951219512195,3.3658536585365852,-1.3536585365853657,-1.32,0.05,9.4,0.36585365853658536,2.9146341463414633,12.55,76.64,28.085365853658537,7.2
2018,Nashville Predators,28.4,0.6463414634146342,0.13414634146341464,1.4268292682926829,0.713,3.182926829268293,2.4878048780487805,0.6951219512195124,0.71,0.03,11.3,0.7073170731707317,3.341463414634146,21.17,81.94,32.207317073170735,9.9
2018,Winnipeg Jets,26.8,0.6341463414634146,0.12195121951219512,1.3902439024390243,0.695,3.3292682926829267,2.6341463414634148,0.6951219512195119,0.74,0.02,8.5,0.7804878048780488,3.341463414634146,23.36,81.75,32.23170731707317,10.3
2018,Tampa Bay Lightning,27.5,0.6585365853658537,0.06097560975609756,1.3780487804878048,0.689,3.5365853658536586,2.8536585365853657,0.6829268292682928,0.66,-0.07,9.2,0.8048780487804879,3.3658536585365852,23.91,76.03,32.68292682926829,10.8
2018,Boston Bruins,28.6,0.6097560975609756,0.14634146341463414,1.3658536585365855,0.683,3.2560975609756095,2.573170731707317,0.6829268292682924,0.62,-0.07,9.5,0.7439024390243902,3.1463414634146343,23.64,83.67,32.96341463414634,9.9
2018,Vegas Golden Knights,28,0.6219512195121951,0.08536585365853659,1.329268292682927,0.665,3.268292682926829,2.7439024390243905,0.5243902439024386,0.52,-0.01,6.8,0.6463414634146342,3.024390243902439,21.37,81.43,32.75609756097561,10
2018,Toronto Maple Leafs,28.3,0.5975609756097561,0.08536585365853659,1.2804878048780488,0.64,3.292682926829268,2.8048780487804876,0.4878048780487805,0.49,-0.06,7,0.6829268292682927,2.731707317073171,25,81.39,32.19512195121951,10.2
2018,Washington Capitals,28.4,0.5975609756097561,0.08536585365853659,1.2804878048780488,0.64,3.1219512195121952,2.902439024390244,0.21951219512195141,0.21,-0.04,9.8,0.6707317073170732,2.975609756097561,22.54,80.3,29.01219512195122,10.8
2018,Anaheim Ducks,28.7,0.5365853658536586,0.15853658536585366,1.2317073170731707,0.616,2.817073170731707,2.548780487804878,0.26829268292682906,0.24,0.01,10,0.4634146341463415,2.6097560975609757,17.76,83.21,30.182926829268293,9.3
2018,Minnesota Wild,29.5,0.5487804878048781,0.13414634146341464,1.2317073170731707,0.616,3.048780487804878,2.792682926829268,0.25609756097561,0.29,0.04,8.3,0.5975609756097561,2.926829268292683,20.42,81.25,30.195121951219512,10.1
2018,San Jose Sharks,28.8,0.5487804878048781,0.12195121951219512,1.2195121951219512,0.61,3.0121951219512195,2.7560975609756095,0.25609756097561,0.28,0,7.7,0.6463414634146342,3.1341463414634148,20.62,84.82,32.951219512195124,9.1
2018,Pittsburgh Penguins,27.7,0.573170731707317,0.07317073170731707,1.2195121951219512,0.61,3.292682926829268,3.024390243902439,0.26829268292682906,0.23,-0.04,9.5,0.8292682926829268,3.1707317073170733,26.15,80,34.426829268292686,9.6
2018,Los Angeles Kings,29.1,0.5487804878048781,0.0975609756097561,1.1951219512195121,0.598,2.8902439024390243,2.4634146341463414,0.42682926829268286,0.44,0,9,0.5975609756097561,2.926829268292683,20.42,85,31.024390243902438,9.3
2018,Philadelphia Flyers,27.4,0.5121951219512195,0.17073170731707318,1.1951219512195121,0.598,3.0365853658536586,2.8780487804878048,0.1585365853658538,0.07,-0.03,8.3,0.6585365853658537,3.182926829268293,20.69,75.78,32.08536585365854,9.5
2018,New Jersey Devils,27.7,0.5365853658536586,0.10975609756097561,1.1829268292682926,0.591,2.9634146341463414,2.926829268292683,0.03658536585365857,0.02,-0.03,8.5,0.6585365853658537,3.073170731707317,21.43,81.78,31.695121951219512,9.3
2018,Columbus Blue Jackets,26.4,0.5487804878048781,0.08536585365853659,1.1829268292682926,0.591,2.8780487804878048,2.7560975609756095,0.12195121951219523,0.11,-0.04,6.9,0.47560975609756095,2.768292682926829,17.18,76.17,33.670731707317074,8.5
2018,Florida Panthers,27.8,0.5365853658536586,0.0975609756097561,1.170731707317073,0.585,2.9878048780487805,2.9634146341463414,0.024390243902439046,-0.01,-0.04,11,0.573170731707317,3.0365853658536586,18.88,80.18,34.41463414634146,8.7
2018,Colorado Avalanche,26.4,0.524390243902439,0.10975609756097561,1.1585365853658536,0.579,3.1097560975609757,2.8780487804878048,0.23170731707317094,0.28,0.04,8.9,0.7926829268292683,3.6097560975609757,21.96,83.27,29.658536585365855,10.5
2018,St Louis Blues,28.5,0.5365853658536586,0.07317073170731707,1.146341463414634,0.573,2.7195121951219514,2.707317073170732,0.012195121951219523,0.1,0.05,7.7,0.4634146341463415,3,15.45,79.65,32.646341463414636,8.3
2018,Dallas Stars,28.5,0.5121951219512195,0.0975609756097561,1.1219512195121952,0.561,2.817073170731707,2.707317073170732,0.10975609756097526,0.17,0.04,10.1,0.573170731707317,2.975609756097561,19.26,80.78,31.21951219512195,9
2018,Calgary Flames,28.4,0.45121951219512196,0.12195121951219512,1.024390243902439,0.512,2.6341463414634148,2.9634146341463414,-0.3292682926829267,-0.33,0.03,11.1,0.524390243902439,3.2804878048780486,15.99,81.78,33.646341463414636,7.8
2018,Carolina Hurricanes,27,0.43902439024390244,0.13414634146341464,1.0121951219512195,0.506,2.7439024390243905,3.0853658536585367,-0.3414634146341462,-0.35,-0.01,6.2,0.5365853658536586,2.9146341463414633,18.41,77.49,33.90243902439025,8.1
2018,New York Islanders,28.4,0.4268292682926829,0.12195121951219512,0.975609756097561,0.488,3.182926829268293,3.573170731707317,-0.3902439024390243,-0.4,-0.01,7.8,0.7073170731707317,3.048780487804878,23.2,73.19,31.365853658536587,10.1
2018,Edmonton Oilers,26.8,0.43902439024390244,0.07317073170731707,0.9512195121951219,0.476,2.792682926829268,3.1951219512195124,-0.40243902439024426,-0.32,0.03,9.2,0.3780487804878049,2.5609756097560976,14.76,76.73,33.41463414634146,8.4
2018,New York Rangers,28.7,0.4146341463414634,0.10975609756097561,0.9390243902439024,0.47,2.7804878048780486,3.207317073170732,-0.4268292682926833,-0.46,-0.01,8,0.6219512195121951,2.9390243902439024,21.16,81.38,30.951219512195124,9
2018,Chicago Blackhawks,28,0.4024390243902439,0.12195121951219512,0.926829268292683,0.463,2.7804878048780486,3.097560975609756,-0.3170731707317076,-0.26,0.07,7.5,0.524390243902439,3.2804878048780486,15.99,79.24,34.0609756097561,8.2
2018,Vancouver Canucks,28.2,0.3780487804878049,0.13414634146341464,0.8902439024390244,0.445,2.658536585365854,3.158536585365854,-0.5,-0.51,0.05,8.7,0.6463414634146342,3.0121951219512195,21.46,78.26,30.048780487804876,8.8
2018,Detroit Red Wings,30.2,0.36585365853658536,0.15853658536585366,0.8902439024390244,0.445,2.5853658536585367,3.097560975609756,-0.5121951219512195,-0.48,-0.01,8.9,0.5,2.8536585365853657,17.52,77.61,30.365853658536587,8.5
2018,Montreal Canadiens,27.8,0.35365853658536583,0.15853658536585366,0.8658536585365854,0.433,2.524390243902439,3.1463414634146343,-0.6219512195121952,-0.68,0,8.6,0.6341463414634146,2.975609756097561,21.31,74.14,32.76829268292683,7.7
2018,Arizona Coyotes,26.5,0.35365853658536583,0.14634146341463414,0.8536585365853658,0.427,2.5121951219512195,3.0609756097560976,-0.5487804878048781,-0.53,0.05,7.8,0.5,2.9634146341463414,16.87,79.46,29.878048780487806,8.4
2018,Ottawa Senators,29.3,0.34146341463414637,0.13414634146341464,0.8170731707317073,0.409,2.6707317073170733,3.4634146341463414,-0.7926829268292681,-0.85,0,8.1,0.5,3.024390243902439,16.53,76.17,30.670731707317074,8.7
2018,Buffalo Sabres,27.1,0.3048780487804878,0.14634146341463414,0.7560975609756098,0.378,2.4146341463414633,3.3902439024390243,-0.975609756097561,-0.98,0.01,8.2,0.5975609756097561,3.1341463414634148,19.07,77.87,31.182926829268293,7.7
2019,Tampa Bay Lightning,27.1,0.7560975609756098,0.04878048780487805,1.5609756097560976,0.78,3.8902439024390243,2.6951219512195124,1.195121951219512,1.21,-0.05,9.5,0.9024390243902439,3.1951219512195124,28.24,85.02,31.951219512195124,12.2
2019,Boston Bruins,28.7,0.5975609756097561,0.10975609756097561,1.3048780487804879,0.652,3.1341463414634148,2.5853658536585367,0.5487804878048781,0.52,-0.01,9.7,0.7926829268292683,3.0609756097560976,25.9,79.92,32.68292682926829,9.6
2019,Calgary Flames,27.7,0.6097560975609756,0.08536585365853659,1.3048780487804879,0.652,3.524390243902439,2.7195121951219514,0.8048780487804876,0.7,-0.06,8.5,0.6463414634146342,3.3536585365853657,19.27,79.67,32.390243902439025,10.9
2019,Washington Capitals,28.8,0.5853658536585366,0.0975609756097561,1.2682926829268293,0.634,3.341463414634146,3.024390243902439,0.31707317073170715,0.35,-0.01,8.9,0.5975609756097561,2.8780487804878048,20.76,78.93,30.390243902439025,11
2019,New York Islanders,28.4,0.5853658536585366,0.08536585365853659,1.2560975609756098,0.628,2.7195121951219514,2.3292682926829267,0.39024390243902474,0.38,-0.01,7.9,0.4024390243902439,2.768292682926829,14.54,79.91,28.78048780487805,9.4
2019,San Jose Sharks,29.4,0.5609756097560976,0.10975609756097561,1.2317073170731707,0.616,3.524390243902439,3.1463414634146343,0.37804878048780477,0.3,-0.04,9.1,0.6951219512195121,2.9390243902439024,23.65,80.77,33.02439024390244,10.7
2019,Toronto Maple Leafs,27.5,0.5609756097560976,0.0975609756097561,1.2195121951219512,0.61,3.4878048780487805,3.0365853658536586,0.4512195121951219,0.42,-0.01,6.1,0.5609756097560976,2.573170731707317,21.8,79.9,33.36585365853659,10.5
2019,Nashville Predators,28.9,0.573170731707317,0.07317073170731707,1.2195121951219512,0.61,2.8780487804878048,2.5853658536585367,0.2926829268292681,0.31,-0.01,8.4,0.4024390243902439,3.1097560975609757,12.94,82.07,32.646341463414636,8.8
2019,Pittsburgh Penguins,28.4,0.5365853658536586,0.14634146341463414,1.2195121951219512,0.61,3.3048780487804876,2.902439024390244,0.4024390243902438,0.38,-0.01,8.4,0.6829268292682927,2.7804878048780486,24.56,79.73,33.30487804878049,9.9
2019,St Louis Blues,28,0.5487804878048781,0.10975609756097561,1.2073170731707317,0.604,2.975609756097561,2.682926829268293,0.2926829268292681,0.28,-0.01,7.6,0.6097560975609756,2.8902439024390243,21.1,81.47,31.75609756097561,9.4
2019,Winnipeg Jets,26.6,0.573170731707317,0.06097560975609756,1.2073170731707317,0.604,3.292682926829268,2.9634146341463414,0.3292682926829267,0.33,-0.02,9.3,0.7560975609756098,3.048780487804878,24.8,79.2,31.182926829268293,10.6
2019,Carolina Hurricanes,26.8,0.5609756097560976,0.08536585365853659,1.2073170731707317,0.604,2.9634146341463414,2.6951219512195124,0.26829268292682906,0.26,-0.01,7.5,0.5365853658536586,3.0121951219512195,17.81,81.59,34.41463414634146,8.6
2019,Columbus Blue Jackets,26.6,0.573170731707317,0.04878048780487805,1.1951219512195121,0.598,3.1219512195121952,2.817073170731707,0.3048780487804881,0.31,-0.01,6.2,0.4146341463414634,2.6951219512195124,15.38,85,31.609756097560975,9.9
2019,Montreal Canadiens,27.9,0.5365853658536586,0.0975609756097561,1.170731707317073,0.585,3,2.8780487804878048,0.12195121951219523,0.16,0,8.3,0.3780487804878049,2.8536585365853657,13.25,80.91,34.09756097560975,8.8
2019,Vegas Golden Knights,29.2,0.524390243902439,0.08536585365853659,1.1341463414634145,0.567,3,2.7804878048780486,0.21951219512195141,0.19,-0.04,7.1,0.47560975609756095,2.8292682926829267,16.81,80.87,34.31707317073171,8.7
2019,Dallas Stars,28.3,0.524390243902439,0.08536585365853659,1.1341463414634145,0.567,2.548780487804878,2.4390243902439024,0.10975609756097571,0.09,0,7.7,0.5487804878048781,2.6097560975609757,21.03,82.77,30.71951219512195,8.3
2019,Colorado Avalanche,27,0.4634146341463415,0.17073170731707318,1.0975609756097562,0.549,3.1463414634146343,2.975609756097561,0.17073170731707332,0.17,-0.01,9.4,0.7682926829268293,3.4878048780487805,22.03,78.68,32.63414634146341,9.6
2019,Florida Panthers,28,0.43902439024390244,0.17073170731707318,1.048780487804878,0.524,3.2195121951219514,3.3292682926829267,-0.10975609756097526,-0.14,0.02,8.4,0.8780487804878049,3.2804878048780486,26.77,81.3,32.98780487804878,9.8
2019,Arizona Coyotes,27.2,0.47560975609756095,0.0975609756097561,1.048780487804878,0.524,2.548780487804878,2.682926829268293,-0.13414634146341475,-0.14,-0.02,7.1,0.5121951219512195,3.1463414634146343,16.28,84.96,30.75609756097561,8.3
2019,Chicago Blackhawks,28.5,0.43902439024390244,0.14634146341463414,1.024390243902439,0.512,3.2560975609756095,3.548780487804878,-0.29268292682926855,-0.25,0.02,7.3,0.5853658536585366,2.902439024390244,20.17,72.73,32.548780487804876,10
2019,Minnesota Wild,29.5,0.45121951219512196,0.10975609756097561,1.0121951219512195,0.506,2.5609756097560976,2.841463414634146,-0.2804878048780486,-0.3,0.02,8,0.5975609756097561,2.9390243902439024,20.33,81.67,31.304878048780488,8.2
2019,Philadelphia Flyers,26.6,0.45121951219512196,0.0975609756097561,1,0.5,2.9390243902439024,3.4146341463414633,-0.47560975609756095,-0.42,0.03,8.9,0.4878048780487805,2.8536585365853657,17.09,78.48,31.5,9.3
2019,Vancouver Canucks,26.9,0.4268292682926829,0.13414634146341464,0.9878048780487805,0.494,2.6707317073170733,3.024390243902439,-0.3536585365853657,-0.35,0.01,8.8,0.524390243902439,3.0609756097560976,17.13,81.1,29.670731707317074,9
2019,Anaheim Ducks,27.5,0.4268292682926829,0.12195121951219512,0.975609756097561,0.488,2.3902439024390243,3.024390243902439,-0.6341463414634148,-0.63,0.01,9,0.43902439024390244,2.5853658536585367,16.98,79.7,27.695121951219512,8.6
2019,Edmonton Oilers,27.2,0.4268292682926829,0.10975609756097561,0.9634146341463414,0.482,2.792682926829268,3.3048780487804876,-0.5121951219512195,-0.51,0.01,9.2,0.573170731707317,2.707317073170732,21.17,74.8,29.170731707317074,9.6
2019,New York Rangers,27.4,0.3902439024390244,0.17073170731707318,0.9512195121951219,0.476,2.6951219512195124,3.2560975609756095,-0.5609756097560972,-0.52,0.03,10.4,0.5365853658536586,2.768292682926829,19.38,78.2,29.182926829268293,9.2
2019,Buffalo Sabres,26.6,0.4024390243902439,0.12195121951219512,0.926829268292683,0.463,2.6951219512195124,3.268292682926829,-0.5731707317073167,-0.51,0.04,7,0.5609756097560976,2.8780487804878048,19.49,80.93,32.890243902439025,8.2
2019,Detroit Red Wings,29.3,0.3902439024390244,0.12195121951219512,0.9024390243902439,0.451,2.731707317073171,3.317073170731707,-0.5853658536585362,-0.57,0.04,7.9,0.47560975609756095,2.6341463414634148,18.06,77.14,29.195121951219512,9.4
2019,New Jersey Devils,27.5,0.3780487804878049,0.12195121951219512,0.8780487804878049,0.439,2.6707317073170733,3.3048780487804876,-0.6341463414634143,-0.61,0.04,9.1,0.5487804878048781,3.097560975609756,17.72,84.31,30.341463414634145,8.8
2019,Los Angeles Kings,29.3,0.3780487804878049,0.10975609756097561,0.8658536585365854,0.433,2.426829268292683,3.158536585365854,-0.7317073170731709,-0.73,0.02,8.1,0.4268292682926829,2.6951219512195124,15.84,76.52,28.75609756097561,8.4
2019,Ottawa Senators,27.3,0.35365853658536583,0.07317073170731707,0.7804878048780488,0.39,2.951219512195122,3.6707317073170733,-0.7195121951219514,-0.69,0.05,8.5,0.5609756097560976,2.7560975609756095,20.35,79.17,29.621951219512194,10
