year,team,blocks_at_ES,hits_at_ES,faceoff_win_percentage,give_aways,take_aways,win_percent_lead_1P,win_percent_lead_2P,win_percent_trail_1P,win_percent_trail_2P,ot_losses_lead_1P,ot_losses_lead_2P
2006,Montreal Canadiens,13.68,19.86,48.3,0.12012195121951219,0.14487804878048782,0.731,0.774,0.259,0.188,0.036585365853658534,0.024390243902439025
2006,Atlanta Thrashers,13.51,16.91,49.4,0.1324390243902439,0.11621951219512194,0.741,0.88,0.286,0.222,0.036585365853658534,0
2006,Dallas Stars,12.45,20.62,51.6,0.1431707317073171,0.10073170731707316,0.857,0.816,0.433,0.387,0.024390243902439025,0.024390243902439025
2006,Phoenix Coyotes,12.57,17.15,49.2,0.09524390243902439,0.07243902439024391,0.708,0.8,0.194,0.175,0.012195121951219513,0.036585365853658534
2006,Chicago Blackhawks,10.72,16.22,49.9,0.06780487804878048,0.06524390243902439,0.619,0.81,0.125,0.026,0.036585365853658534,0.04878048780487805
2006,New Jersey Devils,11.85,13.98,50.3,0.1396341463414634,0.09548780487804878,0.844,0.886,0.261,0.212,0.036585365853658534,0.04878048780487805
2006,Ottawa Senators,13.28,21.29,50.8,0.12146341463414635,0.09365853658536585,0.865,0.956,0.292,0.179,0.036585365853658534,0.024390243902439025
2006,Vancouver Canucks,11.63,16.37,48.1,0.08975609756097562,0.07719512195121951,0.909,0.818,0.364,0.115,0.012195121951219513,0.024390243902439025
2006,Calgary Flames,11.6,19.84,53.4,0.12353658536585367,0.09353658536585366,0.629,0.868,0.444,0.174,0.04878048780487805,0.024390243902439025
2006,Detroit Red Wings,11.37,13.86,48.1,0.13085365853658537,0.10158536585365854,0.794,0.95,0.556,0.2,0.036585365853658534,0.024390243902439025
2006,Washington Capitals,13.19,18.47,50.4,0.12963414634146342,0.09829268292682927,0.381,0.818,0.125,0.114,0.06097560975609756,0.036585365853658534
2006,Boston Bruins,12.78,14.05,50.7,0.07402439024390245,0.07353658536585367,0.556,0.697,0.273,0.08,0.0975609756097561,0.06097560975609756
2006,Toronto Maple Leafs,13.94,21.67,53.8,0.12585365853658537,0.07146341463414635,0.655,0.867,0.174,0.03,0.024390243902439025,0.036585365853658534
2006,Colorado Avalanche,15.1,11.43,52.9,0.09621951219512195,0.13390243902439025,0.636,0.909,0.227,0.074,0.07317073170731707,0.024390243902439025
2006,Florida Panthers,10.27,13.55,48.9,0.10085365853658536,0.07134146341463414,0.765,0.824,0.323,0.08,0.036585365853658534,0.04878048780487805
2006,Mighty Ducks of Anaheim,7.96,14.99,50.4,0.08536585365853659,0.08097560975609756,0.688,0.838,0.32,0.13,0.04878048780487805,0.04878048780487805
2006,Buffalo Sabres,14.57,12.91,50.1,0.12609756097560976,0.06597560975609756,0.875,0.892,0.32,0.281,0.024390243902439025,0.036585365853658534
2006,San Jose Sharks,10.78,16.95,50.7,0.11817073170731707,0.07524390243902439,0.833,0.906,0.292,0.2,0,0.012195121951219513
2006,Columbus Blue Jackets,12.29,13.77,51.7,0.07304878048780489,0.08097560975609756,0.6,0.882,0.31,0.196,0.012195121951219513,0
2006,Philadelphia Flyers,12.95,15.54,50.1,0.10792682926829268,0.0748780487804878,0.767,0.769,0.345,0.167,0.012195121951219513,0.06097560975609756
2006,Carolina Hurricanes,15.12,13.72,48.4,0.07329268292682926,0.07585365853658536,0.875,0.939,0.357,0.226,0.024390243902439025,0.024390243902439025
2006,St Louis Blues,14.71,14.09,50.3,0.13756097560975608,0.061585365853658536,0.524,0.5,0.091,0,0.012195121951219513,0.06097560975609756
2006,New York Rangers,14.64,14.37,49.3,0.12036585365853658,0.09817073170731708,0.829,0.853,0.238,0.192,0.04878048780487805,0.036585365853658534
2006,Tampa Bay Lightning,12.91,11.71,49.7,0.10097560975609755,0.08926829268292684,0.833,0.839,0.25,0.143,0.012195121951219513,0.024390243902439025
2006,New York Islanders,13.93,18.27,52,0.10426829268292684,0.10804878048780488,0.64,0.852,0.172,0.031,0.012195121951219513,0.012195121951219513
2006,Nashville Predators,13.14,13.91,45.9,0.08914634146341463,0.07951219512195122,0.706,0.857,0.524,0.3,0.04878048780487805,0.04878048780487805
2006,Edmonton Oilers,13.93,14.36,49.5,0.18414634146341463,0.09548780487804878,0.696,0.84,0.259,0.273,0.036585365853658534,0.024390243902439025
2006,Minnesota Wild,12.3,10.2,47.5,0.10231707317073171,0.07646341463414634,0.783,0.828,0.217,0.133,0.012195121951219513,0.024390243902439025
2006,Pittsburgh Penguins,14.67,15.9,48.7,0.08926829268292684,0.059024390243902436,0.722,0.81,0.056,0,0.036585365853658534,0.036585365853658534
2006,Los Angeles Kings,12.25,16.38,49.5,0.12146341463414635,0.056951219512195124,0.786,0.893,0.233,0.286,0.012195121951219513,0
2007,Anaheim Ducks,8.72,18.36,47.6,0.10658536585365853,0.08329268292682927,0.724,0.842,0.45,0.2,0.06097560975609756,0.06097560975609756
2007,Tampa Bay Lightning,12.08,15.31,50.1,0.11390243902439025,0.10682926829268292,0.769,0.815,0.371,0.303,0.024390243902439025,0.036585365853658534
2007,Pittsburgh Penguins,14.76,16.44,51.9,0.08719512195121952,0.06304878048780488,0.676,0.848,0.429,0.2,0.07317073170731707,0.06097560975609756
2007,Montreal Canadiens,15.07,21.3,52.7,0.12378048780487805,0.11182926829268293,0.737,0.867,0.297,0.263,0.024390243902439025,0.024390243902439025
2007,New York Rangers,16.58,21.32,47.7,0.11499999999999999,0.09073170731707318,0.645,0.771,0.25,0.258,0.04878048780487805,0.06097560975609756
2007,Toronto Maple Leafs,12.43,22.37,50.1,0.135,0.07865853658536585,0.769,0.8,0.174,0.125,0.036585365853658534,0.04878048780487805
2007,Columbus Blue Jackets,11.98,16.92,51.9,0.06487804878048781,0.07304878048780489,0.8,0.808,0.094,0.14,0.036585365853658534,0.04878048780487805
2007,Nashville Predators,12.15,14.93,49.2,0.09402439024390244,0.08756097560975609,0.744,0.854,0.412,0.2,0.036585365853658534,0.06097560975609756
2007,Colorado Avalanche,15.08,11.62,51.5,0.09524390243902439,0.1002439024390244,0.692,0.818,0.417,0.13,0.024390243902439025,0.024390243902439025
2007,Detroit Red Wings,10.05,15.29,48.6,0.14439024390243901,0.09560975609756098,0.741,0.892,0.5,0.321,0.04878048780487805,0.036585365853658534
2007,Boston Bruins,12.42,16.55,48.4,0.09268292682926829,0.07134146341463414,0.607,0.72,0.185,0.143,0.036585365853658534,0.06097560975609756
2007,Washington Capitals,13.42,18.68,51.1,0.1353658536585366,0.09695121951219512,0.594,0.778,0.129,0.049,0.07317073170731707,0.06097560975609756
2007,Buffalo Sabres,14.95,15.24,50.3,0.14426829268292682,0.07390243902439024,0.893,0.848,0.471,0.263,0,0.024390243902439025
2007,San Jose Sharks,12.78,17.74,53.6,0.12097560975609756,0.07060975609756098,0.853,0.891,0.308,0.136,0.024390243902439025,0.036585365853658534
2007,Edmonton Oilers,15.52,15.69,47.8,0.18865853658536585,0.11304878048780487,0.682,0.917,0.212,0.091,0.04878048780487805,0.024390243902439025
2007,Phoenix Coyotes,12.82,17.17,49.8,0.10219512195121952,0.07207317073170733,0.714,0.792,0.171,0.114,0.024390243902439025,0.04878048780487805
2007,Ottawa Senators,14.98,22.23,48.9,0.11902439024390243,0.09999999999999999,0.789,0.8,0.438,0.154,0.04878048780487805,0.04878048780487805
2007,Minnesota Wild,12.01,11.98,47.9,0.09792682926829267,0.08024390243902439,0.815,0.966,0.423,0.185,0.012195121951219513,0
2007,Philadelphia Flyers,15.21,15.87,52.3,0.14182926829268294,0.0851219512195122,0.625,0.923,0.108,0.044,0.06097560975609756,0.012195121951219513
2007,New Jersey Devils,13.46,16.1,52.9,0.11926829268292682,0.09268292682926829,0.783,0.912,0.375,0.192,0.036585365853658534,0.012195121951219513
2007,Calgary Flames,12.41,17.96,51.1,0.13439024390243903,0.09841463414634147,0.806,0.933,0.273,0.148,0.012195121951219513,0.012195121951219513
2007,New York Islanders,15.66,21.66,50.3,0.11304878048780487,0.11146341463414634,0.821,0.829,0.206,0.156,0.04878048780487805,0.06097560975609756
2007,Dallas Stars,12.45,20.01,49.5,0.11890243902439024,0.0998780487804878,0.893,0.882,0.345,0.323,0.024390243902439025,0.012195121951219513
2007,Atlanta Thrashers,15.47,17.96,51.4,0.12951219512195122,0.1198780487804878,0.667,0.727,0.367,0.219,0.06097560975609756,0.06097560975609756
2007,Florida Panthers,12.27,21.34,48.3,0.11048780487804878,0.08195121951219513,0.64,0.765,0.148,0.097,0.07317073170731707,0.06097560975609756
2007,Carolina Hurricanes,13.04,23.57,47,0.10817073170731706,0.08024390243902439,0.885,0.9,0.344,0.156,0.024390243902439025,0
2007,Los Angeles Kings,13.74,18.06,47.1,0.12207317073170731,0.055365853658536586,0.571,0.708,0.118,0.075,0.06097560975609756,0.06097560975609756
2007,Chicago Blackhawks,12.19,16.26,49.9,0.0625609756097561,0.05048780487804878,0.571,0.739,0.179,0.186,0.036585365853658534,0.024390243902439025
2007,St Louis Blues,14.53,16.27,51.6,0.11963414634146342,0.06878048780487804,0.5,0.767,0.2,0.143,0.08536585365853659,0.04878048780487805
2007,Vancouver Canucks,10.43,14.44,49,0.08231707317073171,0.07060975609756098,0.778,0.833,0.24,0.227,0.024390243902439025,0.06097560975609756
2008,Colorado Avalanche,13,14.05,47.3,0.08670731707317074,0.09414634146341463,0.778,0.875,0.324,0.25,0.012195121951219513,0.024390243902439025
2008,San Jose Sharks,11.9,21.47,52.3,0.12097560975609756,0.0747560975609756,0.667,0.921,0.375,0.148,0.04878048780487805,0.024390243902439025
2008,Buffalo Sabres,12.39,18.1,49.8,0.1103658536585366,0.057439024390243905,0.792,0.8,0.333,0.171,0.036585365853658534,0.06097560975609756
2008,Tampa Bay Lightning,12.96,19.53,48.6,0.08256097560975609,0.08817073170731708,0.75,0.742,0.172,0,0.036585365853658534,0.04878048780487805
2008,Florida Panthers,11.78,18.66,47.8,0.07878048780487805,0.06378048780487805,0.645,0.724,0.231,0.2,0.06097560975609756,0.04878048780487805
2008,Toronto Maple Leafs,12.8,18.6,50.4,0.12451219512195123,0.06853658536585366,0.565,0.759,0.263,0.176,0.04878048780487805,0.04878048780487805
2008,Washington Capitals,12.09,19.23,50.2,0.12341463414634145,0.0975609756097561,0.724,0.9,0.25,0.036,0.024390243902439025,0.024390243902439025
2008,New Jersey Devils,9.95,17.64,48.7,0.06804878048780488,0.07914634146341464,0.806,0.879,0.318,0.25,0.036585365853658534,0.012195121951219513
2008,Edmonton Oilers,13.62,13.46,50.5,0.1348780487804878,0.08073170731707317,0.696,0.828,0.24,0.036,0.036585365853658534,0.036585365853658534
2008,Anaheim Ducks,8.63,19.4,47.8,0.09426829268292683,0.07975609756097561,0.821,0.909,0.407,0.194,0.036585365853658534,0.024390243902439025
2008,Philadelphia Flyers,14.12,17.03,49.5,0.10329268292682928,0.07524390243902439,0.773,0.882,0.281,0.125,0.024390243902439025,0.036585365853658534
2008,New York Islanders,13.64,19.4,51.8,0.10219512195121952,0.12219512195121951,0.696,0.88,0.179,0.105,0.04878048780487805,0.024390243902439025
2008,Carolina Hurricanes,12.75,21.03,50.5,0.07158536585365854,0.08390243902439025,0.793,0.865,0.208,0.129,0.012195121951219513,0.012195121951219513
2008,New York Rangers,12.11,25.55,53.3,0.09036585365853658,0.1001219512195122,0.758,0.871,0.158,0.171,0.06097560975609756,0.036585365853658534
2008,Ottawa Senators,12.18,21.72,52.3,0.11524390243902438,0.08670731707317074,0.786,0.857,0.179,0.152,0.036585365853658534,0.04878048780487805
2008,Pittsburgh Penguins,13.59,18.74,51.2,0.07902439024390244,0.07036585365853658,0.808,0.9,0.4,0.207,0.024390243902439025,0.036585365853658534
2008,Atlanta Thrashers,12.87,15.96,49.7,0.08817073170731708,0.10951219512195122,0.7,0.727,0.222,0.179,0.024390243902439025,0.036585365853658534
2008,Montreal Canadiens,16.13,24.11,48.8,0.10951219512195122,0.09426829268292683,0.848,0.865,0.2,0.103,0.036585365853658534,0.04878048780487805
2008,Nashville Predators,10.51,17.48,49.4,0.08146341463414634,0.10804878048780488,0.8,0.929,0.16,0.152,0.024390243902439025,0.012195121951219513
2008,Dallas Stars,9.56,19.51,51.8,0.12170731707317074,0.10634146341463416,0.704,0.775,0.308,0.192,0.036585365853658534,0.04878048780487805
2008,Columbus Blue Jackets,10.66,18.79,51.2,0.057926829268292686,0.061097560975609755,0.778,0.857,0.154,0.139,0.04878048780487805,0.012195121951219513
2008,Minnesota Wild,10.99,14.86,51.7,0.08878048780487806,0.0723170731707317,0.767,0.889,0.16,0.138,0.04878048780487805,0.04878048780487805
2008,Phoenix Coyotes,12.23,18.88,49,0.061097560975609755,0.07243902439024391,0.7,0.818,0.219,0.059,0.012195121951219513,0.024390243902439025
2008,Calgary Flames,9.21,19.69,48.6,0.10207317073170731,0.09134146341463414,0.773,0.8,0.346,0.138,0.036585365853658534,0.06097560975609756
2008,Chicago Blackhawks,10.73,17.84,49.1,0.06195121951219512,0.06987804878048781,0.8,0.931,0.28,0.143,0.012195121951219513,0.024390243902439025
2008,Boston Bruins,10.53,19.1,46.1,0.07292682926829269,0.06292682926829268,0.724,0.886,0.25,0.188,0.04878048780487805,0.04878048780487805
2008,St Louis Blues,12.53,20.55,49.3,0.06402439024390244,0.06658536585365854,0.762,0.815,0.231,0.094,0.036585365853658534,0.04878048780487805
2008,Vancouver Canucks,11.84,14.76,52.3,0.09085365853658536,0.07439024390243902,0.692,0.931,0.12,0.061,0.024390243902439025,0.012195121951219513
2008,Detroit Red Wings,8.54,17.03,51,0.09073170731707318,0.07878048780487805,0.897,0.9,0.238,0.273,0.012195121951219513,0.012195121951219513
2008,Los Angeles Kings,12.61,19.92,50.4,0.1379268292682927,0.06329268292682927,0.565,0.917,0.281,0.116,0.036585365853658534,0
2009,Columbus Blue Jackets,12.24,22.98,48.5,0.052073170731707315,0.07402439024390245,0.714,0.875,0.25,0.121,0.024390243902439025,0
2009,Toronto Maple Leafs,15,21.14,51.2,0.11402439024390243,0.08682926829268293,0.522,0.692,0.343,0.167,0.07317073170731707,0.0975609756097561
2009,Chicago Blackhawks,10.16,18.24,50.1,0.05780487804878049,0.07146341463414635,0.781,0.854,0.37,0.125,0.04878048780487805,0.04878048780487805
2009,St Louis Blues,13.55,19.35,44.8,0.06939024390243903,0.07195121951219513,0.654,0.848,0.296,0.138,0.04878048780487805,0.036585365853658534
2009,New York Rangers,11.46,27.68,52,0.065,0.08731707317073172,0.609,0.844,0.4,0.214,0.04878048780487805,0.036585365853658534
2009,Nashville Predators,12.43,20.07,47.8,0.09060975609756097,0.10219512195121952,0.789,0.917,0.25,0.2,0.024390243902439025,0
2009,Minnesota Wild,12.43,17.66,49.8,0.08658536585365853,0.06439024390243903,0.778,0.933,0.182,0.097,0.012195121951219513,0.012195121951219513
2009,New Jersey Devils,11.66,17.4,51.9,0.06548780487804878,0.06317073170731707,0.794,0.951,0.37,0.214,0.036585365853658534,0.012195121951219513
2009,Washington Capitals,13.37,20,47.9,0.13890243902439026,0.1124390243902439,0.833,0.868,0.348,0.182,0.036585365853658534,0.024390243902439025
2009,Ottawa Senators,13.78,23.1,47.8,0.10341463414634147,0.09463414634146342,0.8,0.815,0.179,0.091,0.012195121951219513,0.036585365853658534
2009,Florida Panthers,13.26,18.75,51.3,0.08195121951219513,0.07207317073170733,0.654,0.829,0.321,0.1,0.036585365853658534,0.036585365853658534
2009,Los Angeles Kings,12.47,25.52,49.1,0.12695121951219512,0.0676829268292683,0.818,0.8,0.115,0.111,0.012195121951219513,0.024390243902439025
2009,Philadelphia Flyers,14.9,20.52,52.2,0.12439024390243901,0.09378048780487805,0.821,0.844,0.3,0.138,0.024390243902439025,0.024390243902439025
2009,Carolina Hurricanes,14.37,20.65,55.1,0.06865853658536586,0.0975609756097561,0.655,0.861,0.258,0.25,0.024390243902439025,0.024390243902439025
2009,Dallas Stars,11.77,24.89,48.1,0.10439024390243903,0.09695121951219512,0.826,0.867,0.27,0.094,0.012195121951219513,0.036585365853658534
2009,Boston Bruins,12.9,21.96,51.7,0.06792682926829269,0.07304878048780489,0.794,0.884,0.526,0.118,0.036585365853658534,0.036585365853658534
2009,Anaheim Ducks,9.63,21.15,50.1,0.09585365853658537,0.0697560975609756,0.76,0.963,0.08,0.107,0.024390243902439025,0
2009,Pittsburgh Penguins,15.33,23.22,47.9,0.08865853658536585,0.06804878048780488,0.655,0.758,0.429,0.324,0.04878048780487805,0.06097560975609756
2009,Detroit Red Wings,8.91,17.79,51.3,0.08024390243902439,0.06524390243902439,0.788,0.81,0.417,0.333,0.07317073170731707,0.07317073170731707
2009,Atlanta Thrashers,13.51,16.62,51.1,0.08902439024390243,0.10817073170731706,0.769,0.917,0.129,0.154,0.012195121951219513,0
2009,New York Islanders,16.77,22.04,53.8,0.09865853658536586,0.12597560975609756,0.429,0.7,0.125,0.024,0.036585365853658534,0.04878048780487805
2009,Colorado Avalanche,15.84,17.57,51.8,0.09548780487804878,0.09695121951219512,0.652,0.909,0.111,0.125,0,0.024390243902439025
2009,Tampa Bay Lightning,13.22,22.2,50.9,0.09378048780487805,0.08256097560975609,0.44,0.68,0.133,0.071,0.0975609756097561,0.06097560975609756
2009,Buffalo Sabres,13,17.5,47.4,0.12085365853658536,0.06646341463414634,0.722,0.794,0.32,0.219,0.036585365853658534,0.07317073170731707
2009,Montreal Canadiens,15.77,23.66,51,0.1273170731707317,0.09426829268292683,0.857,0.853,0.241,0.212,0.024390243902439025,0.036585365853658534
2009,San Jose Sharks,11.61,24.5,49.1,0.11560975609756098,0.08390243902439025,0.828,0.868,0.393,0.2,0.036585365853658534,0.04878048780487805
2009,Vancouver Canucks,11.94,15.81,48.3,0.09170731707317073,0.08463414634146342,0.735,0.909,0.31,0.179,0.04878048780487805,0.036585365853658534
2009,Phoenix Coyotes,14.62,21.87,50.9,0.05780487804878049,0.05646341463414634,0.762,0.931,0.174,0.075,0,0.012195121951219513
2009,Calgary Flames,9.52,18.76,45.7,0.09841463414634147,0.07829268292682927,0.739,0.875,0.345,0.121,0.04878048780487805,0.036585365853658534
2009,Edmonton Oilers,12.92,16.77,51.3,0.1423170731707317,0.08158536585365854,0.808,0.893,0.185,0.061,0.012195121951219513,0.024390243902439025
2010,Florida Panthers,16.81,21.68,52.2,0.07024390243902438,0.07512195121951219,0.6,0.7,0.28,0.135,0.06097560975609756,0.07317073170731707
2010,Los Angeles Kings,11.83,25.36,51,0.10890243902439024,0.060731707317073176,0.815,0.935,0.385,0.235,0.024390243902439025,0.024390243902439025
2010,Colorado Avalanche,14.72,18.82,55.6,0.08634146341463415,0.0997560975609756,0.758,0.805,0.296,0.167,0.036585365853658534,0.04878048780487805
2010,Ottawa Senators,14.35,23.33,50,0.10646341463414635,0.10280487804878048,0.84,0.966,0.154,0.088,0.024390243902439025,0
2010,Washington Capitals,13.81,20.74,50.6,0.1025609756097561,0.09609756097560976,0.718,0.889,0.471,0.364,0.06097560975609756,0.04878048780487805
2010,Columbus Blue Jackets,12.35,24.91,48.1,0.0526829268292683,0.057926829268292686,0.481,0.686,0.179,0.118,0.07317073170731707,0.04878048780487805
2010,Tampa Bay Lightning,13.29,19.79,48.1,0.08829268292682928,0.07463414634146341,0.667,0.828,0.107,0.103,0.04878048780487805,0.012195121951219513
2010,St Louis Blues,12.65,21.11,51.4,0.07621951219512195,0.08,0.625,0.758,0.357,0.103,0.024390243902439025,0.07317073170731707
2010,Phoenix Coyotes,11.56,21.48,46.4,0.05865853658536585,0.05865853658536585,0.958,0.917,0.231,0.226,0,0.024390243902439025
2010,Dallas Stars,13.75,27.95,47.7,0.09780487804878048,0.09097560975609756,0.667,0.88,0.344,0.158,0.04878048780487805,0.024390243902439025
2010,New York Islanders,16.5,21.88,48,0.11073170731707317,0.13756097560975608,0.6,0.794,0.1,0.077,0.04878048780487805,0.04878048780487805
2010,San Jose Sharks,12.75,23.21,48.8,0.11060975609756098,0.08219512195121952,0.821,0.878,0.391,0.192,0.04878048780487805,0.06097560975609756
2010,Pittsburgh Penguins,14.19,25.86,49.2,0.08573170731707318,0.05634146341463415,0.769,0.848,0.261,0.242,0.036585365853658534,0.024390243902439025
2010,Montreal Canadiens,16.07,18.44,51.1,0.11975609756097562,0.08195121951219513,0.633,0.839,0.306,0.121,0.036585365853658534,0.036585365853658534
2010,Boston Bruins,11.59,23.07,52.4,0.06609756097560976,0.05621951219512195,0.731,0.786,0.226,0.103,0.04878048780487805,0.024390243902439025
2010,Vancouver Canucks,11.96,18.08,51.5,0.07890243902439024,0.08390243902439025,0.839,0.97,0.357,0.314,0.012195121951219513,0
2010,Edmonton Oilers,15.67,18.8,51.5,0.1430487804878049,0.07963414634146342,0.778,0.81,0.162,0.098,0.024390243902439025,0.024390243902439025
2010,Atlanta Thrashers,12.86,17.67,49.9,0.09012195121951219,0.12024390243902439,0.75,0.826,0.156,0.1,0.024390243902439025,0.04878048780487805
2010,New York Rangers,14.18,28.09,48.1,0.06292682926829268,0.08707317073170731,0.692,0.842,0.296,0.036,0.04878048780487805,0.06097560975609756
2010,Chicago Blackhawks,12.77,18.61,50.9,0.0775609756097561,0.09963414634146342,0.714,0.897,0.385,0.269,0.07317073170731707,0.036585365853658534
2010,Buffalo Sabres,11.97,16.68,50.8,0.1124390243902439,0.07036585365853658,0.778,1,0.259,0.194,0.024390243902439025,0
2010,Calgary Flames,12.79,20.58,49.3,0.10243902439024391,0.0852439024390244,0.714,0.868,0.174,0.107,0.04878048780487805,0.036585365853658534
2010,Carolina Hurricanes,14.13,25.71,49.7,0.07585365853658536,0.09573170731707317,0.778,0.818,0.133,0.063,0.012195121951219513,0.036585365853658534
2010,Detroit Red Wings,10.93,23.59,48.6,0.11012195121951218,0.08451219512195121,0.643,0.824,0.4,0.161,0.06097560975609756,0.04878048780487805
2010,Minnesota Wild,13.17,20.97,52.6,0.08414634146341464,0.0676829268292683,0.741,0.875,0.133,0.184,0.036585365853658534,0.024390243902439025
2010,Anaheim Ducks,11.32,24.62,49.3,0.08939024390243902,0.06548780487804878,0.742,0.743,0.333,0.258,0.036585365853658534,0.08536585365853659
2010,Nashville Predators,12.09,17.06,50.1,0.10792682926829268,0.09926829268292683,0.958,0.871,0.476,0.095,0,0
2010,New Jersey Devils,11.58,19.24,49.2,0.09036585365853658,0.07085365853658536,0.813,0.943,0.321,0.154,0.036585365853658534,0.012195121951219513
2010,Toronto Maple Leafs,14.61,21.31,48.2,0.10317073170731708,0.08463414634146342,0.632,0.818,0.278,0.048,0.024390243902439025,0.024390243902439025
2010,Philadelphia Flyers,15.14,21.82,49.4,0.08902439024390243,0.08231707317073171,0.786,0.882,0.28,0.1,0.024390243902439025,0.036585365853658534
2011,Atlanta Thrashers,15.46,18.1,50.8,0.08499999999999999,0.12036585365853658,0.5,0.741,0.241,0.176,0.06097560975609756,0.06097560975609756
2011,Pittsburgh Penguins,12.94,27.27,51.2,0.06853658536585366,0.06475609756097561,0.793,0.889,0.435,0,0.024390243902439025,0.012195121951219513
2011,Florida Panthers,13.49,22.72,53.7,0.06378048780487805,0.08231707317073171,0.583,0.75,0.172,0.065,0.024390243902439025,0.036585365853658534
2011,Ottawa Senators,13.45,20.01,51.5,0.10353658536585367,0.09451219512195122,0.667,0.862,0.148,0.061,0.024390243902439025,0.012195121951219513
2011,Vancouver Canucks,12.89,21.56,51.1,0.07451219512195123,0.08731707317073172,0.914,0.927,0.235,0.238,0.012195121951219513,0.036585365853658534
2011,Columbus Blue Jackets,13.33,27.71,50,0.052073170731707315,0.07609756097560975,0.773,0.826,0.222,0.081,0.012195121951219513,0.024390243902439025
2011,St Louis Blues,13.22,23.55,47.7,0.054878048780487805,0.06987804878048781,0.567,0.839,0.19,0.08,0.06097560975609756,0.012195121951219513
2011,Toronto Maple Leafs,15.89,24.6,54.9,0.1223170731707317,0.08548780487804877,0.75,0.857,0.242,0.128,0.04878048780487805,0.04878048780487805
2011,New York Islanders,16.6,21.64,44.2,0.10085365853658536,0.1278048780487805,0.722,0.704,0.146,0.139,0.012195121951219513,0.06097560975609756
2011,Los Angeles Kings,12.4,25.55,50.6,0.11621951219512194,0.06609756097560976,0.731,0.963,0.263,0.148,0.024390243902439025,0.012195121951219513
2011,Chicago Blackhawks,13.73,21.87,48.1,0.08621951219512196,0.11158536585365854,0.703,0.825,0.333,0.1,0.036585365853658534,0.036585365853658534
2011,Washington Capitals,15.05,22.57,47.3,0.09548780487804878,0.09597560975609756,0.778,0.906,0.517,0.267,0.06097560975609756,0.036585365853658534
2011,Boston Bruins,14.12,20.91,50.2,0.07670731707317073,0.062195121951219505,0.8,0.882,0.19,0.192,0.024390243902439025,0.024390243902439025
2011,Nashville Predators,12.1,20.23,51.9,0.09939024390243903,0.1048780487804878,0.694,0.795,0.4,0.273,0.08536585365853659,0.06097560975609756
2011,Dallas Stars,14.44,26.53,50.8,0.09707317073170732,0.09329268292682927,0.897,0.889,0.259,0.265,0.012195121951219513,0.036585365853658534
2011,Colorado Avalanche,14.14,20.75,51.6,0.07548780487804879,0.1002439024390244,0.714,0.944,0.108,0.111,0,0
2011,Edmonton Oilers,14.66,21.57,50.4,0.13134146341463415,0.09109756097560975,0.75,0.682,0.132,0.08,0.04878048780487805,0.06097560975609756
2011,Tampa Bay Lightning,14.95,19.71,51.9,0.09146341463414634,0.08353658536585365,0.724,0.872,0.333,0.167,0.07317073170731707,0.036585365853658534
2011,Buffalo Sabres,14.02,18.06,44.6,0.09646341463414634,0.08256097560975609,0.69,0.833,0.407,0.167,0.036585365853658534,0.036585365853658534
2011,Minnesota Wild,13.59,22.45,48.7,0.08304878048780487,0.07865853658536585,0.793,0.962,0.148,0.03,0.036585365853658534,0.012195121951219513
2011,San Jose Sharks,13.69,21.6,50.5,0.11548780487804879,0.09951219512195122,0.773,0.806,0.318,0.143,0,0.036585365853658534
2011,New York Rangers,15.63,28.04,50.8,0.06121951219512194,0.08853658536585365,0.739,1,0.364,0.222,0.024390243902439025,0
2011,Phoenix Coyotes,12.68,22.59,49,0.07585365853658536,0.06914634146341464,0.72,0.889,0.375,0.226,0.06097560975609756,0.024390243902439025
2011,Carolina Hurricanes,14.44,25.55,47.7,0.08109756097560976,0.10292682926829268,0.95,0.964,0.148,0.143,0.012195121951219513,0
2011,Montreal Canadiens,15.34,20,51.9,0.09536585365853659,0.07621951219512195,0.833,0.833,0.148,0.033,0.036585365853658534,0.06097560975609756
2011,Philadelphia Flyers,15.84,22.91,49.2,0.08792682926829268,0.08329268292682927,0.735,0.864,0.348,0.045,0.04878048780487805,0.06097560975609756
2011,Calgary Flames,14.45,19.89,50.3,0.10975609756097561,0.08426829268292683,0.731,0.833,0.241,0.139,0.012195121951219513,0.04878048780487805
2011,New Jersey Devils,10.55,18.55,47.7,0.0951219512195122,0.07536585365853658,0.76,0.917,0.138,0.103,0.024390243902439025,0.024390243902439025
2011,Anaheim Ducks,15,23.26,50.1,0.0898780487804878,0.06536585365853659,0.893,0.909,0.286,0.115,0,0.024390243902439025
2011,Detroit Red Wings,10.99,21.51,51.2,0.10085365853658536,0.08317073170731708,0.8,0.875,0.313,0.229,0.024390243902439025,0.04878048780487805
2012,Washington Capitals,15.67,23.73,49,0.10207317073170731,0.08829268292682928,0.821,0.962,0.29,0.2,0.04878048780487805,0.012195121951219513
2012,New Jersey Devils,11.1,20.06,51.2,0.0852439024390244,0.07048780487804879,0.769,0.853,0.385,0.185,0.012195121951219513,0.036585365853658534
2012,Nashville Predators,14.61,18.23,50.9,0.08804878048780487,0.09426829268292683,0.815,0.857,0.207,0.259,0.036585365853658534,0.036585365853658534
2012,St Louis Blues,13.43,23.37,53.3,0.05158536585365854,0.07304878048780489,0.75,0.895,0.25,0.211,0.024390243902439025,0.024390243902439025
2012,Ottawa Senators,12.95,23.71,50.1,0.10597560975609756,0.09402439024390244,0.696,0.852,0.375,0.2,0.04878048780487805,0.024390243902439025
2012,Chicago Blackhawks,12.3,17.94,51.5,0.08048780487804878,0.11292682926829269,0.815,0.886,0.379,0.176,0.036585365853658534,0.036585365853658534
2012,Florida Panthers,12.44,22.18,49.1,0.0675609756097561,0.0876829268292683,0.667,0.727,0.226,0.138,0.07317073170731707,0.0975609756097561
2012,Boston Bruins,12.68,21.37,47.4,0.07646341463414634,0.06682926829268293,0.92,1,0.286,0.226,0,0
2012,Tampa Bay Lightning,15.36,21.49,52.1,0.07926829268292683,0.07853658536585366,0.696,0.889,0.179,0.205,0.024390243902439025,0.024390243902439025
2012,Montreal Canadiens,16.03,21.99,47.7,0.10134146341463415,0.06817073170731708,0.556,0.727,0.167,0.031,0.07317073170731707,0.07317073170731707
2012,Vancouver Canucks,12.17,21.8,51.6,0.07926829268292683,0.07841463414634146,0.806,0.914,0.429,0.154,0.036585365853658534,0.024390243902439025
2012,Dallas Stars,15.17,26.88,46.2,0.08719512195121952,0.08097560975609756,0.8,0.929,0.074,0.118,0.024390243902439025,0.024390243902439025
2012,Columbus Blue Jackets,12.71,24.34,50.4,0.05865853658536585,0.08792682926829268,0.818,0.742,0.111,0.057,0.012195121951219513,0.024390243902439025
2012,Winnipeg Jets,14.4,23.66,49,0.08073170731707317,0.07097560975609757,0.818,0.813,0.2,0.097,0,0.024390243902439025
2012,Minnesota Wild,16.06,21.12,51.6,0.06585365853658537,0.08158536585365854,0.619,0.769,0.382,0.194,0.04878048780487805,0.036585365853658534
2012,Edmonton Oilers,14.9,19.63,50.5,0.13329268292682928,0.09109756097560975,0.571,0.828,0.192,0.125,0.04878048780487805,0.024390243902439025
2012,Toronto Maple Leafs,14.71,26.69,50,0.12451219512195123,0.08341463414634147,0.808,0.889,0.154,0.05,0.012195121951219513,0.024390243902439025
2012,Carolina Hurricanes,14.9,20.43,48.6,0.07829268292682927,0.08634146341463415,0.533,0.69,0.182,0.12,0.0975609756097561,0.08536585365853659
2012,Philadelphia Flyers,14.49,24.69,50.6,0.08597560975609755,0.06987804878048781,0.867,0.892,0.357,0.179,0.024390243902439025,0.024390243902439025
2012,New York Islanders,16.37,22.08,50.7,0.1001219512195122,0.12451219512195123,0.64,0.679,0.194,0.057,0.0975609756097561,0.0975609756097561
2012,Pittsburgh Penguins,12.79,24.72,51.6,0.06780487804878048,0.06426829268292683,0.706,0.914,0.391,0.276,0.04878048780487805,0.036585365853658534
2012,Calgary Flames,13.87,19.2,50.1,0.1124390243902439,0.08939024390243902,0.692,0.844,0.154,0.125,0.04878048780487805,0.06097560975609756
2012,Buffalo Sabres,12.87,18.1,48.3,0.09609756097560976,0.07536585365853658,0.69,0.893,0.333,0.133,0.06097560975609756,0.024390243902439025
2012,Los Angeles Kings,11.58,27.19,49.5,0.10390243902439024,0.06585365853658537,0.8,0.824,0.111,0.038,0.036585365853658534,0.07317073170731707
2012,San Jose Sharks,15.87,18.71,54.5,0.1125609756097561,0.09317073170731707,0.789,0.853,0.296,0.176,0.024390243902439025,0.04878048780487805
2012,Phoenix Coyotes,12.82,24.95,50.4,0.06853658536585366,0.07036585365853658,0.846,0.971,0.13,0.129,0.024390243902439025,0
2012,New York Rangers,16.06,29.04,48.3,0.07060975609756098,0.07841463414634146,0.778,0.909,0.286,0.208,0.036585365853658534,0.036585365853658534
2012,Anaheim Ducks,14.13,22.33,50,0.09475609756097561,0.065,0.696,0.806,0.172,0.059,0.036585365853658534,0.04878048780487805
2012,Detroit Red Wings,11.66,19.35,48,0.0774390243902439,0.07695121951219512,0.839,0.931,0.333,0.161,0.024390243902439025,0.012195121951219513
2012,Colorado Avalanche,13.31,22.64,47.1,0.07121951219512195,0.10280487804878048,0.808,0.821,0.25,0.176,0.036585365853658534,0.024390243902439025
2013,Chicago Blackhawks,13.28,17.11,48.9,0.14041666666666666,0.19770833333333335,0.895,0.897,0.333,0.4,0.020833333333333332,0.041666666666666664
2013,Detroit Red Wings,11.47,17.73,52.5,0.149375,0.12166666666666666,0.643,0.857,0.25,0.125,0.020833333333333332,0.020833333333333332
2013,Nashville Predators,14.4,20.36,52,0.15020833333333333,0.13395833333333332,0.636,0.8,0,0.048,0.0625,0.020833333333333332
2013,Montreal Canadiens,14.43,21.94,53.4,0.15541666666666668,0.11145833333333333,0.789,0.81,0.111,0.235,0.020833333333333332,0.041666666666666664
2013,Buffalo Sabres,14.62,21.97,52,0.15770833333333334,0.12729166666666666,0.6,0.692,0.083,0.15,0.041666666666666664,0.08333333333333333
2013,Pittsburgh Penguins,15.21,25.44,52,0.11979166666666667,0.09791666666666667,0.84,0.95,0.5,0.333,0,0
2013,Boston Bruins,13.34,24.63,47.2,0.165,0.11895833333333333,0.765,0.652,0.167,0.25,0.041666666666666664,0.08333333333333333
2013,Phoenix Coyotes,14.03,25.67,47.5,0.09375,0.12812500000000002,0.813,0.938,0.111,0.1,0.041666666666666664,0.020833333333333332
2013,New Jersey Devils,10.52,18.22,47.6,0.13145833333333332,0.12583333333333332,0.727,0.75,0.222,0.15,0.020833333333333332,0.0625
2013,Colorado Avalanche,16.03,25.41,46.1,0.13979166666666668,0.17270833333333332,0.7,0.643,0.174,0.138,0.020833333333333332,0.0625
2013,Minnesota Wild,12.61,19.65,51.1,0.12166666666666666,0.11166666666666668,0.75,0.9,0.316,0.111,0.020833333333333332,0.020833333333333332
2013,Dallas Stars,13.85,24.75,46.6,0.17125,0.140625,0.737,0.706,0.118,0.118,0.041666666666666664,0.041666666666666664
2013,Calgary Flames,14.45,19.34,50.7,0.16874999999999998,0.14729166666666668,0.688,0.8,0.063,0.048,0.020833333333333332,0.020833333333333332
2013,Edmonton Oilers,15.47,21.75,49.7,0.19062500000000002,0.13125,0.688,0.75,0.357,0.182,0.041666666666666664,0.08333333333333333
2013,Philadelphia Flyers,16.21,27.22,50.8,0.15645833333333334,0.10979166666666666,0.765,0.85,0.077,0.125,0.020833333333333332,0.0625
2013,New York Rangers,15.84,28.96,50.8,0.13749999999999998,0.11562499999999999,0.929,1,0.313,0.15,0.020833333333333332,0
2013,Columbus Blue Jackets,12.75,24.16,50.8,0.08729166666666667,0.114375,0.727,1,0.286,0.15,0.020833333333333332,0
2013,Florida Panthers,12.45,22.85,51.2,0.11708333333333333,0.13166666666666668,0.636,0.857,0.107,0.103,0.041666666666666664,0.020833333333333332
2013,Los Angeles Kings,10.51,29.74,49.4,0.171875,0.096875,0.938,0.864,0.313,0.214,0,0.041666666666666664
2013,St Louis Blues,13.91,23.01,50.2,0.08895833333333332,0.125,0.789,0.905,0.357,0.263,0.020833333333333332,0
2013,Winnipeg Jets,14.66,29.02,50,0.15291666666666667,0.12375000000000001,0.833,0.9,0.278,0.067,0,0
2013,San Jose Sharks,16.28,20.98,49.1,0.19791666666666666,0.14541666666666667,0.824,0.833,0.286,0.222,0.020833333333333332,0.041666666666666664
2013,Washington Capitals,15.78,22.5,49.8,0.16229166666666667,0.131875,0.8,0.864,0.45,0.278,0,0
2013,Tampa Bay Lightning,14.05,22.83,46.2,0.161875,0.13604166666666667,0.813,0.786,0.111,0.077,0,0
2013,Anaheim Ducks,15.85,23.48,56.4,0.15395833333333334,0.11916666666666666,0.8,0.895,0.421,0.294,0.0625,0.041666666666666664
2013,Ottawa Senators,12.61,26.76,51.5,0.15937500000000002,0.133125,0.667,0.905,0.2,0.214,0.041666666666666664,0.020833333333333332
2013,Carolina Hurricanes,13.81,22.77,48.5,0.13583333333333333,0.18312499999999998,0.692,0.933,0.211,0.1,0.020833333333333332,0
2013,Toronto Maple Leafs,17.02,33.51,50,0.22333333333333336,0.14125000000000001,0.727,0.87,0.3,0.118,0.041666666666666664,0.020833333333333332
2013,New York Islanders,15.7,20.87,49.7,0.19166666666666665,0.16270833333333332,0.813,0.842,0.417,0.143,0.020833333333333332,0.020833333333333332
2013,Vancouver Canucks,11.53,20.79,48.2,0.13708333333333333,0.13749999999999998,0.714,0.783,0.2,0.083,0.08333333333333333,0.0625
2014,Vancouver Canucks,14.58,20.49,46.9,0.07512195121951219,0.07609756097560975,0.652,0.75,0.138,0.129,0.012195121951219513,0.024390243902439025
2014,Montreal Canadiens,17.92,20.7,50.9,0.0851219512195122,0.06524390243902439,0.821,0.921,0.286,0.097,0.024390243902439025,0.036585365853658534
2014,San Jose Sharks,15.36,19.5,51.5,0.11646341463414635,0.09341463414634146,0.75,0.902,0.565,0.182,0.07317073170731707,0.024390243902439025
2014,Colorado Avalanche,14.41,24.39,52.8,0.07036585365853658,0.0925609756097561,0.818,0.921,0.35,0.276,0.024390243902439025,0.036585365853658534
2014,Nashville Predators,14.77,19.37,52,0.08329268292682927,0.08158536585365854,0.885,0.857,0.138,0.086,0.024390243902439025,0.04878048780487805
2014,Boston Bruins,12.66,24.2,52.8,0.08621951219512196,0.08109756097560976,0.793,0.911,0.353,0.304,0.012195121951219513,0.024390243902439025
2014,Los Angeles Kings,11.12,31.3,50.1,0.1226829268292683,0.05036585365853658,0.767,0.9,0.273,0.2,0.024390243902439025,0
2014,Dallas Stars,14.54,19.76,49.2,0.1098780487804878,0.08341463414634147,0.767,0.879,0.179,0.065,0.024390243902439025,0.036585365853658534
2014,Winnipeg Jets,15.03,27.68,51.4,0.10170731707317072,0.07670731707317073,0.75,0.76,0.304,0.194,0.024390243902439025,0.024390243902439025
2014,Edmonton Oilers,15.08,21.09,49,0.13329268292682928,0.08487804878048781,0.714,0.789,0.194,0.114,0.012195121951219513,0.024390243902439025
2014,Calgary Flames,17.09,20.51,49.5,0.10170731707317072,0.08414634146341464,0.75,0.786,0.206,0.121,0.024390243902439025,0.024390243902439025
2014,St Louis Blues,13.45,22.06,46.2,0.0475609756097561,0.07951219512195122,0.848,0.892,0.25,0.192,0.036585365853658534,0.04878048780487805
2014,Chicago Blackhawks,12.25,16.45,51.9,0.08731707317073172,0.0851219512195122,0.852,0.868,0.231,0.2,0.024390243902439025,0.036585365853658534
2014,New Jersey Devils,10.16,18.76,53.1,0.07573170731707317,0.06780487804878048,0.667,0.759,0.136,0.2,0.07317073170731707,0.07317073170731707
2014,Minnesota Wild,13.46,16.87,50.8,0.06414634146341464,0.0798780487804878,0.769,0.844,0.208,0.222,0.04878048780487805,0.04878048780487805
2014,Philadelphia Flyers,14.42,26.13,52,0.07865853658536585,0.06524390243902439,0.75,0.829,0.276,0.226,0.024390243902439025,0.04878048780487805
2014,Florida Panthers,11.79,22.33,48.4,0.06487804878048781,0.07658536585365854,0.75,0.938,0.158,0.12,0.012195121951219513,0.012195121951219513
2014,Tampa Bay Lightning,13.41,19.64,49.2,0.08731707317073172,0.07451219512195123,0.72,0.848,0.2,0.192,0.036585365853658534,0.024390243902439025
2014,New York Islanders,14.85,25.02,48.3,0.10146341463414635,0.09695121951219512,0.556,0.556,0.444,0.263,0.06097560975609756,0.07317073170731707
2014,Detroit Red Wings,12.1,19.35,52.6,0.08146341463414634,0.07451219512195123,0.667,0.714,0.333,0.095,0.0975609756097561,0.08536585365853659
2014,Pittsburgh Penguins,14.28,26.01,48.3,0.08548780487804877,0.05658536585365853,0.893,0.861,0.318,0.208,0.012195121951219513,0.024390243902439025
2014,Ottawa Senators,11.44,28.16,51.2,0.10365853658536585,0.08682926829268293,0.607,0.774,0.136,0.152,0.036585365853658534,0.07317073170731707
2014,Columbus Blue Jackets,13.03,31.45,49.6,0.06292682926829268,0.07158536585365854,0.733,0.829,0.176,0.08,0.036585365853658534,0.04878048780487805
2014,Carolina Hurricanes,13.2,21.77,46.8,0.10170731707317072,0.11536585365853659,0.8,0.815,0.241,0.118,0.024390243902439025,0.036585365853658534
2014,Washington Capitals,14.42,22.65,51.6,0.08463414634146342,0.08353658536585365,0.64,0.857,0.276,0.206,0.036585365853658534,0.04878048780487805
2014,Anaheim Ducks,14.93,24.33,51,0.095,0.06548780487804878,0.813,0.93,0.462,0.261,0.024390243902439025,0.024390243902439025
2014,New York Rangers,13.51,23.01,50,0.09926829268292683,0.08304878048780487,0.769,0.903,0.25,0.167,0.024390243902439025,0.024390243902439025
2014,Toronto Maple Leafs,15.31,31.06,48.8,0.12256097560975611,0.0876829268292683,0.737,0.897,0.235,0.061,0.024390243902439025,0.024390243902439025
2014,Buffalo Sabres,14.87,23.93,47.2,0.07500000000000001,0.06646341463414634,0.333,0.667,0.216,0.065,0.024390243902439025,0.036585365853658534
2014,Phoenix Coyotes,13.51,25.99,47,0.06085365853658537,0.07463414634146341,0.719,0.697,0.222,0.219,0.036585365853658534,0.04878048780487805
2015,Columbus Blue Jackets,12.96,30.13,51.9,0.06634146341463415,0.07097560975609757,0.815,0.833,0.233,0.121,0.012195121951219513,0.024390243902439025
2015,Chicago Blackhawks,12.49,16.3,48.9,0.08963414634146341,0.08682926829268293,0.897,1,0.304,0.231,0,0
2015,Colorado Avalanche,16.64,24.14,49.9,0.07439024390243902,0.09682926829268293,0.696,0.852,0.286,0.167,0.012195121951219513,0.024390243902439025
2015,Calgary Flames,18.72,21.42,49.3,0.12670731707317073,0.11926829268292682,0.889,0.923,0.433,0.294,0,0.012195121951219513
2015,Detroit Red Wings,10.86,18.76,51.9,0.0826829268292683,0.06048780487804878,0.882,0.839,0.435,0.333,0,0.04878048780487805
2015,Carolina Hurricanes,13.08,23.44,51.3,0.0997560975609756,0.10914634146341462,0.708,0.759,0.135,0.051,0.06097560975609756,0.04878048780487805
2015,Washington Capitals,15.25,28.01,51.8,0.09548780487804878,0.08609756097560975,0.867,0.875,0.174,0.087,0.024390243902439025,0.036585365853658534
2015,Vancouver Canucks,14.65,19.06,51.6,0.095,0.07353658536585367,0.773,0.882,0.333,0.172,0.012195121951219513,0.036585365853658534
2015,Los Angeles Kings,11.92,31.62,46.7,0.10963414634146341,0.055,0.724,0.771,0.276,0.107,0.06097560975609756,0.06097560975609756
2015,San Jose Sharks,15.56,23.25,48.2,0.13085365853658537,0.09158536585365853,0.786,0.8,0.276,0.161,0.012195121951219513,0.036585365853658534
2015,Pittsburgh Penguins,13.12,29.93,50.8,0.08146341463414634,0.06451219512195122,0.735,0.882,0.16,0,0.04878048780487805,0.024390243902439025
2015,New Jersey Devils,12.51,19.76,47.5,0.08682926829268293,0.06634146341463415,0.593,0.781,0.167,0.061,0.08536585365853659,0.07317073170731707
2015,Minnesota Wild,14.87,15.96,53.4,0.06963414634146342,0.08609756097560975,0.844,0.875,0.227,0.25,0.024390243902439025,0.024390243902439025
2015,Winnipeg Jets,13.41,28.85,48.9,0.10426829268292684,0.07829268292682927,0.676,0.789,0.278,0.04,0.07317073170731707,0.07317073170731707
2015,Nashville Predators,14.13,20.25,51.5,0.08829268292682928,0.07719512195121951,0.741,0.771,0.231,0.214,0.04878048780487805,0.06097560975609756
2015,St Louis Blues,14.07,22.15,52,0.057195121951219514,0.07780487804878049,0.808,0.842,0.333,0.292,0.012195121951219513,0.04878048780487805
2015,Ottawa Senators,12.47,27.2,51.3,0.09829268292682927,0.09426829268292683,0.696,0.821,0.55,0.3,0.024390243902439025,0.036585365853658534
2015,Buffalo Sabres,18.44,26.5,49.7,0.07048780487804879,0.05548780487804878,0.563,0.647,0.118,0.071,0.012195121951219513,0.036585365853658534
2015,Tampa Bay Lightning,13.23,21.2,48.6,0.09292682926829268,0.07780487804878049,0.833,0.943,0.421,0.115,0.036585365853658534,0.024390243902439025
2015,Arizona Coyotes,15.26,29.89,53,0.07121951219512195,0.07170731707317073,0.522,0.824,0.226,0.051,0.024390243902439025,0.024390243902439025
2015,Dallas Stars,15.03,19.97,49,0.11573170731707318,0.09475609756097561,0.75,0.763,0.259,0.259,0.012195121951219513,0.06097560975609756
2015,Florida Panthers,11.96,27.09,48.2,0.06573170731707317,0.07085365853658536,0.789,0.75,0.111,0.097,0.012195121951219513,0.036585365853658534
2015,Edmonton Oilers,14.45,23.72,52.1,0.1226829268292683,0.0874390243902439,0.435,0.63,0.065,0.054,0.07317073170731707,0.07317073170731707
2015,Philadelphia Flyers,14.91,30,44.9,0.07865853658536585,0.06012195121951219,0.731,0.864,0.156,0.088,0.06097560975609756,0.036585365853658534
2015,Boston Bruins,12.5,25.21,53.6,0.08341463414634147,0.07085365853658536,0.742,0.871,0.105,0.231,0.036585365853658534,0.036585365853658534
2015,New York Rangers,13.95,23.03,49.1,0.10804878048780488,0.09792682926829267,0.853,0.973,0.5,0.286,0.036585365853658534,0.012195121951219513
2015,Anaheim Ducks,13.94,27.58,51.1,0.10426829268292684,0.07,0.813,0.938,0.318,0.343,0.036585365853658534,0.024390243902439025
2015,Toronto Maple Leafs,14.13,30.6,46.7,0.09695121951219512,0.11073170731707317,0.762,0.826,0.105,0.133,0.024390243902439025,0.012195121951219513
2015,New York Islanders,15.85,32.17,49.2,0.12280487804878049,0.11304878048780487,0.667,0.781,0.421,0.217,0.024390243902439025,0.04878048780487805
2015,Montreal Canadiens,16.84,20.32,47.3,0.10963414634146341,0.06658536585365854,0.714,0.865,0.355,0.231,0.036585365853658534,0.036585365853658534
2016,Pittsburgh Penguins,13.13,23.42,54.7,0.08707317073170731,0.07341463414634146,0.909,1,0.345,0.167,0,0
2016,Philadelphia Flyers,15.67,26.28,46.7,0.09548780487804878,0.06634146341463415,0.765,0.903,0.16,0.147,0.012195121951219513,0.024390243902439025
2016,New York Rangers,15.85,26.1,52.5,0.11621951219512194,0.08865853658536585,0.806,0.875,0.391,0.154,0.036585365853658534,0.024390243902439025
2016,Detroit Red Wings,10.92,19.84,49,0.08329268292682927,0.06085365853658537,0.81,0.71,0.214,0.233,0.012195121951219513,0.08536585365853659
2016,Arizona Coyotes,13.92,21.97,50.7,0.06268292682926829,0.07109756097560976,0.538,0.808,0.133,0.056,0.036585365853658534,0.036585365853658534
2016,San Jose Sharks,15.58,20.33,50.5,0.1324390243902439,0.08719512195121952,0.862,0.933,0.28,0.207,0,0.024390243902439025
2016,Winnipeg Jets,13.67,25.38,50.2,0.1053658536585366,0.08085365853658537,0.708,0.885,0.212,0.086,0.012195121951219513,0
2016,Los Angeles Kings,12.36,30.03,51.9,0.10158536585365854,0.05097560975609756,0.708,0.838,0.368,0.308,0.012195121951219513,0.012195121951219513
2016,Dallas Stars,14.78,18.79,45.4,0.12439024390243901,0.08463414634146342,0.828,0.943,0.409,0.207,0.024390243902439025,0.024390243902439025
2016,Nashville Predators,14.84,22.69,48.8,0.08390243902439025,0.06926829268292682,0.697,0.839,0.261,0.161,0.07317073170731707,0.04878048780487805
2016,St Louis Blues,13.51,23.22,49.9,0.06048780487804878,0.07365853658536585,0.8,0.824,0.417,0.233,0.036585365853658534,0.06097560975609756
2016,Washington Capitals,15.24,24,48.6,0.1001219512195122,0.08292682926829269,0.955,0.974,0.48,0.318,0.012195121951219513,0.012195121951219513
2016,Buffalo Sabres,13.16,23.03,51.3,0.07146341463414635,0.06317073170731707,0.696,0.815,0.207,0.175,0.036585365853658534,0.024390243902439025
2016,New York Islanders,15.85,27.7,48.7,0.11170731707317073,0.09109756097560975,0.846,0.879,0.357,0.2,0.024390243902439025,0.024390243902439025
2016,Calgary Flames,15.92,20.51,50.5,0.11060975609756098,0.08414634146341464,0.692,0.839,0.24,0.111,0.024390243902439025,0.036585365853658534
2016,Minnesota Wild,14.57,16.93,49.3,0.07585365853658536,0.07390243902439024,0.724,0.889,0.136,0.065,0.036585365853658534,0.012195121951219513
2016,Columbus Blue Jackets,15.16,25.82,49.6,0.06792682926829269,0.07195121951219513,0.68,0.846,0.2,0.158,0.024390243902439025,0.024390243902439025
2016,Chicago Blackhawks,13.67,16.76,49.5,0.08707317073170731,0.0701219512195122,0.875,0.902,0.158,0.125,0.036585365853658534,0.04878048780487805
2016,Carolina Hurricanes,11.75,18.58,50.1,0.09207317073170732,0.11048780487804878,0.64,0.828,0.136,0.156,0.06097560975609756,0.036585365853658534
2016,Florida Panthers,11.33,22.98,53.7,0.08621951219512196,0.07426829268292683,0.839,0.786,0.174,0.12,0.024390243902439025,0.06097560975609756
2016,Anaheim Ducks,14.2,26.93,50.6,0.1126829268292683,0.06292682926829268,0.697,0.857,0.25,0.2,0.07317073170731707,0.06097560975609756
2016,Colorado Avalanche,16.95,22.36,50.5,0.07170731707317073,0.0673170731707317,0.724,0.758,0.185,0.156,0.024390243902439025,0.024390243902439025
2016,Ottawa Senators,14.34,27.12,50.3,0.10414634146341463,0.0852439024390244,0.81,0.8,0.265,0.189,0.024390243902439025,0.036585365853658534
2016,Boston Bruins,14.27,26.08,49.4,0.10060975609756098,0.07365853658536585,0.771,0.848,0.259,0.111,0.024390243902439025,0.012195121951219513
2016,Tampa Bay Lightning,12.41,20.3,50.4,0.09451219512195122,0.06926829268292682,0.792,0.921,0.25,0.087,0,0
2016,Montreal Canadiens,13.8,23.3,50.2,0.11841463414634147,0.07280487804878048,0.852,0.806,0.167,0.125,0,0.024390243902439025
2016,Edmonton Oilers,14.85,21.9,51,0.12292682926829268,0.08280487804878049,0.773,0.857,0.172,0.1,0.024390243902439025,0.012195121951219513
2016,Vancouver Canucks,12.68,18.38,49.2,0.08951219512195122,0.06426829268292683,0.591,0.6,0.143,0.088,0.07317073170731707,0.0975609756097561
2016,New Jersey Devils,12.67,22.12,50.1,0.06951219512195123,0.06792682926829269,0.826,0.958,0.179,0.108,0,0.012195121951219513
2016,Toronto Maple Leafs,12.43,25.44,46.4,0.08670731707317074,0.09792682926829267,0.579,0.773,0.1,0,0.04878048780487805,0.04878048780487805
2017,Winnipeg Jets,14.22,23.03,48,0.10658536585365853,0.08707317073170731,0.654,0.852,0.29,0.211,0.024390243902439025,0.024390243902439025
2017,Edmonton Oilers,15.56,24.92,48.5,0.13353658536585364,0.09158536585365853,0.75,0.906,0.346,0.259,0.024390243902439025,0.012195121951219513
2017,Los Angeles Kings,12.98,27.99,51.9,0.10195121951219512,0.046585365853658536,0.765,0.864,0.324,0.135,0.036585365853658534,0.024390243902439025
2017,Chicago Blackhawks,14.76,14.18,48.6,0.10914634146341462,0.08829268292682928,0.788,0.857,0.333,0.259,0.036585365853658534,0.036585365853658534
2017,Nashville Predators,13.36,19.96,48.1,0.09609756097560976,0.08158536585365854,0.682,0.784,0.355,0.25,0.06097560975609756,0.07317073170731707
2017,Minnesota Wild,14.02,15.51,50.8,0.0673170731707317,0.07695121951219512,0.818,0.846,0.333,0.143,0.024390243902439025,0.036585365853658534
2017,St Louis Blues,13.88,20.65,49.9,0.05756097560975609,0.0774390243902439,0.769,0.879,0.36,0.154,0.024390243902439025,0.024390243902439025
2017,New York Rangers,15,20.69,54.7,0.12024390243902439,0.0951219512195122,0.741,0.871,0.45,0.185,0.024390243902439025,0
2017,Carolina Hurricanes,12.76,19.36,51.1,0.11024390243902438,0.12341463414634145,0.593,0.714,0.28,0.207,0.07317073170731707,0.07317073170731707
2017,Vancouver Canucks,12.46,17.72,47,0.08060975609756098,0.07378048780487804,0.667,0.81,0.212,0.111,0.012195121951219513,0.024390243902439025
2017,Calgary Flames,13.4,18.69,53.6,0.11134146341463416,0.09475609756097561,0.821,0.971,0.353,0.121,0.012195121951219513,0.012195121951219513
2017,Buffalo Sabres,13.49,22.53,48.9,0.08670731707317074,0.0697560975609756,0.536,0.741,0.286,0.171,0.06097560975609756,0.06097560975609756
2017,Toronto Maple Leafs,14.01,23.27,50.3,0.1126829268292683,0.10731707317073172,0.714,0.756,0.13,0.111,0.10975609756097561,0.10975609756097561
2017,Pittsburgh Penguins,15.71,24.76,51.4,0.09402439024390244,0.07792682926829268,0.778,0.949,0.542,0.286,0.024390243902439025,0.012195121951219513
2017,Anaheim Ducks,13.83,25.83,51.9,0.10768292682926829,0.06036585365853659,0.719,0.892,0.211,0.071,0.036585365853658534,0.024390243902439025
2017,Dallas Stars,16.08,18.77,47.5,0.11158536585365854,0.07829268292682927,0.714,0.786,0.219,0.094,0.024390243902439025,0.04878048780487805
2017,San Jose Sharks,16.45,18.63,49.8,0.15365853658536585,0.09707317073170732,0.867,0.868,0.25,0.042,0.012195121951219513,0.024390243902439025
2017,Washington Capitals,13.29,20.83,47.7,0.12048780487804879,0.09451219512195122,0.81,0.953,0.429,0.136,0.04878048780487805,0.012195121951219513
2017,Columbus Blue Jackets,14.23,19.97,47.9,0.07597560975609757,0.07609756097560975,0.757,0.892,0.263,0.16,0.012195121951219513,0.036585365853658534
2017,Philadelphia Flyers,15.87,25.02,53.1,0.10182926829268292,0.06280487804878049,0.8,0.826,0.296,0.172,0.024390243902439025,0.024390243902439025
2017,New York Islanders,16.42,25.62,49.9,0.1120731707317073,0.08353658536585365,0.724,0.857,0.174,0.138,0.04878048780487805,0.06097560975609756
2017,Boston Bruins,13.22,21.46,51,0.1025609756097561,0.09073170731707318,0.742,0.944,0.235,0.103,0.04878048780487805,0.024390243902439025
2017,Colorado Avalanche,13.03,20.43,50.3,0.0801219512195122,0.08829268292682928,0.5,0.579,0.14,0.064,0,0
2017,Arizona Coyotes,14.62,25.23,49.6,0.08146341463414634,0.05914634146341463,0.727,0.826,0.156,0.146,0,0.04878048780487805
2017,Florida Panthers,11.01,19.95,53.2,0.10963414634146341,0.09390243902439024,0.607,0.828,0.212,0.032,0.036585365853658534,0.04878048780487805
2017,New Jersey Devils,12.39,19.98,47.6,0.08658536585365853,0.06841463414634147,0.44,0.704,0.179,0.143,0.0975609756097561,0.0975609756097561
2017,Tampa Bay Lightning,12.2,22.15,52.3,0.09926829268292683,0.07365853658536585,0.826,0.871,0.407,0.188,0,0.012195121951219513
2017,Ottawa Senators,16.24,25.4,48.4,0.10780487804878049,0.07865853658536585,0.75,0.879,0.273,0.179,0.012195121951219513,0.024390243902439025
2017,Montreal Canadiens,14.59,22.42,47.7,0.1274390243902439,0.0775609756097561,0.808,0.867,0.259,0.314,0.036585365853658534,0.036585365853658534
2017,Detroit Red Wings,12.74,19.65,49.2,0.0924390243902439,0.06292682926829268,0.591,0.741,0.242,0.088,0.036585365853658534,0.04878048780487805
2018,Toronto Maple Leafs,13.28,19.63,48.9,0.13975609756097562,0.10121951219512196,0.838,0.861,0.2,0.185,0.012195121951219513,0.024390243902439025
2018,St Louis Blues,15.44,22.87,47.7,0.06621951219512195,0.0902439024390244,0.889,0.914,0.208,0.152,0.024390243902439025,0.024390243902439025
2018,New York Rangers,14.8,20.65,52.4,0.14560975609756097,0.1047560975609756,0.625,0.957,0.121,0.119,0.024390243902439025,0.012195121951219513
2018,Winnipeg Jets,14.93,22.05,49.8,0.11451219512195122,0.086463414634146335,0.882,0.955,0.444,0.136,0.024390243902439025,0.012195121951219513
2018,Washington Capitals,14.71,21.51,48.4,0.12463414634146343,0.08707317073170731,0.966,0.9,0.318,0.13,0.012195121951219513,0.036585365853658534
2018,Boston Bruins,12.91,23.05,51.3,0.10743902439024391,0.1001219512195122,0.857,0.892,0.269,0.214,0.036585365853658534,0.04878048780487805
2018,Philadelphia Flyers,14.77,20.05,49.7,0.10585365853658536,0.07,0.667,0.829,0.25,0.148,0.06097560975609756,0.06097560975609756
2018,Pittsburgh Penguins,14.3,23.57,52.5,0.10402439024390243,0.08573170731707318,0.821,0.923,0.292,0.188,0.036585365853658534,0.024390243902439025
2018,Arizona Coyotes,14.23,23.98,51.3,0.0852439024390244,0.06573170731707317,0.6,0.677,0.12,0.118,0.04878048780487805,0.04878048780487805
2018,Calgary Flames,13.25,19.74,49.5,0.11292682926829269,0.09939024390243903,0.696,0.833,0.269,0.167,0.06097560975609756,0.024390243902439025
2018,Minnesota Wild,15.6,16.47,48.7,0.06902439024390244,0.07048780487804879,0.857,0.838,0.375,0.083,0.036585365853658534,0.04878048780487805
2018,Chicago Blackhawks,14.48,16.62,44.2,0.09621951219512195,0.08634146341463415,0.581,0.769,0.115,0.143,0.06097560975609756,0.04878048780487805
2018,New York Islanders,15.2,21.86,49.4,0.12695121951219512,0.07939024390243903,0.708,0.862,0.226,0.15,0.04878048780487805,0.024390243902439025
2018,Ottawa Senators,16.09,23.66,50.6,0.11085365853658537,0.08182926829268293,0.727,0.727,0.212,0.133,0.024390243902439025,0.04878048780487805
2018,Buffalo Sabres,13.05,21.31,53.3,0.08560975609756097,0.06548780487804878,0.55,0.727,0.114,0.106,0.06097560975609756,0.06097560975609756
2018,Dallas Stars,15.32,22.41,48.9,0.0975609756097561,0.0674390243902439,0.731,0.861,0.296,0.103,0.036585365853658534,0.036585365853658534
2018,Vegas Golden Knights,14.19,21.24,49.3,0.10890243902439024,0.12548780487804878,0.75,0.861,0.273,0.24,0.024390243902439025,0.024390243902439025
2018,Detroit Red Wings,14.06,19.33,50.4,0.12097560975609756,0.07390243902439024,0.68,0.793,0.107,0.026,0.06097560975609756,0.07317073170731707
2018,Florida Panthers,14.14,19.94,48.2,0.15292682926829268,0.10975609756097561,0.871,0.935,0.2,0.206,0,0.012195121951219513
2018,Vancouver Canucks,13.9,21.05,50.7,0.0923170731707317,0.07341463414634146,0.875,0.75,0.222,0.071,0.024390243902439025,0.07317073170731707
2018,Anaheim Ducks,14.79,23.37,54.1,0.11597560975609755,0.07024390243902438,0.719,0.78,0.208,0.172,0.07317073170731707,0.07317073170731707
2018,San Jose Sharks,16.62,16.61,51.8,0.11670731707317074,0.10414634146341463,0.833,0.909,0.4,0.172,0.036585365853658534,0.024390243902439025
2018,Carolina Hurricanes,12.11,19.23,50.3,0.11317073170731706,0.1302439024390244,0.667,0.778,0.174,0.094,0.04878048780487805,0.036585365853658534
2018,Montreal Canadiens,16.26,26.13,47.5,0.13756097560975608,0.08499999999999999,0.714,0.778,0.111,0.057,0.024390243902439025,0.04878048780487805
2018,Nashville Predators,14.43,19.84,51.5,0.10975609756097561,0.09475609756097561,0.742,0.86,0.4,0.2,0.04878048780487805,0.04878048780487805
2018,Colorado Avalanche,15.7,19.74,50.8,0.07146341463414635,0.07707317073170732,0.815,0.875,0.1,0.063,0.024390243902439025,0.036585365853658534
2018,Edmonton Oilers,15.37,25.73,50.3,0.14390243902439026,0.09939024390243903,0.783,0.913,0.154,0.154,0,0.012195121951219513
2018,Los Angeles Kings,14.43,25.47,53.3,0.11304878048780487,0.05817073170731707,0.75,0.9,0.324,0.188,0.036585365853658534,0.012195121951219513
2018,New Jersey Devils,14.14,21.83,49.3,0.08951219512195122,0.09926829268292683,0.739,0.941,0.31,0.235,0.024390243902439025,0.024390243902439025
2018,Tampa Bay Lightning,13.58,20.82,48.9,0.09585365853658537,0.08451219512195121,0.821,0.923,0.32,0.3,0.012195121951219513,0.024390243902439025
2018,Columbus Blue Jackets,14.63,20.96,47,0.07341463414634146,0.09036585365853658,0.759,0.833,0.3,0.156,0.036585365853658534,0.036585365853658534
2019,Anaheim Ducks,14.43,22.91,50.4,0.1301219512195122,0.08292682926829269,0.68,0.769,0.219,0.167,0.04878048780487805,0.036585365853658534
2019,Colorado Avalanche,15.97,20.5,47.9,0.08390243902439025,0.07902439024390244,0.75,0.875,0.267,0.138,0.04878048780487805,0.036585365853658534
2019,Pittsburgh Penguins,14.8,28.46,50.7,0.11804878048780487,0.09292682926829268,0.75,0.923,0.296,0.115,0.036585365853658534,0.036585365853658534
2019,Edmonton Oilers,14.18,26.47,49.4,0.1351219512195122,0.09780487804878048,0.63,0.778,0.241,0.103,0.036585365853658534,0.04878048780487805
2019,Arizona Coyotes,15.63,24.43,50.3,0.09926829268292683,0.08548780487804877,0.714,0.935,0.227,0.091,0.024390243902439025,0.012195121951219513
2019,Dallas Stars,15.61,22,50.3,0.14341463414634145,0.08463414634146342,0.81,0.909,0.241,0.148,0.012195121951219513,0.024390243902439025
2019,Calgary Flames,12.52,14.93,50.5,0.15560975609756098,0.12414634146341463,0.875,0.969,0.323,0.242,0.024390243902439025,0
2019,Winnipeg Jets,14.34,22.24,51.9,0.10304878048780487,0.09170731707317073,0.733,0.743,0.435,0.2,0.036585365853658534,0.04878048780487805
2019,Montreal Canadiens,14.16,26.66,51.3,0.14256097560975609,0.08926829268292684,0.75,0.794,0.296,0.241,0.024390243902439025,0.04878048780487805
2019,Vancouver Canucks,14.76,21.53,49.5,0.08146341463414634,0.07804878048780488,0.75,0.75,0.152,0.132,0.024390243902439025,0.04878048780487805
2019,San Jose Sharks,13.02,19.04,48.4,0.11804878048780487,0.1098780487804878,0.813,0.872,0.25,0.185,0.024390243902439025,0.024390243902439025
2019,Los Angeles Kings,14.09,22.97,48.1,0.11695121951219511,0.06268292682926829,0.867,0.833,0.097,0.049,0.024390243902439025,0.036585365853658534
2019,Chicago Blackhawks,13.44,16.26,52.4,0.10670731707317073,0.09048780487804878,0.741,0.92,0.31,0.147,0.04878048780487805,0.012195121951219513
2019,New York Islanders,15.59,24.45,51.4,0.13060975609756098,0.08158536585365854,0.71,0.85,0.368,0.208,0.06097560975609756,0.04878048780487805
2019,St Louis Blues,13.71,19.45,51.5,0.08158536585365854,0.10109756097560975,0.758,0.897,0.158,0.065,0.036585365853658534,0.024390243902439025
2019,Buffalo Sabres,12.05,18.8,50.8,0.10682926829268292,0.07365853658536585,0.655,0.75,0.25,0.179,0.036585365853658534,0.04878048780487805
2019,Nashville Predators,13.03,18.02,49.5,0.11682926829268293,0.0925609756097561,0.88,0.946,0.3,0.194,0.012195121951219513,0
2019,Vegas Golden Knights,13.53,27.44,45.7,0.1048780487804878,0.1328048780487805,0.69,0.903,0.393,0.172,0.036585365853658534,0.036585365853658534
2019,Detroit Red Wings,13.24,21,51.2,0.1451219512195122,0.06926829268292682,0.5,0.739,0.226,0.158,0.07317073170731707,0.036585365853658534
2019,Carolina Hurricanes,12.63,25.08,49.8,0.1276829268292683,0.13121951219512196,0.862,0.872,0.25,0.115,0.036585365853658534,0.024390243902439025
2019,Toronto Maple Leafs,13.47,17.19,49,0.13853658536585364,0.1025609756097561,0.828,0.973,0.333,0.097,0.024390243902439025,0.012195121951219513
2019,Boston Bruins,12.64,22.58,53,0.11451219512195122,0.105,0.806,0.838,0.261,0.13,0.012195121951219513,0.036585365853658534
2019,Philadelphia Flyers,15.43,21.21,49.6,0.11439024390243903,0.072195121951219507,0.773,0.839,0.222,0.098,0.036585365853658534,0.024390243902439025
2019,Minnesota Wild,14.75,19.35,49.4,0.06634146341463415,0.08365853658536586,0.773,0.815,0.345,0.086,0.036585365853658534,0.036585365853658534
2019,Tampa Bay Lightning,13.55,25.48,47.9,0.09902439024390243,0.08390243902439025,0.912,0.907,0.6,0.429,0.024390243902439025,0.024390243902439025
2019,New York Rangers,14.55,25.52,50.7,0.14414634146341465,0.0975609756097561,0.526,0.722,0.148,0.162,0.04878048780487805,0.06097560975609756
2019,Washington Capitals,14.87,22.72,50.6,0.13317073170731708,0.10109756097560975,0.73,0.902,0.318,0.148,0.036585365853658534,0.012195121951219513
2019,New Jersey Devils,13.94,23.16,54.7,0.1025609756097561,0.0924390243902439,0.63,0.815,0.067,0.122,0.036585365853658534,0.036585365853658534
2019,Ottawa Senators,16.75,21.62,46.9,0.13597560975609757,0.09,0.586,0.76,0.161,0.071,0.04878048780487805,0.024390243902439025
2019,Columbus Blue Jackets,13.03,21.09,47.4,0.08682926829268293,0.09158536585365853,0.879,0.941,0.267,0.077,0,0
2019,Florida Panthers,13.65,22.81,49.4,0.17378048780487804,0.10963414634146341,0.483,0.735,0.28,0.179,0.0975609756097561,0.036585365853658534
