Year,Up.To.Round,Team,CF.Playoff.PK,CA.Playoff.PK,FenFor.Playoff.PK,FenAga.Playoff.PK,SCF.Playoff.PK,SCA.Playoff.PK,HDSV.Playoff.PK,HDCF.Playoff.PK,HDCA.Playoff.PK,SavePercentage.Playoff.PK,PDO.Playoff.PK,xGF.Playoff.PK,xGA.Playoff.PK
2008,quarter-finals,Boston Bruins,27.57,101.44,22.05,63.95,7.72,46.31,91.67,2.21,20.95,93.18,0.998,NA,NA
2008,quarter-finals,Montreal Canadiens,11.42,106.22,11.42,71.95,9.14,44.54,85.71,5.71,13.71,92.5,0.925,NA,NA
2008,quarter-finals,Ottawa Senators,19.4,126.09,16.17,103.46,11.32,72.74,75,6.47,37.18,88.24,0.882,NA,NA
2008,quarter-finals,Pittsburgh Penguins,12.21,119.08,9.16,82.44,0,36.64,66.67,0,18.32,94.12,0.941,NA,NA
2008,quarter-finals,Philadelphia Flyers,11.01,114.5,8.81,78.17,5.5,53.94,76.92,1.1,22.02,84,0.84,NA,NA
2008,quarter-finals,Washington Capitals,18.3,118.95,16.27,92.52,10.17,65.07,81.25,4.07,22.37,88.06,0.881,NA,NA
2008,quarter-finals,New York Rangers,13.03,73.3,13.03,50.5,8.14,35.84,77.78,4.89,22.81,76.19,0.929,NA,NA
2008,quarter-finals,New Jersey Devils,17.97,62.88,15.72,56.14,13.47,35.93,62.5,8.98,20.21,76.47,0.765,NA,NA
2008,quarter-finals,Nashville Predators,19.82,106.17,18.4,83.52,8.49,59.46,93.75,4.25,25.48,93.62,0.936,NA,NA
2008,quarter-finals,Detroit Red Wings,31.29,69.94,25.77,46.01,11.04,33.13,50,1.84,9.2,89.47,0.972,NA,NA
2008,quarter-finals,Calgary Flames,7.22,104.71,6.02,84.25,3.61,50.55,83.33,2.41,28.89,89.83,0.898,NA,NA
2008,quarter-finals,San Jose Sharks,13.47,65.42,9.62,51.95,5.77,30.79,42.86,1.92,17.32,71.43,0.714,NA,NA
2008,quarter-finals,Colorado Avalanche,3.26,136.83,3.26,112.4,1.63,58.64,92.86,1.63,27.69,94.44,1.444,NA,NA
2008,quarter-finals,Minnesota Wild,16.37,83.04,14.04,66.67,7.02,46.78,66.67,3.51,18.71,86.05,1.027,NA,NA
2008,quarter-finals,Dallas Stars,15.3,93.53,11.9,69.72,6.8,47.61,40,1.7,15.3,82.14,0.821,NA,NA
2008,quarter-finals,Anaheim Ducks,12.81,81.14,9.61,69.4,7.47,39.5,64.71,1.07,20.28,81.82,0.818,NA,NA
2008,semi-finals,Boston Bruins,27.57,101.44,22.05,63.95,7.72,46.31,91.67,2.21,20.95,93.18,0.998,NA,NA
2008,semi-finals,Montreal Canadiens,17.36,99.64,15.85,67.18,9.81,40.01,76.92,5.28,15.1,88.14,0.937,NA,NA
2008,semi-finals,Ottawa Senators,19.4,126.09,16.17,103.46,11.32,72.74,75,6.47,37.18,88.24,0.882,NA,NA
2008,semi-finals,Pittsburgh Penguins,8.44,107.9,6.57,72.24,3.75,47.85,88.24,0.94,22.52,92.45,0.925,NA,NA
2008,semi-finals,Philadelphia Flyers,14.24,109.37,11,79.6,5.82,56.3,75,2.59,28.47,84.15,0.932,NA,NA
2008,semi-finals,Washington Capitals,18.3,118.95,16.27,92.52,10.17,65.07,81.25,4.07,22.37,88.06,0.881,NA,NA
2008,semi-finals,New York Rangers,14.51,85.55,12.22,66.45,7.64,46.59,81.82,3.06,24.44,83.87,0.939,NA,NA
2008,semi-finals,New Jersey Devils,17.97,62.88,15.72,56.14,13.47,35.93,62.5,8.98,20.21,76.47,0.765,NA,NA
2008,semi-finals,Nashville Predators,19.82,106.17,18.4,83.52,8.49,59.46,93.75,4.25,25.48,93.62,0.936,NA,NA
2008,semi-finals,Detroit Red Wings,25.2,78.63,21.17,60.49,11.09,41.33,61.54,5.04,16.13,86.67,1.017,NA,NA
2008,semi-finals,Calgary Flames,7.22,104.71,6.02,84.25,3.61,50.55,83.33,2.41,28.89,89.83,0.898,NA,NA
2008,semi-finals,San Jose Sharks,14.66,63.24,10.08,49.49,7.33,29.33,57.14,1.83,15.58,74.42,1.144,NA,NA
2008,semi-finals,Colorado Avalanche,3.44,127.31,2.58,105.81,0.86,60.22,76.92,0.86,27.53,89.69,1.23,NA,NA
2008,semi-finals,Minnesota Wild,16.37,83.04,14.04,66.67,7.02,46.78,66.67,3.51,18.71,86.05,1.027,NA,NA
2008,semi-finals,Dallas Stars,11.88,81.65,8.91,60.12,6.68,44.54,58.33,0.74,14.85,86.79,0.868,NA,NA
2008,semi-finals,Anaheim Ducks,12.81,81.14,9.61,69.4,7.47,39.5,64.71,1.07,20.28,81.82,0.818,NA,NA
2008,finals,Boston Bruins,27.57,101.44,22.05,63.95,7.72,46.31,91.67,2.21,20.95,93.18,0.998,NA,NA
2008,finals,Montreal Canadiens,17.36,99.64,15.85,67.18,9.81,40.01,76.92,5.28,15.1,88.14,0.937,NA,NA
2008,finals,Ottawa Senators,19.4,126.09,16.17,103.46,11.32,72.74,75,6.47,37.18,88.24,0.882,NA,NA
2008,finals,Pittsburgh Penguins,9.17,102.16,7.2,70.07,5.24,49.12,79.17,2.62,21.61,90.54,1.005,NA,NA
2008,finals,Philadelphia Flyers,16.27,108.66,13.65,77.17,6.82,53.54,72.73,3.67,25.72,82.18,0.939,NA,NA
2008,finals,Washington Capitals,18.3,118.95,16.27,92.52,10.17,65.07,81.25,4.07,22.37,88.06,0.881,NA,NA
2008,finals,New York Rangers,14.51,85.55,12.22,66.45,7.64,46.59,81.82,3.06,24.44,83.87,0.939,NA,NA
2008,finals,New Jersey Devils,17.97,62.88,15.72,56.14,13.47,35.93,62.5,8.98,20.21,76.47,0.765,NA,NA
2008,finals,Nashville Predators,19.82,106.17,18.4,83.52,8.49,59.46,93.75,4.25,25.48,93.62,0.936,NA,NA
2008,finals,Detroit Red Wings,20.22,69.71,17.56,51.62,11.18,30.33,72.22,6.39,12.24,87.67,1.043,NA,NA
2008,finals,Calgary Flames,7.22,104.71,6.02,84.25,3.61,50.55,83.33,2.41,28.89,89.83,0.898,NA,NA
2008,finals,San Jose Sharks,14.66,63.24,10.08,49.49,7.33,29.33,57.14,1.83,15.58,74.42,1.144,NA,NA
2008,finals,Colorado Avalanche,3.44,127.31,2.58,105.81,0.86,60.22,76.92,0.86,27.53,89.69,1.23,NA,NA
2008,finals,Minnesota Wild,16.37,83.04,14.04,66.67,7.02,46.78,66.67,3.51,18.71,86.05,1.027,NA,NA
2008,finals,Dallas Stars,10.85,95.04,8.26,70.76,5.16,52.17,64,1.03,19.11,86.17,0.862,NA,NA
2008,finals,Anaheim Ducks,12.81,81.14,9.61,69.4,7.47,39.5,64.71,1.07,20.28,81.82,0.818,NA,NA
2009,quarter-finals,Boston Bruins,10.62,60.18,10.62,42.48,7.08,28.32,100,7.08,7.08,100,1,NA,NA
2009,quarter-finals,Montreal Canadiens,18.9,94.52,16.8,71.41,8.4,39.91,100,2.1,21,81.82,0.818,NA,NA
2009,quarter-finals,New York Rangers,7.63,111.24,6.54,83.97,2.18,64.34,78.95,1.09,26.17,89.09,0.891,NA,NA
2009,quarter-finals,Washington Capitals,9.55,80,5.97,54.93,4.78,37.01,77.78,0,14.33,87.88,1.129,NA,NA
2009,quarter-finals,Carolina Hurricanes,14.08,104.98,6.4,84.5,5.12,53.77,87.5,2.56,26.88,93.75,0.938,NA,NA
2009,quarter-finals,New Jersey Devils,10.93,87.42,9.71,72.85,3.64,31.57,77.78,0,13.36,95.65,0.957,NA,NA
2009,quarter-finals,Philadelphia Flyers,15.63,93.78,15.63,61.22,6.51,49.49,78.57,3.91,23.44,88.89,1.032,NA,NA
2009,quarter-finals,Pittsburgh Penguins,16.98,111.79,11.32,87.74,7.08,58.02,78.95,1.42,29.72,91.49,0.915,NA,NA
2009,quarter-finals,Anaheim Ducks,4.09,125.5,2.73,98.22,0,61.39,83.33,0,34.1,92.59,NA,NA,NA
2009,quarter-finals,San Jose Sharks,22.69,122.9,18.91,92.65,9.45,68.07,73.33,3.78,35.92,86.49,0.865,NA,NA
2009,quarter-finals,Columbus Blue Jackets,11.59,125.54,11.59,94.64,0,40.56,57.14,0,15.45,79.41,0.794,NA,NA
2009,quarter-finals,Detroit Red Wings,8.46,112.85,8.46,81.82,2.82,31.03,57.14,2.82,22.57,86.96,0.87,NA,NA
2009,quarter-finals,St Louis Blues,11.04,103.8,11.04,79.51,4.42,68.47,71.43,0,24.29,82.61,0.826,NA,NA
2009,quarter-finals,Vancouver Canucks,7.6,98.78,4.56,74.46,7.6,53.19,88.89,4.56,18.24,96.77,0.968,NA,NA
2009,quarter-finals,Chicago Blackhawks,6.61,77.06,6.61,68.26,2.2,41.83,85.71,0,24.22,90.48,0.905,NA,NA
2009,quarter-finals,Calgary Flames,10.31,89.82,7.36,70.67,4.42,25.03,66.67,1.47,10.31,79.41,0.794,NA,NA
2009,semi-finals,Boston Bruins,7.68,59.27,5.49,47.2,5.49,27.44,66.67,3.29,12.07,91.18,0.912,NA,NA
2009,semi-finals,Montreal Canadiens,18.9,94.52,16.8,71.41,8.4,39.91,100,2.1,21,81.82,0.818,NA,NA
2009,semi-finals,New York Rangers,7.63,111.24,6.54,83.97,2.18,64.34,78.95,1.09,26.17,89.09,0.891,NA,NA
2009,semi-finals,Washington Capitals,12.21,89.89,9.43,67.14,3.33,43.28,66.67,0.55,16.65,85.56,1.009,NA,NA
2009,semi-finals,Carolina Hurricanes,13.93,95.5,7.3,75.61,6.63,43.11,85.19,1.99,21.89,94.12,1.041,NA,NA
2009,semi-finals,New Jersey Devils,10.93,87.42,9.71,72.85,3.64,31.57,77.78,0,13.36,95.65,0.957,NA,NA
2009,semi-finals,Philadelphia Flyers,15.63,93.78,15.63,61.22,6.51,49.49,78.57,3.91,23.44,88.89,1.032,NA,NA
2009,semi-finals,Pittsburgh Penguins,13.57,100.94,10.18,75.49,4.24,52.59,76,0.85,22.9,86.57,0.866,NA,NA
2009,semi-finals,Anaheim Ducks,5.05,122.57,3.79,97.3,1.9,62.55,79.41,1.26,29.06,90.43,0.904,NA,NA
2009,semi-finals,San Jose Sharks,22.69,122.9,18.91,92.65,9.45,68.07,73.33,3.78,35.92,86.49,0.865,NA,NA
2009,semi-finals,Columbus Blue Jackets,11.59,125.54,11.59,94.64,0,40.56,57.14,0,15.45,79.41,0.794,NA,NA
2009,semi-finals,Detroit Red Wings,17.54,101.12,17.54,75.32,9.29,45.4,60,2.06,21.67,81.03,0.81,NA,NA
2009,semi-finals,St Louis Blues,11.04,103.8,11.04,79.51,4.42,68.47,71.43,0,24.29,82.61,0.826,NA,NA
2009,semi-finals,Vancouver Canucks,8.38,99.03,6.09,72.37,6.09,47.99,76.19,2.29,19.81,86.15,0.862,NA,NA
2009,semi-finals,Chicago Blackhawks,6.27,87.76,5.37,70.75,2.69,41.19,76.47,0,20.6,83.33,1.083,NA,NA
2009,semi-finals,Calgary Flames,10.31,89.82,7.36,70.67,4.42,25.03,66.67,1.47,10.31,79.41,0.794,NA,NA
2009,finals,Boston Bruins,7.68,59.27,5.49,47.2,5.49,27.44,66.67,3.29,12.07,91.18,0.912,NA,NA
2009,finals,Montreal Canadiens,18.9,94.52,16.8,71.41,8.4,39.91,100,2.1,21,81.82,0.818,NA,NA
2009,finals,New York Rangers,7.63,111.24,6.54,83.97,2.18,64.34,78.95,1.09,26.17,89.09,0.891,NA,NA
2009,finals,Washington Capitals,12.21,89.89,9.43,67.14,3.33,43.28,66.67,0.55,16.65,85.56,1.009,NA,NA
2009,finals,Carolina Hurricanes,15.22,99.44,8.62,78.13,8.12,46.17,83.87,3.04,19.28,93.1,0.998,NA,NA
2009,finals,New Jersey Devils,10.93,87.42,9.71,72.85,3.64,31.57,77.78,0,13.36,95.65,0.957,NA,NA
2009,finals,Philadelphia Flyers,15.63,93.78,15.63,61.22,6.51,49.49,78.57,3.91,23.44,88.89,1.032,NA,NA
2009,finals,Pittsburgh Penguins,12.83,99.25,9.45,74.94,4.73,50.64,80,1.35,22.28,88.1,0.881,NA,NA
2009,finals,Anaheim Ducks,5.05,122.57,3.79,97.3,1.9,62.55,79.41,1.26,29.06,90.43,0.904,NA,NA
2009,finals,San Jose Sharks,22.69,122.9,18.91,92.65,9.45,68.07,73.33,3.78,35.92,86.49,0.865,NA,NA
2009,finals,Columbus Blue Jackets,11.59,125.54,11.59,94.64,0,40.56,57.14,0,15.45,79.41,0.794,NA,NA
2009,finals,Detroit Red Wings,16.97,102.51,16.26,76.36,9.9,40.3,59.09,2.83,19.8,81.93,0.872,NA,NA
2009,finals,St Louis Blues,11.04,103.8,11.04,79.51,4.42,68.47,71.43,0,24.29,82.61,0.826,NA,NA
2009,finals,Vancouver Canucks,8.38,99.03,6.09,72.37,6.09,47.99,76.19,2.29,19.81,86.15,0.862,NA,NA
2009,finals,Chicago Blackhawks,7.62,100.32,6.35,80.63,5.08,42.54,79.31,0.63,22.22,84.78,0.991,NA,NA
2009,finals,Calgary Flames,10.31,89.82,7.36,70.67,4.42,25.03,66.67,1.47,10.31,79.41,0.794,NA,NA
2010,quarter-finals,Montreal Canadiens,13.66,129.28,9.46,93.55,7.36,71.47,100,0,25.23,98.36,0.984,0.51,8
2010,quarter-finals,Washington Capitals,17.4,88.26,14.92,65.88,8.7,47.24,73.33,4.97,23.62,83.78,1.088,0.93,5.46
2010,quarter-finals,Philadelphia Flyers,8.25,104.95,4.72,70.75,3.54,43.63,83.33,2.36,23.58,90,0.9,0.28,6.17
2010,quarter-finals,New Jersey Devils,8.24,96.18,5.5,79.69,4.12,52.21,58.33,2.75,23.36,80,1.3,0.42,7.34
2010,quarter-finals,Boston Bruins,26.65,72.85,23.1,56.86,12.44,31.98,100,7.11,14.22,100,1,1.37,4.7
2010,quarter-finals,Buffalo Sabres,8.91,112.28,8.91,81.98,1.78,48.12,71.43,0,26.73,82.35,0.824,0.18,7.42
2010,quarter-finals,Ottawa Senators,9.61,94.74,9.61,68.65,2.75,50.8,83.33,0,13.73,81.58,0.816,0.42,5.2
2010,quarter-finals,Pittsburgh Penguins,16.41,85.67,14.58,65.62,7.29,38.28,33.33,1.82,16.41,74.07,0.941,1.97,5.25
2010,quarter-finals,Colorado Avalanche,13.28,144.8,9.3,106.27,3.99,69.08,84.21,1.33,27.9,92.19,0.922,0.5,8.67
2010,quarter-finals,San Jose Sharks,0,131.39,0,84.09,0,78.83,100,0,42.04,91.67,NA,0,8.05
2010,quarter-finals,Nashville Predators,10.66,99.51,8.88,81.74,7.11,56.86,77.78,3.55,31.98,88.89,1.139,0.52,9.45
2010,quarter-finals,Chicago Blackhawks,19.92,102.07,18.67,68.46,12.45,46.06,83.33,8.71,11.2,97.37,1.074,1.59,5.18
2010,quarter-finals,Los Angeles Kings,6.72,92.39,6.72,77.27,1.68,36.96,72.73,0,21.84,78.57,0.786,0.31,5.53
2010,quarter-finals,Vancouver Canucks,10.27,90.95,8.8,77.75,4.4,52.81,54.55,1.47,20.54,75.61,0.756,0.4,6.79
2010,quarter-finals,Phoenix Coyotes,12.4,120.6,10.14,99.19,3.38,66.5,83.33,3.38,29.3,87.3,0.998,0.52,7.8
2010,quarter-finals,Detroit Red Wings,12.25,99.1,12.25,69.04,4.45,40.09,100,2.23,15.59,86.96,0.87,0.54,6.24
2010,semi-finals,Montreal Canadiens,10.94,126.08,8.64,87.51,5.76,67.94,95.24,1.15,20.15,91.26,1.013,0.55,7.48
2010,semi-finals,Washington Capitals,17.4,88.26,14.92,65.88,8.7,47.24,73.33,4.97,23.62,83.78,1.088,0.93,5.46
2010,semi-finals,Philadelphia Flyers,9.65,92.38,6.2,66.18,3.45,41.36,64.71,1.38,19.3,86.96,0.87,0.27,5.58
2010,semi-finals,New Jersey Devils,8.24,96.18,5.5,79.69,4.12,52.21,58.33,2.75,23.36,80,1.3,0.42,7.34
2010,semi-finals,Boston Bruins,20.35,72.97,17.54,55.43,7.72,35.08,88.24,4.21,16.14,91.67,0.917,0.88,4.89
2010,semi-finals,Buffalo Sabres,8.91,112.28,8.91,81.98,1.78,48.12,71.43,0,26.73,82.35,0.824,0.18,7.42
2010,semi-finals,Ottawa Senators,9.61,94.74,9.61,68.65,2.75,50.8,83.33,0,13.73,81.58,0.816,0.42,5.2
2010,semi-finals,Pittsburgh Penguins,15.64,98.47,12.88,72.7,5.52,45.09,52.94,1.84,19.33,80,0.911,1.32,6.56
2010,semi-finals,Colorado Avalanche,13.28,144.8,9.3,106.27,3.99,69.08,84.21,1.33,27.9,92.19,0.922,0.5,8.67
2010,semi-finals,San Jose Sharks,5.02,123.45,4.01,86.31,3.01,65.24,86.36,1,31.11,90.63,0.906,0.29,7.69
2010,semi-finals,Nashville Predators,10.66,99.51,8.88,81.74,7.11,56.86,77.78,3.55,31.98,88.89,1.139,0.52,9.45
2010,semi-finals,Chicago Blackhawks,18.09,105.19,17.42,71.69,11.39,44.22,77.78,8.71,16.75,91.89,1.077,1.57,5.59
2010,semi-finals,Los Angeles Kings,6.72,92.39,6.72,77.27,1.68,36.96,72.73,0,21.84,78.57,0.786,0.31,5.53
2010,semi-finals,Vancouver Canucks,8.56,95.56,6.42,77.02,4.99,53.49,54.17,0.71,21.39,80,0.8,0.32,7.3
2010,semi-finals,Phoenix Coyotes,12.4,120.6,10.14,99.19,3.38,66.5,83.33,3.38,29.3,87.3,0.998,0.52,7.8
2010,semi-finals,Detroit Red Wings,10.67,98.96,9.48,77.63,4.74,40.89,88.89,1.19,16,87.37,0.874,0.41,6.59
2010,finals,Montreal Canadiens,11.64,113.78,9.05,78.44,5.17,62.49,87.1,0.86,21.12,89.68,0.974,0.51,7.04
2010,finals,Washington Capitals,17.4,88.26,14.92,65.88,8.7,47.24,73.33,4.97,23.62,83.78,1.088,0.93,5.46
2010,finals,Philadelphia Flyers,12.67,94.06,10.23,65.3,5.36,42.89,76,2.44,18.03,90,0.959,0.54,6.04
2010,finals,New Jersey Devils,8.24,96.18,5.5,79.69,4.12,52.21,58.33,2.75,23.36,80,1.3,0.42,7.34
2010,finals,Boston Bruins,20.35,72.97,17.54,55.43,7.72,35.08,88.24,4.21,16.14,91.67,0.917,0.88,4.89
2010,finals,Buffalo Sabres,8.91,112.28,8.91,81.98,1.78,48.12,71.43,0,26.73,82.35,0.824,0.18,7.42
2010,finals,Ottawa Senators,9.61,94.74,9.61,68.65,2.75,50.8,83.33,0,13.73,81.58,0.816,0.42,5.2
2010,finals,Pittsburgh Penguins,15.64,98.47,12.88,72.7,5.52,45.09,52.94,1.84,19.33,80,0.911,1.32,6.56
2010,finals,Colorado Avalanche,13.28,144.8,9.3,106.27,3.99,69.08,84.21,1.33,27.9,92.19,0.922,0.5,8.67
2010,finals,San Jose Sharks,7.64,113.07,4.58,80.22,2.29,55.77,76,0.76,26.74,87.14,1.121,0.27,7.36
2010,finals,Nashville Predators,10.66,99.51,8.88,81.74,7.11,56.86,77.78,3.55,31.98,88.89,1.139,0.52,9.45
2010,finals,Chicago Blackhawks,16.87,115.37,15.78,79.46,9.8,48.98,81.48,7.07,19.05,91.35,1.063,1.37,6.62
2010,finals,Los Angeles Kings,6.72,92.39,6.72,77.27,1.68,36.96,72.73,0,21.84,78.57,0.786,0.31,5.53
2010,finals,Vancouver Canucks,8.56,95.56,6.42,77.02,4.99,53.49,54.17,0.71,21.39,80,0.8,0.32,7.3
2010,finals,Phoenix Coyotes,12.4,120.6,10.14,99.19,3.38,66.5,83.33,3.38,29.3,87.3,0.998,0.52,7.8
2010,finals,Detroit Red Wings,10.67,98.96,9.48,77.63,4.74,40.89,88.89,1.19,16,87.37,0.874,0.41,6.59
2011,quarter-finals,New York Rangers,11.77,120.08,9.42,77.7,2.35,49.44,50,0,14.13,84.21,0.842,0.28,6.8
2011,quarter-finals,Washington Capitals,11.8,72.51,8.43,48.9,3.37,33.72,100,3.37,20.23,95.45,0.955,0.64,5.16
2011,quarter-finals,Buffalo Sabres,12.31,119.74,11.19,90.64,2.24,58.19,94.74,1.12,32.45,90.38,0.904,0.53,8.24
2011,quarter-finals,Philadelphia Flyers,13.17,106.59,10.78,75.45,2.4,55.09,77.78,2.4,28.74,84.78,0.848,0.51,7.04
2011,quarter-finals,Montreal Canadiens,13.34,69.66,10.37,45.94,8.89,25.2,100,4.45,7.41,100,1.167,0.87,2.94
2011,quarter-finals,Boston Bruins,22.14,77.5,17.4,60.11,4.75,33.22,50,1.58,11.07,76.92,0.769,0.68,5.71
2011,quarter-finals,Tampa Bay Lightning,8.16,93.8,5.1,73.41,4.08,36.7,100,2.04,15.29,98.04,1.23,1.06,5.63
2011,quarter-finals,Pittsburgh Penguins,10.18,93.05,8.72,69.79,8.72,34.89,57.14,1.45,23.26,74.19,0.742,0.59,6.5
2011,quarter-finals,Chicago Blackhawks,13.4,111.66,11.17,75.93,11.17,55.83,77.78,8.93,20.1,83.33,1.033,1.5,6.53
2011,quarter-finals,Vancouver Canucks,12.68,73.27,12.68,59.18,8.45,46.5,85.71,4.23,11.27,80.65,0.806,0.75,5.73
2011,quarter-finals,Los Angeles Kings,12.35,131.22,9.26,100.34,6.17,63.29,92.31,0,27.79,95.65,0.957,0.45,8.71
2011,quarter-finals,San Jose Sharks,16.32,91.97,14.83,56.37,8.9,35.6,66.67,2.97,10.38,80.77,0.808,1.1,4.96
2011,quarter-finals,Phoenix Coyotes,14.26,116.96,8.56,102.69,2.85,48.49,100,0,19.97,82.61,0.826,0.24,6.88
2011,quarter-finals,Detroit Red Wings,13.18,100.15,13.18,71.16,7.91,52.71,57.14,2.64,26.35,68.42,0.684,1.16,8.48
2011,quarter-finals,Anaheim Ducks,5.14,105.47,5.14,73.31,2.57,60.45,73.33,1.29,27.01,85.37,1.854,0.4,6.76
2011,quarter-finals,Nashville Predators,6.58,93.83,4.94,72.43,0,59.26,56.25,0,27.98,77.78,0.778,0.06,8.02
2011,semi-finals,New York Rangers,11.77,120.08,9.42,77.7,2.35,49.44,50,0,14.13,84.21,0.842,0.28,6.8
2011,semi-finals,Washington Capitals,13.99,76.46,10.26,49.42,4.66,39.16,85.71,3.73,21.45,86.49,0.865,0.73,4.75
2011,semi-finals,Buffalo Sabres,12.31,119.74,11.19,90.64,2.24,58.19,94.74,1.12,32.45,90.38,0.904,0.53,8.24
2011,semi-finals,Philadelphia Flyers,13.76,96.29,12.23,68.01,2.29,42.79,77.27,2.29,21.4,85.48,0.855,0.48,5.83
2011,semi-finals,Montreal Canadiens,13.34,69.66,10.37,45.94,8.89,25.2,100,4.45,7.41,100,1.167,0.87,2.94
2011,semi-finals,Boston Bruins,16.26,80.36,13.39,63.14,3.83,31.57,76.92,0.96,16.26,84.31,0.843,0.49,6.44
2011,semi-finals,Tampa Bay Lightning,12.79,99.64,10.77,72.71,7.41,41.07,90,4.04,18.85,96,1.043,1.61,6.2
2011,semi-finals,Pittsburgh Penguins,10.18,93.05,8.72,69.79,8.72,34.89,57.14,1.45,23.26,74.19,0.742,0.59,6.5
2011,semi-finals,Chicago Blackhawks,13.4,111.66,11.17,75.93,11.17,55.83,77.78,8.93,20.1,83.33,1.033,1.5,6.53
2011,semi-finals,Vancouver Canucks,10.43,71.51,9.68,59.59,6.7,40.22,85.71,3.72,13.41,88.33,1.008,0.58,5.69
2011,semi-finals,Los Angeles Kings,12.35,131.22,9.26,100.34,6.17,63.29,92.31,0,27.79,95.65,0.957,0.45,8.71
2011,semi-finals,San Jose Sharks,14.67,87.99,12.57,57.96,6.29,40.5,82.35,2.79,13.97,85.71,0.857,0.69,5.28
2011,semi-finals,Phoenix Coyotes,14.26,116.96,8.56,102.69,2.85,48.49,100,0,19.97,82.61,0.826,0.24,6.88
2011,semi-finals,Detroit Red Wings,9.67,123.96,7.03,90.55,6.15,64.18,76.19,1.76,23.74,85.14,0.851,0.65,9.08
2011,semi-finals,Anaheim Ducks,5.14,105.47,5.14,73.31,2.57,60.45,73.33,1.29,27.01,85.37,1.854,0.4,6.76
2011,semi-finals,Nashville Predators,10.02,95.62,9.11,71.03,3.64,56.46,58.33,3.64,24.59,81.25,1.013,0.33,7.07
2011,finals,New York Rangers,11.77,120.08,9.42,77.7,2.35,49.44,50,0,14.13,84.21,0.842,0.28,6.8
2011,finals,Washington Capitals,13.99,76.46,10.26,49.42,4.66,39.16,85.71,3.73,21.45,86.49,0.865,0.73,4.75
2011,finals,Buffalo Sabres,12.31,119.74,11.19,90.64,2.24,58.19,94.74,1.12,32.45,90.38,0.904,0.53,8.24
2011,finals,Philadelphia Flyers,13.76,96.29,12.23,68.01,2.29,42.79,77.27,2.29,21.4,85.48,0.855,0.48,5.83
2011,finals,Montreal Canadiens,13.34,69.66,10.37,45.94,8.89,25.2,100,4.45,7.41,100,1.167,0.87,2.94
2011,finals,Boston Bruins,15.54,88.26,13.05,70.86,4.97,36.05,80,1.24,16.78,85.39,0.931,0.56,6.49
2011,finals,Tampa Bay Lightning,12.02,90.38,10.24,66.34,5.79,33.39,84.62,2.67,15.14,94.29,0.998,1.17,5.35
2011,finals,Pittsburgh Penguins,10.18,93.05,8.72,69.79,8.72,34.89,57.14,1.45,23.26,74.19,0.742,0.59,6.5
2011,finals,Chicago Blackhawks,13.4,111.66,11.17,75.93,11.17,55.83,77.78,8.93,20.1,83.33,1.033,1.5,6.53
2011,finals,Vancouver Canucks,10.46,85.25,9.41,67.99,6.28,47.07,77.42,3.66,19.35,86,0.96,0.69,7.04
2011,finals,Los Angeles Kings,12.35,131.22,9.26,100.34,6.17,63.29,92.31,0,27.79,95.65,0.957,0.45,8.71
2011,finals,San Jose Sharks,13.32,90.74,11.34,63.12,5.92,42.9,79.17,2.47,15.29,81.25,0.813,0.68,5.71
2011,finals,Phoenix Coyotes,14.26,116.96,8.56,102.69,2.85,48.49,100,0,19.97,82.61,0.826,0.24,6.88
2011,finals,Detroit Red Wings,9.67,123.96,7.03,90.55,6.15,64.18,76.19,1.76,23.74,85.14,0.851,0.65,9.08
2011,finals,Anaheim Ducks,5.14,105.47,5.14,73.31,2.57,60.45,73.33,1.29,27.01,85.37,1.854,0.4,6.76
2011,finals,Nashville Predators,10.02,95.62,9.11,71.03,3.64,56.46,58.33,3.64,24.59,81.25,1.013,0.33,7.07
2012,quarter-finals,Ottawa Senators,14.78,86.59,13.73,70.75,5.28,50.69,82.35,2.11,26.4,89.58,0.896,0.71,6.92
2012,quarter-finals,New York Rangers,17.43,98.37,12.45,62.26,12.45,39.85,100,3.74,14.94,88.57,0.886,0.71,5.02
2012,quarter-finals,Washington Capitals,8.65,106.69,5.77,66.32,2.88,36.04,85.71,1.44,12.98,93.1,0.931,0.15,5.06
2012,quarter-finals,Boston Bruins,13.03,98.66,7.45,68.87,3.72,40.95,85.71,0,18.61,90.32,0.903,0.28,5.37
2012,quarter-finals,New Jersey Devils,14.95,112.97,11.63,86.39,6.65,58.14,50,1.66,14.95,78.05,0.78,0.65,7.71
2012,quarter-finals,Florida Panthers,12.16,93.21,12.16,85.1,5.4,60.79,80,2.7,33.77,90,1.025,0.63,10.01
2012,quarter-finals,Philadelphia Flyers,22.17,126.48,18.25,92.58,13.04,74.32,75,7.82,22.17,82,1.051,2.24,9.14
2012,quarter-finals,Pittsburgh Penguins,4.83,107.82,3.22,86.9,3.22,74.03,52.94,0,33.8,70,0.7,0.27,10.25
2012,quarter-finals,Los Angeles Kings,15.33,98.77,11.92,69.82,6.81,40.87,85.71,5.11,13.62,90,1.233,0.83,4.96
2012,quarter-finals,Vancouver Canucks,15.18,89.72,11.04,62.12,4.14,38.65,83.33,2.76,12.42,91.67,0.917,0.4,4.83
2012,quarter-finals,San Jose Sharks,12.67,118.24,6.33,86.57,6.33,52.79,66.67,2.11,25.34,80.65,0.806,0.58,8.41
2012,quarter-finals,St Louis Blues,13.38,107.06,11.47,78.39,7.65,70.74,80,0,30.59,93.1,0.931,0.78,7.54
2012,quarter-finals,Chicago Blackhawks,11.3,92.02,11.3,77.49,6.46,40.36,81.82,4.84,22.6,87.5,0.875,0.71,6.77
2012,quarter-finals,Phoenix Coyotes,9.77,102.62,3.26,73.3,4.89,34.21,75,1.63,8.14,97.14,0.971,0.17,4.53
2012,quarter-finals,Detroit Red Wings,5.2,93.55,3.46,67.56,0,43.31,80,0,22.52,92.31,0.923,0.2,6.84
2012,quarter-finals,Nashville Predators,6.68,116.88,6.68,81.82,1.67,60.11,70,1.67,25.05,87.88,0.879,0.42,7.19
2012,semi-finals,Ottawa Senators,14.78,86.59,13.73,70.75,5.28,50.69,82.35,2.11,26.4,89.58,0.896,0.71,6.92
2012,semi-finals,New York Rangers,13.51,102.81,9.76,69.79,9.76,48.03,100,3.75,17.26,87.88,0.879,0.67,5.88
2012,semi-finals,Washington Capitals,11.25,101.25,9.14,61.17,4.92,47.11,82.35,2.11,18.28,88.68,0.887,0.45,5.83
2012,semi-finals,Boston Bruins,13.03,98.66,7.45,68.87,3.72,40.95,85.71,0,18.61,90.32,0.903,0.28,5.37
2012,semi-finals,New Jersey Devils,16.92,88.17,14.25,65.91,6.23,43.64,66.67,0.89,16.03,78.95,0.88,0.77,6.38
2012,semi-finals,Florida Panthers,12.16,93.21,12.16,85.1,5.4,60.79,80,2.7,33.77,90,1.025,0.63,10.01
2012,semi-finals,Philadelphia Flyers,21.05,113.36,17.81,84.21,12.96,68.83,71.43,8.1,17.81,82.19,1.012,1.91,8.35
2012,semi-finals,Pittsburgh Penguins,4.83,107.82,3.22,86.9,3.22,74.03,52.94,0,33.8,70,0.7,0.27,10.25
2012,semi-finals,Los Angeles Kings,12.21,93.95,10.33,65.76,7.52,41.34,90.91,6.58,13.15,94.23,1.387,1.04,5.18
2012,semi-finals,Vancouver Canucks,15.18,89.72,11.04,62.12,4.14,38.65,83.33,2.76,12.42,91.67,0.917,0.4,4.83
2012,semi-finals,San Jose Sharks,12.67,118.24,6.33,86.57,6.33,52.79,66.67,2.11,25.34,80.65,0.806,0.58,8.41
2012,semi-finals,St Louis Blues,9.09,103.58,7.27,74.51,3.63,56.34,83.33,0,17.26,94.64,0.946,0.45,6.04
2012,semi-finals,Chicago Blackhawks,11.3,92.02,11.3,77.49,6.46,40.36,81.82,4.84,22.6,87.5,0.875,0.71,6.77
2012,semi-finals,Phoenix Coyotes,13.86,98.73,8.66,73.61,5.2,40.7,76.92,0.87,13.86,93.44,0.934,0.5,5.5
2012,semi-finals,Detroit Red Wings,5.2,93.55,3.46,67.56,0,43.31,80,0,22.52,92.31,0.923,0.2,6.84
2012,semi-finals,Nashville Predators,7.52,95.61,7.52,67.68,2.15,41.9,70,1.07,16.11,87.8,0.878,0.34,5.74
2012,finals,Ottawa Senators,14.78,86.59,13.73,70.75,5.28,50.69,82.35,2.11,26.4,89.58,0.896,0.71,6.92
2012,finals,New York Rangers,16.57,100.93,13.56,68.29,8.03,51.22,96,3.01,17.07,88.78,0.888,0.86,5.93
2012,finals,Washington Capitals,11.25,101.25,9.14,61.17,4.92,47.11,82.35,2.11,18.28,88.68,0.887,0.45,5.83
2012,finals,Boston Bruins,13.03,98.66,7.45,68.87,3.72,40.95,85.71,0,18.61,90.32,0.903,0.28,5.37
2012,finals,New Jersey Devils,17.85,86.78,15.39,66.47,8.62,46.78,71.43,3.08,17.85,80.25,0.861,1,6.38
2012,finals,Florida Panthers,12.16,93.21,12.16,85.1,5.4,60.79,80,2.7,33.77,90,1.025,0.63,10.01
2012,finals,Philadelphia Flyers,21.05,113.36,17.81,84.21,12.96,68.83,71.43,8.1,17.81,82.19,1.012,1.91,8.35
2012,finals,Pittsburgh Penguins,4.83,107.82,3.22,86.9,3.22,74.03,52.94,0,33.8,70,0.7,0.27,10.25
2012,finals,Los Angeles Kings,15.06,82.2,13.18,57.73,8.79,33.89,86.67,6.9,12.55,92.75,1.261,1.19,4.56
2012,finals,Vancouver Canucks,15.18,89.72,11.04,62.12,4.14,38.65,83.33,2.76,12.42,91.67,0.917,0.4,4.83
2012,finals,San Jose Sharks,12.67,118.24,6.33,86.57,6.33,52.79,66.67,2.11,25.34,80.65,0.806,0.58,8.41
2012,finals,St Louis Blues,9.09,103.58,7.27,74.51,3.63,56.34,83.33,0,17.26,94.64,0.946,0.45,6.04
2012,finals,Chicago Blackhawks,11.3,92.02,11.3,77.49,6.46,40.36,81.82,4.84,22.6,87.5,0.875,0.71,6.77
2012,finals,Phoenix Coyotes,15.05,98.62,10.9,74.74,6.75,39.45,80.95,2.08,15.57,94.12,0.941,0.69,5.81
2012,finals,Detroit Red Wings,5.2,93.55,3.46,67.56,0,43.31,80,0,22.52,92.31,0.923,0.2,6.84
2012,finals,Nashville Predators,7.52,95.61,7.52,67.68,2.15,41.9,70,1.07,16.11,87.8,0.878,0.34,5.74
2013,quarter-finals,New York Islanders,11.87,120.66,7.91,87.03,5.93,65.27,55.56,0,19.78,77.42,1.108,0.26,9.09
2013,quarter-finals,Pittsburgh Penguins,6.55,94.95,6.55,73.67,3.27,50.75,100,0,24.56,93.55,0.935,0.35,6.47
2013,quarter-finals,Ottawa Senators,18.11,112.27,10.87,85.11,5.43,43.46,80,1.81,19.92,91.43,1.114,0.52,7.46
2013,quarter-finals,Montreal Canadiens,21.01,101.8,17.77,64.63,9.69,30.7,40,8.08,14.54,78.57,0.786,1.35,4.57
2013,quarter-finals,New York Rangers,15.5,112.92,11.07,77.49,8.86,70.85,90.91,6.64,37.64,86.36,0.864,0.87,10.29
2013,quarter-finals,Washington Capitals,9.64,122.85,7.23,80.7,6.02,66.24,92.86,2.41,25.29,95.45,0.955,0.49,7.4
2013,quarter-finals,Toronto Maple Leafs,8.7,97.49,5.22,69.63,1.74,48.74,77.78,1.74,20.89,90,1.4,0.29,6.57
2013,quarter-finals,Boston Bruins,21.44,85.76,19.65,66.1,7.15,37.52,69.23,3.57,25.01,84.38,0.969,1.11,7.84
2013,quarter-finals,Minnesota Wild,7.13,64.16,7.13,47.52,7.13,26.14,80,0,11.88,88.24,0.882,0.63,4.24
2013,quarter-finals,Chicago Blackhawks,16.58,119.75,12.9,82.91,7.37,55.27,100,1.84,22.11,100,1.167,0.98,8.35
2013,quarter-finals,Detroit Red Wings,8.99,106.37,7.49,77.9,7.49,56.93,69.23,4.49,20.97,82.05,1.021,0.79,7.32
2013,quarter-finals,Anaheim Ducks,19.14,114.85,17.67,91.29,5.89,60.37,55.56,2.94,17.67,84.21,0.953,0.67,7.67
2013,quarter-finals,San Jose Sharks,0,107.69,0,69.23,0,50,80,0,19.23,83.33,NA,0,6.14
2013,quarter-finals,Vancouver Canucks,14.89,124.08,14.89,89.34,3.31,72.79,76.47,0,31.43,84.44,0.844,0.49,8.76
2013,quarter-finals,Los Angeles Kings,7.79,103.25,5.84,81.82,3.9,54.55,66.67,0,23.38,90.91,0.909,0.36,7.63
2013,quarter-finals,St Louis Blues,17.78,88.92,17.78,55.89,12.7,48.27,75,7.62,20.32,84.62,1.046,1.3,5.36
2013,semi-finals,New York Islanders,11.87,120.66,7.91,87.03,5.93,65.27,55.56,0,19.78,77.42,1.108,0.26,9.09
2013,semi-finals,Pittsburgh Penguins,6.27,100.27,6.27,75.21,3.58,47.45,94.74,0.9,22.38,92.98,1.33,0.46,6.59
2013,semi-finals,Ottawa Senators,19.81,108.52,12.06,87.85,9.47,48.23,73.68,3.44,17.22,88.61,1.136,0.76,7.96
2013,semi-finals,Montreal Canadiens,21.01,101.8,17.77,64.63,9.69,30.7,40,8.08,14.54,78.57,0.786,1.35,4.57
2013,semi-finals,New York Rangers,14.75,110.66,11.07,78.69,8.61,57.79,93.75,6.15,29.51,84.44,0.844,0.8,9.1
2013,semi-finals,Washington Capitals,9.64,122.85,7.23,80.7,6.02,66.24,92.86,2.41,25.29,95.45,0.955,0.49,7.4
2013,semi-finals,Toronto Maple Leafs,8.7,97.49,5.22,69.63,1.74,48.74,77.78,1.74,20.89,90,1.4,0.29,6.57
2013,semi-finals,Boston Bruins,17.32,86.61,16.36,64.47,4.81,39.45,73.68,2.89,21.17,86.54,0.942,1.02,6.77
2013,semi-finals,Minnesota Wild,7.13,64.16,7.13,47.52,7.13,26.14,80,0,11.88,88.24,0.882,0.63,4.24
2013,semi-finals,Chicago Blackhawks,20.49,109.52,14.97,78.79,9.46,47.28,100,1.58,22.85,98.51,1.048,0.68,7.26
2013,semi-finals,Detroit Red Wings,6.85,89.79,5.33,64.68,5.33,41.85,68.42,2.28,15.98,84.06,0.983,0.5,5.63
2013,semi-finals,Anaheim Ducks,19.14,114.85,17.67,91.29,5.89,60.37,55.56,2.94,17.67,84.21,0.953,0.67,7.67
2013,semi-finals,San Jose Sharks,3.7,112.31,3.7,72.81,1.23,50.6,58.33,0,19.75,80.56,0.806,0.23,7.12
2013,semi-finals,Vancouver Canucks,14.89,124.08,14.89,89.34,3.31,72.79,76.47,0,31.43,84.44,0.844,0.49,8.76
2013,semi-finals,Los Angeles Kings,11.49,99.32,6.57,75.51,4.92,48.43,73.33,0,19.7,88.68,0.887,0.41,6.6
2013,semi-finals,St Louis Blues,17.78,88.92,17.78,55.89,12.7,48.27,75,7.62,20.32,84.62,1.046,1.3,5.36
2013,finals,New York Islanders,11.87,120.66,7.91,87.03,5.93,65.27,55.56,0,19.78,77.42,1.108,0.26,9.09
2013,finals,Pittsburgh Penguins,7.75,89.13,7.1,66.52,3.88,40.04,95.45,0.65,18.08,94.29,1.165,0.43,5.58
2013,finals,Ottawa Senators,19.81,108.52,12.06,87.85,9.47,48.23,73.68,3.44,17.22,88.61,1.136,0.76,7.96
2013,finals,Montreal Canadiens,21.01,101.8,17.77,64.63,9.69,30.7,40,8.08,14.54,78.57,0.786,1.35,4.57
2013,finals,New York Rangers,14.75,110.66,11.07,78.69,8.61,57.79,93.75,6.15,29.51,84.44,0.844,0.8,9.1
2013,finals,Washington Capitals,9.64,122.85,7.23,80.7,6.02,66.24,92.86,2.41,25.29,95.45,0.955,0.49,7.4
2013,finals,Toronto Maple Leafs,8.7,97.49,5.22,69.63,1.74,48.74,77.78,1.74,20.89,90,1.4,0.29,6.57
2013,finals,Boston Bruins,17.07,94.53,15.75,69.58,6.56,44.64,80.77,2.63,20.35,91.14,0.97,0.93,6.89
2013,finals,Minnesota Wild,7.13,64.16,7.13,47.52,7.13,26.14,80,0,11.88,88.24,0.882,0.63,4.24
2013,finals,Chicago Blackhawks,16.98,109.26,13.02,76.43,7.36,45.29,95.83,1.13,17.55,96.67,1.019,0.58,6.56
2013,finals,Detroit Red Wings,6.85,89.79,5.33,64.68,5.33,41.85,68.42,2.28,15.98,84.06,0.983,0.5,5.63
2013,finals,Anaheim Ducks,19.14,114.85,17.67,91.29,5.89,60.37,55.56,2.94,17.67,84.21,0.953,0.67,7.67
2013,finals,San Jose Sharks,3.7,112.31,3.7,72.81,1.23,50.6,58.33,0,19.75,80.56,0.806,0.23,7.12
2013,finals,Vancouver Canucks,14.89,124.08,14.89,89.34,3.31,72.79,76.47,0,31.43,84.44,0.844,0.49,8.76
2013,finals,Los Angeles Kings,11.67,93.36,6.76,71.25,4.3,44.84,73.68,0.61,18.43,90,1.011,0.44,6.19
2013,finals,St Louis Blues,17.78,88.92,17.78,55.89,12.7,48.27,75,7.62,20.32,84.62,1.046,1.3,5.36
2014,quarter-finals,Detroit Red Wings,13.94,136.64,11.15,100.39,2.79,69.71,75,0,36.25,80.65,0.806,0.34,11.76
2014,quarter-finals,Boston Bruins,11.53,94.13,11.53,59.55,5.76,48.03,85.71,0,17.29,91.3,0.913,0.65,5.33
2014,quarter-finals,Montreal Canadiens,10.81,54.05,10.81,48.65,10.81,21.62,0,5.41,10.81,66.67,1.167,1.3,3.8
2014,quarter-finals,Tampa Bay Lightning,11.13,75.12,8.35,58.42,5.56,30.6,0,5.56,19.47,80,1.133,0.75,5.11
2014,quarter-finals,Columbus Blue Jackets,11.93,102.06,10.6,74.23,7.95,35.79,66.67,3.98,14.58,85.37,1.282,0.95,5.69
2014,quarter-finals,Pittsburgh Penguins,14.68,126.26,13.21,95.43,5.87,67.54,78.95,1.47,33.77,85.71,1.107,0.81,9.82
2014,quarter-finals,Philadelphia Flyers,8.24,91.79,4.71,56.49,2.35,45.9,90,1.18,12.95,90.91,0.909,0.19,5.47
2014,quarter-finals,New York Rangers,20.47,100.66,17.06,54.6,8.53,68.25,69.23,3.41,35.83,72.73,0.727,0.82,6.28
2014,quarter-finals,Minnesota Wild,16.44,72.6,12.33,50.68,4.11,42.47,71.43,1.37,15.07,88.46,1.027,0.53,7.01
2014,quarter-finals,Colorado Avalanche,17.98,98.09,14.71,70.3,9.81,42.51,75,6.54,22.89,89.66,1.182,1.25,5.59
2014,quarter-finals,Chicago Blackhawks,4.56,114.03,0,75.26,1.14,47.89,100,0,17.1,95.56,NA,0,6.16
2014,quarter-finals,St Louis Blues,16.84,92.61,15.15,62.3,11.79,42.1,60,3.37,10.1,88.46,0.885,1.07,5.23
2014,quarter-finals,Dallas Stars,9.58,98.52,8.21,73.89,5.47,57.47,63.16,1.37,31.47,82.93,1.163,0.39,8
2014,quarter-finals,Anaheim Ducks,8.23,105.81,8.23,82.3,3.53,62.31,92.86,2.35,23.51,93.02,1.13,0.42,8.43
2014,quarter-finals,Los Angeles Kings,17.18,133.97,11.45,99.62,3.44,61.83,90,0,24.05,93.22,0.932,0.47,9.53
2014,quarter-finals,San Jose Sharks,14.04,98.27,9.36,77.99,6.24,46.79,50,1.56,17.16,80.65,0.806,0.56,6.76
2014,semi-finals,Detroit Red Wings,13.94,136.64,11.15,100.39,2.79,69.71,75,0,36.25,80.65,0.806,0.34,11.76
2014,semi-finals,Boston Bruins,9.18,103.5,8.35,68.44,5.01,42.57,61.54,0,15.02,82.46,0.825,0.42,5.45
2014,semi-finals,Montreal Canadiens,14.41,102.32,14.41,76.38,7.21,49,66.67,4.32,21.62,86.84,1.035,0.91,7.24
2014,semi-finals,Tampa Bay Lightning,11.13,75.12,8.35,58.42,5.56,30.6,0,5.56,19.47,80,1.133,0.75,5.11
2014,semi-finals,Columbus Blue Jackets,11.93,102.06,10.6,74.23,7.95,35.79,66.67,3.98,14.58,85.37,1.282,0.95,5.69
2014,semi-finals,Pittsburgh Penguins,12.68,113.38,11.27,84.51,7.04,59.15,81.48,3.52,23.24,89.13,1.106,0.8,8.14
2014,semi-finals,Philadelphia Flyers,8.24,91.79,4.71,56.49,2.35,45.9,90,1.18,12.95,90.91,0.909,0.19,5.47
2014,semi-finals,New York Rangers,22.6,99.08,19.12,66.06,10.43,59.97,80.95,6.08,26.94,86.27,0.863,2.07,7.04
2014,semi-finals,Minnesota Wild,12.99,73.28,9.28,49.16,3.71,39.89,50,1.86,14.84,83.33,0.958,0.46,5.94
2014,semi-finals,Colorado Avalanche,17.98,98.09,14.71,70.3,9.81,42.51,75,6.54,22.89,89.66,1.182,1.25,5.59
2014,semi-finals,Chicago Blackhawks,5.17,106.36,1.48,73.12,1.48,45.79,95,0,19.94,93.85,0.938,0.06,6.28
2014,semi-finals,St Louis Blues,16.84,92.61,15.15,62.3,11.79,42.1,60,3.37,10.1,88.46,0.885,1.07,5.23
2014,semi-finals,Dallas Stars,9.58,98.52,8.21,73.89,5.47,57.47,63.16,1.37,31.47,82.93,1.163,0.39,8
2014,semi-finals,Anaheim Ducks,10.29,101.59,9.64,75.87,7.07,58.51,80,2.57,22.5,89.19,0.983,0.6,7.64
2014,semi-finals,Los Angeles Kings,16.25,120.28,12.35,89.07,3.25,60.47,80.95,0,23.41,90.32,0.903,0.46,8.49
2014,semi-finals,San Jose Sharks,14.04,98.27,9.36,77.99,6.24,46.79,50,1.56,17.16,80.65,0.806,0.56,6.76
2014,finals,Detroit Red Wings,13.94,136.64,11.15,100.39,2.79,69.71,75,0,36.25,80.65,0.806,0.34,11.76
2014,finals,Boston Bruins,9.18,103.5,8.35,68.44,5.01,42.57,61.54,0,15.02,82.46,0.825,0.42,5.45
2014,finals,Montreal Canadiens,15.79,99.06,12.92,72.5,7.18,55.27,73.68,2.87,21.54,85.51,1.022,0.75,6.82
2014,finals,Tampa Bay Lightning,11.13,75.12,8.35,58.42,5.56,30.6,0,5.56,19.47,80,1.133,0.75,5.11
2014,finals,Columbus Blue Jackets,11.93,102.06,10.6,74.23,7.95,35.79,66.67,3.98,14.58,85.37,1.282,0.95,5.69
2014,finals,Pittsburgh Penguins,12.68,113.38,11.27,84.51,7.04,59.15,81.48,3.52,23.24,89.13,1.106,0.8,8.14
2014,finals,Philadelphia Flyers,8.24,91.79,4.71,56.49,2.35,45.9,90,1.18,12.95,90.91,0.909,0.19,5.47
2014,finals,New York Rangers,22.46,96.27,18.72,67.92,9.63,52.41,83.87,5.88,25.67,89.16,0.939,1.59,6.55
2014,finals,Minnesota Wild,12.99,73.28,9.28,49.16,3.71,39.89,50,1.86,14.84,83.33,0.958,0.46,5.94
2014,finals,Colorado Avalanche,17.98,98.09,14.71,70.3,9.81,42.51,75,6.54,22.89,89.66,1.182,1.25,5.59
2014,finals,Chicago Blackhawks,5.38,110.23,2.69,77.43,2.15,46.24,89.29,0,20.97,89.25,1.092,0.12,6.55
2014,finals,St Louis Blues,16.84,92.61,15.15,62.3,11.79,42.1,60,3.37,10.1,88.46,0.885,1.07,5.23
2014,finals,Dallas Stars,9.58,98.52,8.21,73.89,5.47,57.47,63.16,1.37,31.47,82.93,1.163,0.39,8
2014,finals,Anaheim Ducks,10.29,101.59,9.64,75.87,7.07,58.51,80,2.57,22.5,89.19,0.983,0.6,7.64
2014,finals,Los Angeles Kings,14.72,114.08,11.5,83.72,4.14,55.66,80,0.46,24.38,88.1,0.881,0.46,8.03
2014,finals,San Jose Sharks,14.04,98.27,9.36,77.99,6.24,46.79,50,1.56,17.16,80.65,0.806,0.56,6.76
2015,quarter-finals,Montreal Canadiens,22.67,90.66,18.89,66.11,7.56,39.66,57.14,7.56,22.67,81.48,0.926,1.29,5.85
2015,quarter-finals,Ottawa Senators,19.64,121.09,16.36,88.36,13.09,45.82,100,3.27,21.27,97.5,0.975,0.97,6.66
2015,quarter-finals,Detroit Red Wings,4.88,100.14,4.88,80.6,4.88,42.74,85.71,2.44,19.54,95.92,1.293,0.47,6.04
2015,quarter-finals,Tampa Bay Lightning,16.17,102,13.68,72.15,8.71,49.76,75,6.22,16.17,87.5,1.075,1.88,5.76
2015,quarter-finals,Pittsburgh Penguins,12.42,93.14,10.87,72.96,7.76,48.12,83.33,0,26.39,90.91,0.909,0.52,7.48
2015,quarter-finals,New York Rangers,14.06,77.34,7.03,51.56,4.69,30.47,60,0,14.06,87.5,0.875,0.11,4.33
2015,quarter-finals,Washington Capitals,6.43,96.43,6.43,66.43,2.14,51.43,100,0,23.57,100,1,0.2,6.46
2015,quarter-finals,New York Islanders,12.81,120.43,10.25,81.99,7.69,66.62,100,2.56,28.19,92,0.92,0.63,8.6
2015,quarter-finals,Minnesota Wild,14.93,101.49,14.93,92.54,8.96,47.76,75,0,20.9,89.47,1.228,0.93,8.21
2015,quarter-finals,St Louis Blues,15.03,99.17,12.02,60.1,9.02,33.06,100,6.01,6.01,71.43,1.048,0.9,4.93
2015,quarter-finals,Chicago Blackhawks,19.49,85.04,14.17,72.64,10.63,53.15,42.86,3.54,12.4,79.31,0.793,0.74,8.06
2015,quarter-finals,Nashville Predators,8.39,81.77,8.39,48.22,0,31.45,50,0,14.68,82.35,0.824,0.29,4.11
2015,quarter-finals,Winnipeg Jets,13.28,102.95,9.96,89.67,6.64,63.1,66.67,3.32,23.25,83.33,0.833,0.68,8.33
2015,quarter-finals,Anaheim Ducks,15.96,79.82,13.3,63.86,2.66,39.91,100,2.66,13.3,89.47,0.895,0.52,5.58
2015,quarter-finals,Calgary Flames,6.81,104.48,6.81,63.6,0,43.15,60,0,11.36,86.96,0.87,0.33,5.03
2015,quarter-finals,Vancouver Canucks,18.24,70.68,15.96,61.56,6.84,43.32,66.67,2.28,15.96,73.68,0.737,0.9,5
2015,semi-finals,Montreal Canadiens,20.17,80.68,16.33,59.55,9.61,35.54,57.14,7.68,19.21,76.47,0.89,1.58,5.21
2015,semi-finals,Ottawa Senators,19.64,121.09,16.36,88.36,13.09,45.82,100,3.27,21.27,97.5,0.975,0.97,6.66
2015,semi-finals,Detroit Red Wings,4.88,100.14,4.88,80.6,4.88,42.74,85.71,2.44,19.54,95.92,1.293,0.47,6.04
2015,semi-finals,Tampa Bay Lightning,12.77,96.16,10.52,70.62,6.76,42.82,83.33,4.51,15.03,90.63,1.06,1.32,5.6
2015,semi-finals,Pittsburgh Penguins,12.42,93.14,10.87,72.96,7.76,48.12,83.33,0,26.39,90.91,0.909,0.52,7.48
2015,semi-finals,New York Rangers,13.51,83.33,9.01,59.68,6.76,41.66,83.33,1.13,20.27,92.11,0.921,0.51,5.96
2015,semi-finals,Washington Capitals,8,103.06,8,76.04,2,55.03,84.62,0,17.01,94.83,0.948,0.2,6.84
2015,semi-finals,New York Islanders,12.81,120.43,10.25,81.99,7.69,66.62,100,2.56,28.19,92,0.92,0.63,8.6
2015,semi-finals,Minnesota Wild,10.01,100.06,10.01,84.05,6,46.03,66.67,0,18.01,84.62,1.179,0.63,6.9
2015,semi-finals,St Louis Blues,15.03,99.17,12.02,60.1,9.02,33.06,100,6.01,6.01,71.43,1.048,0.9,4.93
2015,semi-finals,Chicago Blackhawks,16.78,92.28,13.18,76.7,8.39,53.93,57.14,3.6,19.17,79.55,1.045,1.1,8.46
2015,semi-finals,Nashville Predators,8.39,81.77,8.39,48.22,0,31.45,50,0,14.68,82.35,0.824,0.29,4.11
2015,semi-finals,Winnipeg Jets,13.28,102.95,9.96,89.67,6.64,63.1,66.67,3.32,23.25,83.33,0.833,0.68,8.33
2015,semi-finals,Anaheim Ducks,15.14,82.66,12.81,57.05,3.49,37.26,100,2.33,9.31,88.57,0.886,0.52,4.83
2015,semi-finals,Calgary Flames,11.21,117.72,11.21,84.09,3.36,52.69,56.25,1.12,21.3,84.21,0.967,0.64,6.62
2015,semi-finals,Vancouver Canucks,18.24,70.68,15.96,61.56,6.84,43.32,66.67,2.28,15.96,73.68,0.737,0.9,5
2015,finals,Montreal Canadiens,20.17,80.68,16.33,59.55,9.61,35.54,57.14,7.68,19.21,76.47,0.89,1.58,5.21
2015,finals,Ottawa Senators,19.64,121.09,16.36,88.36,13.09,45.82,100,3.27,21.27,97.5,0.975,0.97,6.66
2015,finals,Detroit Red Wings,4.88,100.14,4.88,80.6,4.88,42.74,85.71,2.44,19.54,95.92,1.293,0.47,6.04
2015,finals,Tampa Bay Lightning,14.78,95.8,11.72,69.3,7.64,45.35,78.26,4.59,16.82,86.46,1.001,1.41,6.18
2015,finals,Pittsburgh Penguins,12.42,93.14,10.87,72.96,7.76,48.12,83.33,0,26.39,90.91,0.909,0.52,7.48
2015,finals,New York Rangers,18.75,79.86,12.5,59.03,10.42,46.53,65,2.78,18.75,84.38,0.844,0.74,6
2015,finals,Washington Capitals,8,103.06,8,76.04,2,55.03,84.62,0,17.01,94.83,0.948,0.2,6.84
2015,finals,New York Islanders,12.81,120.43,10.25,81.99,7.69,66.62,100,2.56,28.19,92,0.92,0.63,8.6
2015,finals,Minnesota Wild,10.01,100.06,10.01,84.05,6,46.03,66.67,0,18.01,84.62,1.179,0.63,6.9
2015,finals,St Louis Blues,15.03,99.17,12.02,60.1,9.02,33.06,100,6.01,6.01,71.43,1.048,0.9,4.93
2015,finals,Chicago Blackhawks,14.45,95.52,12.04,79.46,8.03,48.16,60.87,4.01,20.07,83.33,1.133,0.95,8.3
2015,finals,Nashville Predators,8.39,81.77,8.39,48.22,0,31.45,50,0,14.68,82.35,0.824,0.29,4.11
2015,finals,Winnipeg Jets,13.28,102.95,9.96,89.67,6.64,63.1,66.67,3.32,23.25,83.33,0.833,0.68,8.33
2015,finals,Anaheim Ducks,12.58,85.38,11.25,58.25,4.63,39.05,85.71,2.65,11.91,85.71,0.857,0.61,5.17
2015,finals,Calgary Flames,11.21,117.72,11.21,84.09,3.36,52.69,56.25,1.12,21.3,84.21,0.967,0.64,6.62
2015,finals,Vancouver Canucks,18.24,70.68,15.96,61.56,6.84,43.32,66.67,2.28,15.96,73.68,0.737,0.9,5
2016,quarter-finals,New York Islanders,16.6,90.12,14.23,66.4,9.49,52.17,71.43,4.74,21.34,90,0.9,1.12,5.21
2016,quarter-finals,Florida Panthers,8.94,91.21,7.15,73.32,7.15,53.65,66.67,1.79,19.67,82.14,0.821,0.49,5.4
2016,quarter-finals,Detroit Red Wings,6.77,86.36,6.77,57.57,5.08,30.48,80,1.69,10.16,83.33,0.833,0.49,4.55
2016,quarter-finals,Tampa Bay Lightning,10.29,107.31,8.82,64.68,5.88,49.98,100,5.88,16.17,96.3,0.963,1.12,5.58
2016,quarter-finals,Philadelphia Flyers,4.61,147.44,4.61,107.51,1.54,75.26,63.64,0,27.65,81.4,0.814,0.14,9.29
2016,quarter-finals,Washington Capitals,12.92,92.06,11.31,67.83,6.46,46.84,100,1.62,19.38,96.67,0.967,0.55,6.83
2016,quarter-finals,New York Rangers,12.93,99.16,12.93,77.6,6.47,58.2,66.67,4.31,28.02,63.64,0.836,0.78,8.18
2016,quarter-finals,Pittsburgh Penguins,15.01,103.18,13.13,78.79,7.5,43.15,66.67,5.63,18.76,92.86,1.179,0.86,6.03
2016,quarter-finals,Minnesota Wild,13.98,103.11,10.49,68.16,5.24,61.17,77.78,1.75,19.22,87.88,0.879,0.64,6.83
2016,quarter-finals,Dallas Stars,5.09,84.02,2.55,56.01,2.55,38.19,71.43,0,25.46,75,0.75,0.11,6.54
2016,quarter-finals,Chicago Blackhawks,19.96,115.74,11.97,79.82,7.98,55.88,83.33,0,17.96,80,0.967,0.57,6.87
2016,quarter-finals,St Louis Blues,5.76,103.62,5.76,76.76,3.84,51.81,69.23,0,24.95,80,0.8,0.46,8.46
2016,quarter-finals,Nashville Predators,15.67,90.52,15.67,64.41,5.22,47,80,3.48,24.37,88,0.88,0.9,7.16
2016,quarter-finals,Anaheim Ducks,4.44,94.62,4.44,63.57,1.48,47.31,100,1.48,11.83,97.14,0.971,0.33,5.07
2016,quarter-finals,San Jose Sharks,0,154.21,0,111.67,0,85.08,84.62,0,53.18,88,NA,0,11.59
2016,quarter-finals,Los Angeles Kings,9.54,141.18,9.54,91.57,9.54,72.5,62.5,3.82,32.43,82.76,1.078,0.94,8.72
2016,semi-finals,New York Islanders,14.75,85.34,12.64,62.16,8.43,47.41,78.57,3.16,17.91,87.5,0.875,0.76,4.66
2016,semi-finals,Florida Panthers,8.94,91.21,7.15,73.32,7.15,53.65,66.67,1.79,19.67,82.14,0.821,0.49,5.4
2016,semi-finals,Detroit Red Wings,6.77,86.36,6.77,57.57,5.08,30.48,80,1.69,10.16,83.33,0.833,0.49,4.55
2016,semi-finals,Tampa Bay Lightning,12.47,100.6,10.81,69.84,4.99,49.05,82.35,3.33,19.95,90.57,0.906,0.83,5.82
2016,semi-finals,Philadelphia Flyers,4.61,147.44,4.61,107.51,1.54,75.26,63.64,0,27.65,81.4,0.814,0.14,9.29
2016,semi-finals,Washington Capitals,11.82,107.3,10.91,79.11,5.46,60.02,86.96,1.82,24.55,93.44,0.934,0.45,7.84
2016,semi-finals,New York Rangers,12.93,99.16,12.93,77.6,6.47,58.2,66.67,4.31,28.02,63.64,0.836,0.78,8.18
2016,semi-finals,Pittsburgh Penguins,13.31,102.07,11.54,77.22,5.33,53.25,73.33,3.55,17.75,87.5,1,0.69,6.71
2016,semi-finals,Minnesota Wild,13.98,103.11,10.49,68.16,5.24,61.17,77.78,1.75,19.22,87.88,0.879,0.64,6.83
2016,semi-finals,Dallas Stars,13.36,87.94,8.91,66.79,5.57,50.09,66.67,3.34,26.72,77.27,0.773,0.59,7.39
2016,semi-finals,Chicago Blackhawks,19.96,115.74,11.97,79.82,7.98,55.88,83.33,0,17.96,80,0.967,0.57,6.87
2016,semi-finals,St Louis Blues,5.67,96.43,5.67,69.96,1.89,43.49,77.27,0,23.63,84.91,0.849,0.23,7.35
2016,semi-finals,Nashville Predators,12.54,112.89,11.71,81.11,4.18,53.52,65.22,1.67,26.76,81.54,0.815,0.57,8.14
2016,semi-finals,Anaheim Ducks,5.21,92.44,3.91,62.5,1.3,44.27,100,1.3,13.02,97.37,0.974,0.29,4.94
2016,semi-finals,San Jose Sharks,7.24,128.31,6.21,96.23,1.03,67.26,87.5,0,25.87,90.32,0.903,0.12,7.95
2016,semi-finals,Los Angeles Kings,9.54,141.18,9.54,91.57,9.54,72.5,62.5,3.82,32.43,82.76,1.078,0.94,8.72
2016,finals,New York Islanders,14.75,85.34,12.64,62.16,8.43,47.41,78.57,3.16,17.91,87.5,0.875,0.76,4.66
2016,finals,Florida Panthers,8.94,91.21,7.15,73.32,7.15,53.65,66.67,1.79,19.67,82.14,0.821,0.49,5.4
2016,finals,Detroit Red Wings,6.77,86.36,6.77,57.57,5.08,30.48,80,1.69,10.16,83.33,0.833,0.49,4.55
2016,finals,Tampa Bay Lightning,11.11,106.88,9.52,78.31,5.29,52.38,80,3.7,19.05,90.91,0.909,0.83,6.42
2016,finals,Philadelphia Flyers,4.61,147.44,4.61,107.51,1.54,75.26,63.64,0,27.65,81.4,0.814,0.14,9.29
2016,finals,Washington Capitals,11.82,107.3,10.91,79.11,5.46,60.02,86.96,1.82,24.55,93.44,0.934,0.45,7.84
2016,finals,New York Rangers,12.93,99.16,12.93,77.6,6.47,58.2,66.67,4.31,28.02,63.64,0.836,0.78,8.18
2016,finals,Pittsburgh Penguins,12.27,100.21,10.91,74.99,5.45,50.44,73.91,2.73,19.09,88,0.971,0.65,6.75
2016,finals,Minnesota Wild,13.98,103.11,10.49,68.16,5.24,61.17,77.78,1.75,19.22,87.88,0.879,0.64,6.83
2016,finals,Dallas Stars,13.36,87.94,8.91,66.79,5.57,50.09,66.67,3.34,26.72,77.27,0.773,0.59,7.39
2016,finals,Chicago Blackhawks,19.96,115.74,11.97,79.82,7.98,55.88,83.33,0,17.96,80,0.967,0.57,6.87
2016,finals,St Louis Blues,9.22,95.22,8.6,69.42,4.91,46.08,75.86,1.84,20.89,84.21,0.933,0.42,6.89
2016,finals,Nashville Predators,12.54,112.89,11.71,81.11,4.18,53.52,65.22,1.67,26.76,81.54,0.815,0.57,8.14
2016,finals,Anaheim Ducks,5.21,92.44,3.91,62.5,1.3,44.27,100,1.3,13.02,97.37,0.974,0.29,4.94
2016,finals,San Jose Sharks,7.22,113.4,6.5,85.96,2.89,58.51,78.26,0.72,23.84,88.1,0.881,0.42,7.31
2016,finals,Los Angeles Kings,9.54,141.18,9.54,91.57,9.54,72.5,62.5,3.82,32.43,82.76,1.078,0.94,8.72
2017,quarter-finals,Montreal Canadiens,28.09,84.26,28.09,61.28,5.11,40.85,100,0,10.21,94.44,0.944,0.74,4.23
2017,quarter-finals,New York Rangers,13.17,88.93,8.23,67.52,0,37.88,100,0,16.47,90.63,1.106,0.15,5.35
2017,quarter-finals,Boston Bruins,9.63,88.31,8.03,56.2,8.03,38.54,80,3.21,12.85,80.77,1.058,0.45,4.2
2017,quarter-finals,Ottawa Senators,10.2,107.08,7.65,71.39,0,45.89,100,0,10.2,80,0.8,0.13,4.63
2017,quarter-finals,Toronto Maple Leafs,12.12,104.24,12.12,84.85,4.85,48.48,33.33,2.42,9.7,77.27,0.773,0.45,5.96
2017,quarter-finals,Washington Capitals,3.77,96.03,3.77,71.55,0,45.19,85.71,0,20.71,88.89,0.889,0.06,6.49
2017,quarter-finals,Columbus Blue Jackets,17.83,132.48,10.19,101.91,5.1,94.27,80,0,30.57,81.48,0.815,0.32,13.81
2017,quarter-finals,Pittsburgh Penguins,23.43,105.45,17.58,90.81,14.65,58.58,88.89,14.65,26.36,92.59,1.093,1.22,8.36
2017,quarter-finals,Nashville Predators,7.94,95.26,3.97,67.48,0,43.66,100,0,3.97,81.82,0.818,0.11,4.81
2017,quarter-finals,Chicago Blackhawks,4.12,82.47,0,45.36,0,41.24,100,0,4.12,87.5,NA,0,3.91
2017,quarter-finals,St Louis Blues,14.1,65.23,12.34,49.36,5.29,31.73,60,1.76,12.34,86.36,0.864,0.52,4.73
2017,quarter-finals,Minnesota Wild,14.14,108.38,11.78,89.53,0,51.83,80,0,21.2,96.3,0.963,0.41,6.57
2017,quarter-finals,Calgary Flames,8.23,107.01,8.23,76.83,8.23,52.13,100,5.49,27.44,84.21,1.175,1.13,6.44
2017,quarter-finals,Anaheim Ducks,7.96,119.38,5.31,103.46,2.65,71.63,53.85,0,39.79,77.78,0.778,0.25,11.94
2017,quarter-finals,San Jose Sharks,8.9,120.15,6.67,68.97,6.67,62.3,50,4.45,15.57,91.67,0.917,0.57,5.98
2017,quarter-finals,Edmonton Oilers,23.28,107.33,16.81,72.41,12.93,58.19,75,2.59,24.57,85.71,1.079,1.58,7.48
2017,semi-finals,Montreal Canadiens,28.09,84.26,28.09,61.28,5.11,40.85,100,0,10.21,94.44,0.944,0.74,4.23
2017,semi-finals,New York Rangers,19.13,84.74,16.4,60.14,5.47,38.27,100,0.91,16.4,92.16,1.136,1.25,5.26
2017,semi-finals,Boston Bruins,9.63,88.31,8.03,56.2,8.03,38.54,80,3.21,12.85,80.77,1.058,0.45,4.2
2017,semi-finals,Ottawa Senators,14.12,112.97,12.1,83.72,6.05,49.43,93.33,5.04,25.22,90.57,0.906,0.8,6.45
2017,semi-finals,Toronto Maple Leafs,12.12,104.24,12.12,84.85,4.85,48.48,33.33,2.42,9.7,77.27,0.773,0.45,5.96
2017,semi-finals,Washington Capitals,8.61,88.73,6.89,66.33,3.45,46.52,87.5,0.86,20.67,89.09,0.891,0.3,5.97
2017,semi-finals,Columbus Blue Jackets,17.83,132.48,10.19,101.91,5.1,94.27,80,0,30.57,81.48,0.815,0.32,13.81
2017,semi-finals,Pittsburgh Penguins,12.87,104.95,9.9,79.21,6.93,54.46,85,6.93,23.76,89.06,1.113,0.74,7.59
2017,semi-finals,Nashville Predators,5.54,90.03,4.16,65.1,2.77,42.94,100,1.39,12.47,89.66,0.897,0.45,5.81
2017,semi-finals,Chicago Blackhawks,4.12,82.47,0,45.36,0,41.24,100,0,4.12,87.5,NA,0,3.91
2017,semi-finals,St Louis Blues,8.68,89.71,7.72,68.49,2.89,40.51,61.54,0.96,18.33,86.54,0.865,0.29,6.87
2017,semi-finals,Minnesota Wild,14.14,108.38,11.78,89.53,0,51.83,80,0,21.2,96.3,0.963,0.41,6.57
2017,semi-finals,Calgary Flames,8.23,107.01,8.23,76.83,8.23,52.13,100,5.49,27.44,84.21,1.175,1.13,6.44
2017,semi-finals,Anaheim Ducks,8.4,121.27,7.46,94.22,1.87,78.36,65.63,0.93,38.25,81.69,0.817,0.28,11.52
2017,semi-finals,San Jose Sharks,8.9,120.15,6.67,68.97,6.67,62.3,50,4.45,15.57,91.67,0.917,0.57,5.98
2017,semi-finals,Edmonton Oilers,15.94,113.69,11.79,81.11,8.32,62.39,88.46,2.08,26.34,90.67,1.088,0.97,8.17
2017,finals,Montreal Canadiens,28.09,84.26,28.09,61.28,5.11,40.85,100,0,10.21,94.44,0.944,0.74,4.23
2017,finals,New York Rangers,19.13,84.74,16.4,60.14,5.47,38.27,100,0.91,16.4,92.16,1.136,1.25,5.26
2017,finals,Boston Bruins,9.63,88.31,8.03,56.2,8.03,38.54,80,3.21,12.85,80.77,1.058,0.45,4.2
2017,finals,Ottawa Senators,14.53,110.33,12.55,83.91,4.62,51.53,80,3.3,26.43,86.9,0.869,0.66,7.06
2017,finals,Toronto Maple Leafs,12.12,104.24,12.12,84.85,4.85,48.48,33.33,2.42,9.7,77.27,0.773,0.45,5.96
2017,finals,Washington Capitals,8.61,88.73,6.89,66.33,3.45,46.52,87.5,0.86,20.67,89.09,0.891,0.3,5.97
2017,finals,Columbus Blue Jackets,17.83,132.48,10.19,101.91,5.1,94.27,80,0,30.57,81.48,0.815,0.32,13.81
2017,finals,Pittsburgh Penguins,13.73,99.88,11.86,73.66,8.12,46.82,88.89,6.24,21.22,91.21,1.037,0.82,6.8
2017,finals,Nashville Predators,6.52,97.8,4.89,73.35,3.26,48.09,100,2.45,13.04,90.57,0.906,0.38,6.03
2017,finals,Chicago Blackhawks,4.12,82.47,0,45.36,0,41.24,100,0,4.12,87.5,NA,0,3.91
2017,finals,St Louis Blues,8.68,89.71,7.72,68.49,2.89,40.51,61.54,0.96,18.33,86.54,0.865,0.29,6.87
2017,finals,Minnesota Wild,14.14,108.38,11.78,89.53,0,51.83,80,0,21.2,96.3,0.963,0.41,6.57
2017,finals,Calgary Flames,8.23,107.01,8.23,76.83,8.23,52.13,100,5.49,27.44,84.21,1.175,1.13,6.44
2017,finals,Anaheim Ducks,8.11,108.3,6.95,83.4,2.9,63.71,67.57,1.16,28.96,84.69,0.847,0.32,9.41
2017,finals,San Jose Sharks,8.9,120.15,6.67,68.97,6.67,62.3,50,4.45,15.57,91.67,0.917,0.57,5.98
2017,finals,Edmonton Oilers,15.94,113.69,11.79,81.11,8.32,62.39,88.46,2.08,26.34,90.67,1.088,0.97,8.17
2018,quarter-finals,New Jersey Devils,13.08,114.02,13.08,97.2,7.48,54.21,66.67,3.74,18.69,86.49,1.008,1.19,8.06
2018,quarter-finals,Tampa Bay Lightning,7.6,112.08,7.6,87.39,3.8,36.09,75,3.8,9.5,91.43,0.914,0.46,5.93
2018,quarter-finals,Toronto Maple Leafs,13.06,96.33,11.43,76.73,4.9,57.14,25,3.27,19.59,79.41,0.994,0.54,7.37
2018,quarter-finals,Boston Bruins,16.96,113.86,14.54,84.79,4.85,55.72,33.33,0,19.38,82.61,0.826,0.45,7.6
2018,quarter-finals,Columbus Blue Jackets,14.42,126.87,14.42,92.27,8.65,56.23,83.33,2.88,17.3,82.69,1.027,0.98,8.7
2018,quarter-finals,Washington Capitals,14.95,85.22,11.96,61.3,4.49,46.35,85.71,2.99,14.95,86.21,1.005,0.77,5.07
2018,quarter-finals,Philadelphia Flyers,17.8,75.31,15.06,53.4,4.11,41.08,60,4.11,10.95,78.26,0.874,0.97,5.1
2018,quarter-finals,Pittsburgh Penguins,9.48,79.02,7.9,52.15,3.16,44.25,100,0,22.12,90.91,0.909,0.24,4.38
2018,quarter-finals,Colorado Avalanche,13.4,101.49,11.49,68.94,3.83,44.04,75,0,15.32,88.46,0.885,0.42,5.4
2018,quarter-finals,Nashville Predators,28.19,70.48,24.67,58.15,10.57,38.77,80,5.29,12.33,92.31,0.923,1.17,4.91
2018,quarter-finals,Minnesota Wild,17.48,122.33,14.56,75.73,8.74,43.69,0,8.74,14.56,82.35,0.824,1.26,4.74
2018,quarter-finals,Winnipeg Jets,5.67,124.72,2.83,82.2,2.83,59.53,40,0,22.68,85,NA,0.21,7.38
2018,quarter-finals,Los Angeles Kings,5.45,111.65,5.45,84.42,0,40.85,75,0,16.34,94.74,0.947,0,6.53
2018,quarter-finals,Vegas Golden Knights,17.72,88.61,15.19,63.29,7.59,27.85,100,0,10.13,95.24,0.952,0.51,3.95
2018,quarter-finals,San Jose Sharks,11.6,107.33,11.6,75.42,5.8,55.12,100,2.9,23.21,90.48,0.905,0.54,7.37
2018,quarter-finals,Anaheim Ducks,30.93,135.34,30.93,110.2,9.67,79.27,64.71,5.8,48.34,83.33,0.833,1.83,12.29
2018,semi-finals,New Jersey Devils,13.08,114.02,13.08,97.2,7.48,54.21,66.67,3.74,18.69,86.49,1.008,1.19,8.06
2018,semi-finals,Tampa Bay Lightning,6.47,126.82,6.47,95.76,2.59,56.94,76.92,2.59,19.41,86.67,0.867,0.32,7.71
2018,semi-finals,Toronto Maple Leafs,13.06,96.33,11.43,76.73,4.9,57.14,25,3.27,19.59,79.41,0.994,0.54,7.37
2018,semi-finals,Boston Bruins,17.96,101.44,15.85,76.08,5.28,50.72,61.54,2.11,16.91,81.63,0.916,0.68,6.96
2018,semi-finals,Columbus Blue Jackets,14.42,126.87,14.42,92.27,8.65,56.23,83.33,2.88,17.3,82.69,1.027,0.98,8.7
2018,semi-finals,Washington Capitals,20.47,98.81,16.91,73,7.12,49.85,76.19,5.34,24.04,84.75,0.91,1.07,7.4
2018,semi-finals,Philadelphia Flyers,17.8,75.31,15.06,53.4,4.11,41.08,60,4.11,10.95,78.26,0.874,0.97,5.1
2018,semi-finals,Pittsburgh Penguins,9.76,86.88,8.79,57.59,2.93,50.76,93.33,0,20.5,84.62,0.846,0.23,4.72
2018,semi-finals,Colorado Avalanche,13.4,101.49,11.49,68.94,3.83,44.04,75,0,15.32,88.46,0.885,0.42,5.4
2018,semi-finals,Nashville Predators,27.73,71.71,25.82,58.33,10.52,42.07,72.73,5.74,13.39,87.76,0.921,1.21,5.48
2018,semi-finals,Minnesota Wild,17.48,122.33,14.56,75.73,8.74,43.69,0,8.74,14.56,82.35,0.824,1.26,4.74
2018,semi-finals,Winnipeg Jets,7.28,111.59,4.85,80.05,2.43,57.01,66.67,1.21,14.56,83.67,0.837,0.18,6.53
2018,semi-finals,Los Angeles Kings,5.45,111.65,5.45,84.42,0,40.85,75,0,16.34,94.74,0.947,0,6.53
2018,semi-finals,Vegas Golden Knights,16.34,126.2,13.62,85.35,7.26,53.57,90.91,1.82,27.24,91.67,0.917,0.87,8.25
2018,semi-finals,San Jose Sharks,15.25,107.68,14.36,79.86,5.38,51.15,82.35,1.79,25.12,87.3,0.873,0.63,6.94
2018,semi-finals,Anaheim Ducks,30.93,135.34,30.93,110.2,9.67,79.27,64.71,5.8,48.34,83.33,0.833,1.83,12.29
2018,finals,New Jersey Devils,13.08,114.02,13.08,97.2,7.48,54.21,66.67,3.74,18.69,86.49,1.008,1.19,8.06
2018,finals,Tampa Bay Lightning,8.37,129.77,8.37,94.6,3.35,56.09,82.61,2.51,24.28,86.81,0.868,0.32,8.08
2018,finals,Toronto Maple Leafs,13.06,96.33,11.43,76.73,4.9,57.14,25,3.27,19.59,79.41,0.994,0.54,7.37
2018,finals,Boston Bruins,17.96,101.44,15.85,76.08,5.28,50.72,61.54,2.11,16.91,81.63,0.916,0.68,6.96
2018,finals,Columbus Blue Jackets,14.42,126.87,14.42,92.27,8.65,56.23,83.33,2.88,17.3,82.69,1.027,0.98,8.7
2018,finals,Washington Capitals,16.51,92.97,13.46,69.72,6.73,47.71,72,4.89,22.02,81.48,0.87,0.9,6.82
2018,finals,Philadelphia Flyers,17.8,75.31,15.06,53.4,4.11,41.08,60,4.11,10.95,78.26,0.874,0.97,5.1
2018,finals,Pittsburgh Penguins,9.76,86.88,8.79,57.59,2.93,50.76,93.33,0,20.5,84.62,0.846,0.23,4.72
2018,finals,Colorado Avalanche,13.4,101.49,11.49,68.94,3.83,44.04,75,0,15.32,88.46,0.885,0.42,5.4
2018,finals,Nashville Predators,27.73,71.71,25.82,58.33,10.52,42.07,72.73,5.74,13.39,87.76,0.921,1.21,5.48
2018,finals,Minnesota Wild,17.48,122.33,14.56,75.73,8.74,43.69,0,8.74,14.56,82.35,0.824,1.26,4.74
2018,finals,Winnipeg Jets,8.89,121.78,5.33,82.67,1.78,59.56,69.23,0.89,16.89,85.07,0.851,0.16,6.75
2018,finals,Los Angeles Kings,5.45,111.65,5.45,84.42,0,40.85,75,0,16.34,94.74,0.947,0,6.53
2018,finals,Vegas Golden Knights,15.76,125.42,13.24,87.61,5.67,54.2,90.63,1.89,25.84,90.2,0.902,0.74,8.11
2018,finals,San Jose Sharks,15.25,107.68,14.36,79.86,5.38,51.15,82.35,1.79,25.12,87.3,0.873,0.63,6.94
2018,finals,Anaheim Ducks,30.93,135.34,30.93,110.2,9.67,79.27,64.71,5.8,48.34,83.33,0.833,1.83,12.29
2019,quarter-finals,Columbus Blue Jackets,11.96,83.72,5.98,65.78,11.96,47.84,66.67,0,17.94,88.89,1.889,0.32,4.86
2019,quarter-finals,Tampa Bay Lightning,17.21,89.48,13.77,65.39,10.33,37.86,66.67,6.88,13.77,66.67,1.167,1.09,4.55
2019,quarter-finals,Toronto Maple Leafs,17.71,92.99,15.5,84.13,13.28,64.21,70,4.43,26.57,78.79,0.788,1.22,7.53
2019,quarter-finals,Boston Bruins,8.93,104.96,4.47,80.4,0,60.3,50,0,17.87,86.96,0.87,0.01,6.25
2019,quarter-finals,Carolina Hurricanes,8.23,120.78,8.23,93.33,5.49,67.25,69.23,2.74,31.57,84.62,1.346,0.58,8.56
2019,quarter-finals,Washington Capitals,14.97,88.44,13.61,62.59,1.36,28.57,100,0,10.88,91.43,0.914,0.36,4.57
2019,quarter-finals,Pittsburgh Penguins,8.66,106.82,8.66,80.83,5.77,72.17,81.82,5.77,37.53,91.3,0.913,0.44,9.22
2019,quarter-finals,New York Islanders,21.5,113.65,21.5,64.51,0,64.51,100,0,21.5,92.31,0.923,0.47,5.94
2019,quarter-finals,Dallas Stars,10.08,98.77,6.05,60.47,6.05,52.41,100,4.03,26.2,100,1,0.5,5.02
2019,quarter-finals,Nashville Predators,14,115.13,12.45,93.34,7.78,70.01,100,1.56,20.22,90.48,0.905,0.56,8.42
2019,quarter-finals,St Louis Blues,21.97,93.36,21.97,71.4,5.49,46.68,100,0,13.73,76.92,0.769,0.69,5.75
2019,quarter-finals,Winnipeg Jets,18.54,105.03,16.48,86.5,12.36,53.55,77.78,4.12,26.77,81.48,0.958,0.63,10.6
2019,quarter-finals,Colorado Avalanche,14.14,107.07,14.14,74.75,8.08,38.38,66.67,2.02,16.16,80,1.133,1.14,5.64
2019,quarter-finals,Calgary Flames,23.5,98.69,17.23,67.36,7.83,45.43,81.82,6.27,20.37,86.49,0.865,1.44,7.09
2019,quarter-finals,Vegas Golden Knights,17.97,132.54,13.48,90.98,8.99,69.64,84.62,4.49,41.56,88.24,1.105,0.89,10.39
2019,quarter-finals,San Jose Sharks,11.58,104.18,8.68,76.69,5.79,57.88,75,0,28.94,80.49,1.055,0.24,8.37
